Creating test database for alias 'default'...
Got an error creating the test database: database "test_smartquotation" already exists

Destroying old test database for alias 'default'...
/home/rcosta00/dev/SmartQuotation/backend/.venv/lib/python3.13/site-packages/django/core/handlers/base.py:61: UserWarning: No directory at: /home/rcosta00/dev/SmartQuotation/backend/staticfiles/
  mw_instance = middleware(adapted_handler)
........................................................................EEEEEEEEEEEEEEEEEEEEEEEEEEEEEEEEEEEEEEEEEEEEEEEEEEEEEEEEEEEEEEEEEEEEEEEEEEEEEEEEEEEEEEEEEEEEEEEEEEEEEEEEEEEEEEEEEEEEEEEEEEEEEEEEEEEEEEEEEEEEEEEE........................................EE...........
======================================================================
ERROR: setUpClass (apps.access.tests_workflow.WorkflowSeedTests)
----------------------------------------------------------------------
Traceback (most recent call last):
  File "/home/rcosta00/dev/SmartQuotation/backend/.venv/lib/python3.13/site-packages/django/db/backends/utils.py", line 103, in _execute
    return self.cursor.execute(sql)
           ~~~~~~~~~~~~~~~~~~~^^^^^
psycopg2.OperationalError: server closed the connection unexpectedly
	This probably means the server terminated abnormally
	before or while processing the request.


The above exception was the direct cause of the following exception:

Traceback (most recent call last):
  File "/home/rcosta00/dev/SmartQuotation/backend/.venv/lib/python3.13/site-packages/django_tenants/models.py", line 118, in save
    self.create_schema(check_if_exists=True, verbosity=verbosity)
    ~~~~~~~~~~~~~~~~~~^^^^^^^^^^^^^^^^^^^^^^^^^^^^^^^^^^^^^^^^^^^
  File "/home/rcosta00/dev/SmartQuotation/backend/.venv/lib/python3.13/site-packages/django_tenants/models.py", line 207, in create_schema
    call_command('migrate_schemas',
    ~~~~~~~~~~~~^^^^^^^^^^^^^^^^^^^
                 tenant=True,
                 ^^^^^^^^^^^^
                 schema_name=self.schema_name,
                 ^^^^^^^^^^^^^^^^^^^^^^^^^^^^^
                 interactive=False,
                 ^^^^^^^^^^^^^^^^^^
                 verbosity=verbosity)
                 ^^^^^^^^^^^^^^^^^^^^
  File "/home/rcosta00/dev/SmartQuotation/backend/.venv/lib/python3.13/site-packages/django/core/management/__init__.py", line 194, in call_command
    return command.execute(*args, **defaults)
           ~~~~~~~~~~~~~~~^^^^^^^^^^^^^^^^^^^
  File "/home/rcosta00/dev/SmartQuotation/backend/.venv/lib/python3.13/site-packages/django/core/management/base.py", line 460, in execute
    output = self.handle(*args, **options)
  File "/home/rcosta00/dev/SmartQuotation/backend/.venv/lib/python3.13/site-packages/django_tenants/management/commands/migrate_schemas.py", line 80, in handle
    executor.run_migrations(tenants=tenants)
    ~~~~~~~~~~~~~~~~~~~~~~~^^^^^^^^^^^^^^^^^
  File "/home/rcosta00/dev/SmartQuotation/backend/.venv/lib/python3.13/site-packages/django_tenants/migration_executors/standard.py", line 14, in run_migrations
    run_migrations(self.args, self.options, self.codename, schema_name, idx=idx, count=len(tenants))
    ~~~~~~~~~~~~~~^^^^^^^^^^^^^^^^^^^^^^^^^^^^^^^^^^^^^^^^^^^^^^^^^^^^^^^^^^^^^^^^^^^^^^^^^^^^^^^^^^
  File "/home/rcosta00/dev/SmartQuotation/backend/.venv/lib/python3.13/site-packages/django_tenants/migration_executors/base.py", line 61, in run_migrations
    migrate_command_class(stdout=stdout, stderr=stderr).execute(*args, **options)
    ~~~~~~~~~~~~~~~~~~~~~~~~~~~~~~~~~~~~~~~~~~~~~~~~~~~~~~~~~~~^^^^^^^^^^^^^^^^^^
  File "/home/rcosta00/dev/SmartQuotation/backend/.venv/lib/python3.13/site-packages/django/core/management/base.py", line 460, in execute
    output = self.handle(*args, **options)
  File "/home/rcosta00/dev/SmartQuotation/backend/.venv/lib/python3.13/site-packages/django/core/management/base.py", line 107, in wrapper
    res = handle_func(*args, **kwargs)
  File "/home/rcosta00/dev/SmartQuotation/backend/.venv/lib/python3.13/site-packages/django/core/management/commands/migrate.py", line 353, in handle
    post_migrate_state = executor.migrate(
        targets,
    ...<3 lines>...
        fake_initial=fake_initial,
    )
  File "/home/rcosta00/dev/SmartQuotation/backend/.venv/lib/python3.13/site-packages/django/db/migrations/executor.py", line 135, in migrate
    state = self._migrate_all_forwards(
        state, plan, full_plan, fake=fake, fake_initial=fake_initial
    )
  File "/home/rcosta00/dev/SmartQuotation/backend/.venv/lib/python3.13/site-packages/django/db/migrations/executor.py", line 167, in _migrate_all_forwards
    state = self.apply_migration(
        state, migration, fake=fake, fake_initial=fake_initial
    )
  File "/home/rcosta00/dev/SmartQuotation/backend/.venv/lib/python3.13/site-packages/django/db/migrations/executor.py", line 252, in apply_migration
    with self.connection.schema_editor(
         ~~~~~~~~~~~~~~~~~~~~~~~~~~~~~^
        atomic=migration.atomic
        ^^^^^^^^^^^^^^^^^^^^^^^
    ) as schema_editor:
    ^
  File "/home/rcosta00/dev/SmartQuotation/backend/.venv/lib/python3.13/site-packages/django/db/backends/base/schema.py", line 169, in __exit__
    self.execute(sql, None)
    ~~~~~~~~~~~~^^^^^^^^^^^
  File "/home/rcosta00/dev/SmartQuotation/backend/.venv/lib/python3.13/site-packages/django/db/backends/postgresql/schema.py", line 45, in execute
    return super().execute(sql, params)
           ~~~~~~~~~~~~~~~^^^^^^^^^^^^^
  File "/home/rcosta00/dev/SmartQuotation/backend/.venv/lib/python3.13/site-packages/django/db/backends/base/schema.py", line 204, in execute
    cursor.execute(sql, params)
    ~~~~~~~~~~~~~~^^^^^^^^^^^^^
  File "/home/rcosta00/dev/SmartQuotation/backend/.venv/lib/python3.13/site-packages/django/db/backends/utils.py", line 79, in execute
    return self._execute_with_wrappers(
           ~~~~~~~~~~~~~~~~~~~~~~~~~~~^
        sql, params, many=False, executor=self._execute
        ^^^^^^^^^^^^^^^^^^^^^^^^^^^^^^^^^^^^^^^^^^^^^^^
    )
    ^
  File "/home/rcosta00/dev/SmartQuotation/backend/.venv/lib/python3.13/site-packages/django/db/backends/utils.py", line 92, in _execute_with_wrappers
    return executor(sql, params, many, context)
  File "/home/rcosta00/dev/SmartQuotation/backend/.venv/lib/python3.13/site-packages/django/db/backends/utils.py", line 100, in _execute
    with self.db.wrap_database_errors:
         ^^^^^^^^^^^^^^^^^^^^^^^^^^^^
  File "/home/rcosta00/dev/SmartQuotation/backend/.venv/lib/python3.13/site-packages/django/db/utils.py", line 91, in __exit__
    raise dj_exc_value.with_traceback(traceback) from exc_value
  File "/home/rcosta00/dev/SmartQuotation/backend/.venv/lib/python3.13/site-packages/django/db/backends/utils.py", line 103, in _execute
    return self.cursor.execute(sql)
           ~~~~~~~~~~~~~~~~~~~^^^^^
django.db.utils.OperationalError: server closed the connection unexpectedly
	This probably means the server terminated abnormally
	before or while processing the request.


During handling of the above exception, another exception occurred:

Traceback (most recent call last):
  File "/home/rcosta00/dev/SmartQuotation/backend/.venv/lib/python3.13/site-packages/django/db/backends/base/base.py", line 298, in _cursor
    return self._prepare_cursor(self.create_cursor(name))
                                ~~~~~~~~~~~~~~~~~~^^^^^^
  File "/home/rcosta00/dev/SmartQuotation/backend/.venv/lib/python3.13/site-packages/django/utils/asyncio.py", line 26, in inner
    return func(*args, **kwargs)
  File "/home/rcosta00/dev/SmartQuotation/backend/.venv/lib/python3.13/site-packages/django/db/backends/postgresql/base.py", line 429, in create_cursor
    cursor = self.connection.cursor()
psycopg2.InterfaceError: connection already closed

The above exception was the direct cause of the following exception:

Traceback (most recent call last):
  File "/home/rcosta00/dev/SmartQuotation/backend/.venv/lib/python3.13/site-packages/django_tenants/test/cases.py", line 38, in setUpClass
    cls.tenant.save(verbosity=cls.get_verbosity())
    ~~~~~~~~~~~~~~~^^^^^^^^^^^^^^^^^^^^^^^^^^^^^^^
  File "/home/rcosta00/dev/SmartQuotation/backend/.venv/lib/python3.13/site-packages/django_tenants/models.py", line 123, in save
    self.delete(force_drop=True)
    ~~~~~~~~~~~^^^^^^^^^^^^^^^^^
  File "/home/rcosta00/dev/SmartQuotation/backend/.venv/lib/python3.13/site-packages/django_tenants/models.py", line 168, in delete
    self._drop_schema(force_drop)
    ~~~~~~~~~~~~~~~~~^^^^^^^^^^^^
  File "/home/rcosta00/dev/SmartQuotation/backend/.venv/lib/python3.13/site-packages/django_tenants/models.py", line 152, in _drop_schema
    if has_schema and schema_exists(self.schema_name) and (self.auto_drop_schema or force_drop):
                      ~~~~~~~~~~~~~^^^^^^^^^^^^^^^^^^
  File "/home/rcosta00/dev/SmartQuotation/backend/.venv/lib/python3.13/site-packages/django_tenants/utils.py", line 195, in schema_exists
    cursor = _connection.cursor()
  File "/home/rcosta00/dev/SmartQuotation/backend/.venv/lib/python3.13/site-packages/django/utils/asyncio.py", line 26, in inner
    return func(*args, **kwargs)
  File "/home/rcosta00/dev/SmartQuotation/backend/.venv/lib/python3.13/site-packages/django/db/backends/base/base.py", line 320, in cursor
    return self._cursor()
           ~~~~~~~~~~~~^^
  File "/home/rcosta00/dev/SmartQuotation/backend/.venv/lib/python3.13/site-packages/django_tenants/postgresql_backend/base.py", line 144, in _cursor
    cursor = super()._cursor()
  File "/home/rcosta00/dev/SmartQuotation/backend/.venv/lib/python3.13/site-packages/django/db/backends/base/base.py", line 297, in _cursor
    with self.wrap_database_errors:
         ^^^^^^^^^^^^^^^^^^^^^^^^^
  File "/home/rcosta00/dev/SmartQuotation/backend/.venv/lib/python3.13/site-packages/django/db/utils.py", line 91, in __exit__
    raise dj_exc_value.with_traceback(traceback) from exc_value
  File "/home/rcosta00/dev/SmartQuotation/backend/.venv/lib/python3.13/site-packages/django/db/backends/base/base.py", line 298, in _cursor
    return self._prepare_cursor(self.create_cursor(name))
                                ~~~~~~~~~~~~~~~~~~^^^^^^
  File "/home/rcosta00/dev/SmartQuotation/backend/.venv/lib/python3.13/site-packages/django/utils/asyncio.py", line 26, in inner
    return func(*args, **kwargs)
  File "/home/rcosta00/dev/SmartQuotation/backend/.venv/lib/python3.13/site-packages/django/db/backends/postgresql/base.py", line 429, in create_cursor
    cursor = self.connection.cursor()
django.db.utils.InterfaceError: connection already closed

======================================================================
ERROR: setUpClass (apps.accounts.test_epic5_e2e_acceptance.Epic5E2EAcceptanceTests)
----------------------------------------------------------------------
Traceback (most recent call last):
  File "/home/rcosta00/dev/SmartQuotation/backend/.venv/lib/python3.13/site-packages/django/db/backends/base/base.py", line 298, in _cursor
    return self._prepare_cursor(self.create_cursor(name))
                                ~~~~~~~~~~~~~~~~~~^^^^^^
  File "/home/rcosta00/dev/SmartQuotation/backend/.venv/lib/python3.13/site-packages/django/utils/asyncio.py", line 26, in inner
    return func(*args, **kwargs)
  File "/home/rcosta00/dev/SmartQuotation/backend/.venv/lib/python3.13/site-packages/django/db/backends/postgresql/base.py", line 429, in create_cursor
    cursor = self.connection.cursor()
psycopg2.InterfaceError: connection already closed

The above exception was the direct cause of the following exception:

Traceback (most recent call last):
  File "/home/rcosta00/dev/SmartQuotation/backend/.venv/lib/python3.13/site-packages/django_tenants/test/cases.py", line 34, in setUpClass
    cls.sync_shared()
    ~~~~~~~~~~~~~~~^^
  File "/home/rcosta00/dev/SmartQuotation/backend/.venv/lib/python3.13/site-packages/django_tenants/test/cases.py", line 76, in sync_shared
    call_command('migrate_schemas',
    ~~~~~~~~~~~~^^^^^^^^^^^^^^^^^^^
                 schema_name=get_public_schema_name(),
                 ^^^^^^^^^^^^^^^^^^^^^^^^^^^^^^^^^^^^^
                 interactive=False,
                 ^^^^^^^^^^^^^^^^^^
                 verbosity=0)
                 ^^^^^^^^^^^^
  File "/home/rcosta00/dev/SmartQuotation/backend/.venv/lib/python3.13/site-packages/django/core/management/__init__.py", line 194, in call_command
    return command.execute(*args, **defaults)
           ~~~~~~~~~~~~~~~^^^^^^^^^^^^^^^^^^^
  File "/home/rcosta00/dev/SmartQuotation/backend/.venv/lib/python3.13/site-packages/django/core/management/base.py", line 460, in execute
    output = self.handle(*args, **options)
  File "/home/rcosta00/dev/SmartQuotation/backend/.venv/lib/python3.13/site-packages/django_tenants/management/commands/migrate_schemas.py", line 66, in handle
    executor.run_migrations(tenants=[self.PUBLIC_SCHEMA_NAME])
    ~~~~~~~~~~~~~~~~~~~~~~~^^^^^^^^^^^^^^^^^^^^^^^^^^^^^^^^^^^
  File "/home/rcosta00/dev/SmartQuotation/backend/.venv/lib/python3.13/site-packages/django_tenants/migration_executors/standard.py", line 11, in run_migrations
    run_migrations(self.args, self.options, self.codename, self.PUBLIC_SCHEMA_NAME)
    ~~~~~~~~~~~~~~^^^^^^^^^^^^^^^^^^^^^^^^^^^^^^^^^^^^^^^^^^^^^^^^^^^^^^^^^^^^^^^^^
  File "/home/rcosta00/dev/SmartQuotation/backend/.venv/lib/python3.13/site-packages/django_tenants/migration_executors/base.py", line 51, in run_migrations
    migration_recorder.ensure_schema()
    ~~~~~~~~~~~~~~~~~~~~~~~~~~~~~~~~^^
  File "/home/rcosta00/dev/SmartQuotation/backend/.venv/lib/python3.13/site-packages/django/db/migrations/recorder.py", line 73, in ensure_schema
    if self.has_table():
       ~~~~~~~~~~~~~~^^
  File "/home/rcosta00/dev/SmartQuotation/backend/.venv/lib/python3.13/site-packages/django/db/migrations/recorder.py", line 63, in has_table
    with self.connection.cursor() as cursor:
         ~~~~~~~~~~~~~~~~~~~~~~^^
  File "/home/rcosta00/dev/SmartQuotation/backend/.venv/lib/python3.13/site-packages/django/utils/asyncio.py", line 26, in inner
    return func(*args, **kwargs)
  File "/home/rcosta00/dev/SmartQuotation/backend/.venv/lib/python3.13/site-packages/django/db/backends/base/base.py", line 320, in cursor
    return self._cursor()
           ~~~~~~~~~~~~^^
  File "/home/rcosta00/dev/SmartQuotation/backend/.venv/lib/python3.13/site-packages/django_tenants/postgresql_backend/base.py", line 144, in _cursor
    cursor = super()._cursor()
  File "/home/rcosta00/dev/SmartQuotation/backend/.venv/lib/python3.13/site-packages/django/db/backends/base/base.py", line 297, in _cursor
    with self.wrap_database_errors:
         ^^^^^^^^^^^^^^^^^^^^^^^^^
  File "/home/rcosta00/dev/SmartQuotation/backend/.venv/lib/python3.13/site-packages/django/db/utils.py", line 91, in __exit__
    raise dj_exc_value.with_traceback(traceback) from exc_value
  File "/home/rcosta00/dev/SmartQuotation/backend/.venv/lib/python3.13/site-packages/django/db/backends/base/base.py", line 298, in _cursor
    return self._prepare_cursor(self.create_cursor(name))
                                ~~~~~~~~~~~~~~~~~~^^^^^^
  File "/home/rcosta00/dev/SmartQuotation/backend/.venv/lib/python3.13/site-packages/django/utils/asyncio.py", line 26, in inner
    return func(*args, **kwargs)
  File "/home/rcosta00/dev/SmartQuotation/backend/.venv/lib/python3.13/site-packages/django/db/backends/postgresql/base.py", line 429, in create_cursor
    cursor = self.connection.cursor()
django.db.utils.InterfaceError: connection already closed

======================================================================
ERROR: setUpClass (apps.accounts.tests.AuthViewTests)
----------------------------------------------------------------------
Traceback (most recent call last):
  File "/home/rcosta00/dev/SmartQuotation/backend/.venv/lib/python3.13/site-packages/django/db/backends/base/base.py", line 298, in _cursor
    return self._prepare_cursor(self.create_cursor(name))
                                ~~~~~~~~~~~~~~~~~~^^^^^^
  File "/home/rcosta00/dev/SmartQuotation/backend/.venv/lib/python3.13/site-packages/django/utils/asyncio.py", line 26, in inner
    return func(*args, **kwargs)
  File "/home/rcosta00/dev/SmartQuotation/backend/.venv/lib/python3.13/site-packages/django/db/backends/postgresql/base.py", line 429, in create_cursor
    cursor = self.connection.cursor()
psycopg2.InterfaceError: connection already closed

The above exception was the direct cause of the following exception:

Traceback (most recent call last):
  File "/home/rcosta00/dev/SmartQuotation/backend/.venv/lib/python3.13/site-packages/django_tenants/test/cases.py", line 34, in setUpClass
    cls.sync_shared()
    ~~~~~~~~~~~~~~~^^
  File "/home/rcosta00/dev/SmartQuotation/backend/.venv/lib/python3.13/site-packages/django_tenants/test/cases.py", line 76, in sync_shared
    call_command('migrate_schemas',
    ~~~~~~~~~~~~^^^^^^^^^^^^^^^^^^^
                 schema_name=get_public_schema_name(),
                 ^^^^^^^^^^^^^^^^^^^^^^^^^^^^^^^^^^^^^
                 interactive=False,
                 ^^^^^^^^^^^^^^^^^^
                 verbosity=0)
                 ^^^^^^^^^^^^
  File "/home/rcosta00/dev/SmartQuotation/backend/.venv/lib/python3.13/site-packages/django/core/management/__init__.py", line 194, in call_command
    return command.execute(*args, **defaults)
           ~~~~~~~~~~~~~~~^^^^^^^^^^^^^^^^^^^
  File "/home/rcosta00/dev/SmartQuotation/backend/.venv/lib/python3.13/site-packages/django/core/management/base.py", line 460, in execute
    output = self.handle(*args, **options)
  File "/home/rcosta00/dev/SmartQuotation/backend/.venv/lib/python3.13/site-packages/django_tenants/management/commands/migrate_schemas.py", line 66, in handle
    executor.run_migrations(tenants=[self.PUBLIC_SCHEMA_NAME])
    ~~~~~~~~~~~~~~~~~~~~~~~^^^^^^^^^^^^^^^^^^^^^^^^^^^^^^^^^^^
  File "/home/rcosta00/dev/SmartQuotation/backend/.venv/lib/python3.13/site-packages/django_tenants/migration_executors/standard.py", line 11, in run_migrations
    run_migrations(self.args, self.options, self.codename, self.PUBLIC_SCHEMA_NAME)
    ~~~~~~~~~~~~~~^^^^^^^^^^^^^^^^^^^^^^^^^^^^^^^^^^^^^^^^^^^^^^^^^^^^^^^^^^^^^^^^^
  File "/home/rcosta00/dev/SmartQuotation/backend/.venv/lib/python3.13/site-packages/django_tenants/migration_executors/base.py", line 51, in run_migrations
    migration_recorder.ensure_schema()
    ~~~~~~~~~~~~~~~~~~~~~~~~~~~~~~~~^^
  File "/home/rcosta00/dev/SmartQuotation/backend/.venv/lib/python3.13/site-packages/django/db/migrations/recorder.py", line 73, in ensure_schema
    if self.has_table():
       ~~~~~~~~~~~~~~^^
  File "/home/rcosta00/dev/SmartQuotation/backend/.venv/lib/python3.13/site-packages/django/db/migrations/recorder.py", line 63, in has_table
    with self.connection.cursor() as cursor:
         ~~~~~~~~~~~~~~~~~~~~~~^^
  File "/home/rcosta00/dev/SmartQuotation/backend/.venv/lib/python3.13/site-packages/django/utils/asyncio.py", line 26, in inner
    return func(*args, **kwargs)
  File "/home/rcosta00/dev/SmartQuotation/backend/.venv/lib/python3.13/site-packages/django/db/backends/base/base.py", line 320, in cursor
    return self._cursor()
           ~~~~~~~~~~~~^^
  File "/home/rcosta00/dev/SmartQuotation/backend/.venv/lib/python3.13/site-packages/django_tenants/postgresql_backend/base.py", line 144, in _cursor
    cursor = super()._cursor()
  File "/home/rcosta00/dev/SmartQuotation/backend/.venv/lib/python3.13/site-packages/django/db/backends/base/base.py", line 297, in _cursor
    with self.wrap_database_errors:
         ^^^^^^^^^^^^^^^^^^^^^^^^^
  File "/home/rcosta00/dev/SmartQuotation/backend/.venv/lib/python3.13/site-packages/django/db/utils.py", line 91, in __exit__
    raise dj_exc_value.with_traceback(traceback) from exc_value
  File "/home/rcosta00/dev/SmartQuotation/backend/.venv/lib/python3.13/site-packages/django/db/backends/base/base.py", line 298, in _cursor
    return self._prepare_cursor(self.create_cursor(name))
                                ~~~~~~~~~~~~~~~~~~^^^^^^
  File "/home/rcosta00/dev/SmartQuotation/backend/.venv/lib/python3.13/site-packages/django/utils/asyncio.py", line 26, in inner
    return func(*args, **kwargs)
  File "/home/rcosta00/dev/SmartQuotation/backend/.venv/lib/python3.13/site-packages/django/db/backends/postgresql/base.py", line 429, in create_cursor
    cursor = self.connection.cursor()
django.db.utils.InterfaceError: connection already closed

======================================================================
ERROR: setUpClass (apps.accounts.tests.AxesBruteForceConfigTests)
----------------------------------------------------------------------
Traceback (most recent call last):
  File "/home/rcosta00/dev/SmartQuotation/backend/.venv/lib/python3.13/site-packages/django/db/backends/base/base.py", line 298, in _cursor
    return self._prepare_cursor(self.create_cursor(name))
                                ~~~~~~~~~~~~~~~~~~^^^^^^
  File "/home/rcosta00/dev/SmartQuotation/backend/.venv/lib/python3.13/site-packages/django/utils/asyncio.py", line 26, in inner
    return func(*args, **kwargs)
  File "/home/rcosta00/dev/SmartQuotation/backend/.venv/lib/python3.13/site-packages/django/db/backends/postgresql/base.py", line 429, in create_cursor
    cursor = self.connection.cursor()
psycopg2.InterfaceError: connection already closed

The above exception was the direct cause of the following exception:

Traceback (most recent call last):
  File "/home/rcosta00/dev/SmartQuotation/backend/.venv/lib/python3.13/site-packages/django_tenants/test/cases.py", line 34, in setUpClass
    cls.sync_shared()
    ~~~~~~~~~~~~~~~^^
  File "/home/rcosta00/dev/SmartQuotation/backend/.venv/lib/python3.13/site-packages/django_tenants/test/cases.py", line 76, in sync_shared
    call_command('migrate_schemas',
    ~~~~~~~~~~~~^^^^^^^^^^^^^^^^^^^
                 schema_name=get_public_schema_name(),
                 ^^^^^^^^^^^^^^^^^^^^^^^^^^^^^^^^^^^^^
                 interactive=False,
                 ^^^^^^^^^^^^^^^^^^
                 verbosity=0)
                 ^^^^^^^^^^^^
  File "/home/rcosta00/dev/SmartQuotation/backend/.venv/lib/python3.13/site-packages/django/core/management/__init__.py", line 194, in call_command
    return command.execute(*args, **defaults)
           ~~~~~~~~~~~~~~~^^^^^^^^^^^^^^^^^^^
  File "/home/rcosta00/dev/SmartQuotation/backend/.venv/lib/python3.13/site-packages/django/core/management/base.py", line 460, in execute
    output = self.handle(*args, **options)
  File "/home/rcosta00/dev/SmartQuotation/backend/.venv/lib/python3.13/site-packages/django_tenants/management/commands/migrate_schemas.py", line 66, in handle
    executor.run_migrations(tenants=[self.PUBLIC_SCHEMA_NAME])
    ~~~~~~~~~~~~~~~~~~~~~~~^^^^^^^^^^^^^^^^^^^^^^^^^^^^^^^^^^^
  File "/home/rcosta00/dev/SmartQuotation/backend/.venv/lib/python3.13/site-packages/django_tenants/migration_executors/standard.py", line 11, in run_migrations
    run_migrations(self.args, self.options, self.codename, self.PUBLIC_SCHEMA_NAME)
    ~~~~~~~~~~~~~~^^^^^^^^^^^^^^^^^^^^^^^^^^^^^^^^^^^^^^^^^^^^^^^^^^^^^^^^^^^^^^^^^
  File "/home/rcosta00/dev/SmartQuotation/backend/.venv/lib/python3.13/site-packages/django_tenants/migration_executors/base.py", line 51, in run_migrations
    migration_recorder.ensure_schema()
    ~~~~~~~~~~~~~~~~~~~~~~~~~~~~~~~~^^
  File "/home/rcosta00/dev/SmartQuotation/backend/.venv/lib/python3.13/site-packages/django/db/migrations/recorder.py", line 73, in ensure_schema
    if self.has_table():
       ~~~~~~~~~~~~~~^^
  File "/home/rcosta00/dev/SmartQuotation/backend/.venv/lib/python3.13/site-packages/django/db/migrations/recorder.py", line 63, in has_table
    with self.connection.cursor() as cursor:
         ~~~~~~~~~~~~~~~~~~~~~~^^
  File "/home/rcosta00/dev/SmartQuotation/backend/.venv/lib/python3.13/site-packages/django/utils/asyncio.py", line 26, in inner
    return func(*args, **kwargs)
  File "/home/rcosta00/dev/SmartQuotation/backend/.venv/lib/python3.13/site-packages/django/db/backends/base/base.py", line 320, in cursor
    return self._cursor()
           ~~~~~~~~~~~~^^
  File "/home/rcosta00/dev/SmartQuotation/backend/.venv/lib/python3.13/site-packages/django_tenants/postgresql_backend/base.py", line 144, in _cursor
    cursor = super()._cursor()
  File "/home/rcosta00/dev/SmartQuotation/backend/.venv/lib/python3.13/site-packages/django/db/backends/base/base.py", line 297, in _cursor
    with self.wrap_database_errors:
         ^^^^^^^^^^^^^^^^^^^^^^^^^
  File "/home/rcosta00/dev/SmartQuotation/backend/.venv/lib/python3.13/site-packages/django/db/utils.py", line 91, in __exit__
    raise dj_exc_value.with_traceback(traceback) from exc_value
  File "/home/rcosta00/dev/SmartQuotation/backend/.venv/lib/python3.13/site-packages/django/db/backends/base/base.py", line 298, in _cursor
    return self._prepare_cursor(self.create_cursor(name))
                                ~~~~~~~~~~~~~~~~~~^^^^^^
  File "/home/rcosta00/dev/SmartQuotation/backend/.venv/lib/python3.13/site-packages/django/utils/asyncio.py", line 26, in inner
    return func(*args, **kwargs)
  File "/home/rcosta00/dev/SmartQuotation/backend/.venv/lib/python3.13/site-packages/django/db/backends/postgresql/base.py", line 429, in create_cursor
    cursor = self.connection.cursor()
django.db.utils.InterfaceError: connection already closed

======================================================================
ERROR: setUpClass (apps.accounts.tests.MustChangePasswordTests)
----------------------------------------------------------------------
Traceback (most recent call last):
  File "/home/rcosta00/dev/SmartQuotation/backend/.venv/lib/python3.13/site-packages/django/db/backends/base/base.py", line 298, in _cursor
    return self._prepare_cursor(self.create_cursor(name))
                                ~~~~~~~~~~~~~~~~~~^^^^^^
  File "/home/rcosta00/dev/SmartQuotation/backend/.venv/lib/python3.13/site-packages/django/utils/asyncio.py", line 26, in inner
    return func(*args, **kwargs)
  File "/home/rcosta00/dev/SmartQuotation/backend/.venv/lib/python3.13/site-packages/django/db/backends/postgresql/base.py", line 429, in create_cursor
    cursor = self.connection.cursor()
psycopg2.InterfaceError: connection already closed

The above exception was the direct cause of the following exception:

Traceback (most recent call last):
  File "/home/rcosta00/dev/SmartQuotation/backend/.venv/lib/python3.13/site-packages/django_tenants/test/cases.py", line 34, in setUpClass
    cls.sync_shared()
    ~~~~~~~~~~~~~~~^^
  File "/home/rcosta00/dev/SmartQuotation/backend/.venv/lib/python3.13/site-packages/django_tenants/test/cases.py", line 76, in sync_shared
    call_command('migrate_schemas',
    ~~~~~~~~~~~~^^^^^^^^^^^^^^^^^^^
                 schema_name=get_public_schema_name(),
                 ^^^^^^^^^^^^^^^^^^^^^^^^^^^^^^^^^^^^^
                 interactive=False,
                 ^^^^^^^^^^^^^^^^^^
                 verbosity=0)
                 ^^^^^^^^^^^^
  File "/home/rcosta00/dev/SmartQuotation/backend/.venv/lib/python3.13/site-packages/django/core/management/__init__.py", line 194, in call_command
    return command.execute(*args, **defaults)
           ~~~~~~~~~~~~~~~^^^^^^^^^^^^^^^^^^^
  File "/home/rcosta00/dev/SmartQuotation/backend/.venv/lib/python3.13/site-packages/django/core/management/base.py", line 460, in execute
    output = self.handle(*args, **options)
  File "/home/rcosta00/dev/SmartQuotation/backend/.venv/lib/python3.13/site-packages/django_tenants/management/commands/migrate_schemas.py", line 66, in handle
    executor.run_migrations(tenants=[self.PUBLIC_SCHEMA_NAME])
    ~~~~~~~~~~~~~~~~~~~~~~~^^^^^^^^^^^^^^^^^^^^^^^^^^^^^^^^^^^
  File "/home/rcosta00/dev/SmartQuotation/backend/.venv/lib/python3.13/site-packages/django_tenants/migration_executors/standard.py", line 11, in run_migrations
    run_migrations(self.args, self.options, self.codename, self.PUBLIC_SCHEMA_NAME)
    ~~~~~~~~~~~~~~^^^^^^^^^^^^^^^^^^^^^^^^^^^^^^^^^^^^^^^^^^^^^^^^^^^^^^^^^^^^^^^^^
  File "/home/rcosta00/dev/SmartQuotation/backend/.venv/lib/python3.13/site-packages/django_tenants/migration_executors/base.py", line 51, in run_migrations
    migration_recorder.ensure_schema()
    ~~~~~~~~~~~~~~~~~~~~~~~~~~~~~~~~^^
  File "/home/rcosta00/dev/SmartQuotation/backend/.venv/lib/python3.13/site-packages/django/db/migrations/recorder.py", line 73, in ensure_schema
    if self.has_table():
       ~~~~~~~~~~~~~~^^
  File "/home/rcosta00/dev/SmartQuotation/backend/.venv/lib/python3.13/site-packages/django/db/migrations/recorder.py", line 63, in has_table
    with self.connection.cursor() as cursor:
         ~~~~~~~~~~~~~~~~~~~~~~^^
  File "/home/rcosta00/dev/SmartQuotation/backend/.venv/lib/python3.13/site-packages/django/utils/asyncio.py", line 26, in inner
    return func(*args, **kwargs)
  File "/home/rcosta00/dev/SmartQuotation/backend/.venv/lib/python3.13/site-packages/django/db/backends/base/base.py", line 320, in cursor
    return self._cursor()
           ~~~~~~~~~~~~^^
  File "/home/rcosta00/dev/SmartQuotation/backend/.venv/lib/python3.13/site-packages/django_tenants/postgresql_backend/base.py", line 144, in _cursor
    cursor = super()._cursor()
  File "/home/rcosta00/dev/SmartQuotation/backend/.venv/lib/python3.13/site-packages/django/db/backends/base/base.py", line 297, in _cursor
    with self.wrap_database_errors:
         ^^^^^^^^^^^^^^^^^^^^^^^^^
  File "/home/rcosta00/dev/SmartQuotation/backend/.venv/lib/python3.13/site-packages/django/db/utils.py", line 91, in __exit__
    raise dj_exc_value.with_traceback(traceback) from exc_value
  File "/home/rcosta00/dev/SmartQuotation/backend/.venv/lib/python3.13/site-packages/django/db/backends/base/base.py", line 298, in _cursor
    return self._prepare_cursor(self.create_cursor(name))
                                ~~~~~~~~~~~~~~~~~~^^^^^^
  File "/home/rcosta00/dev/SmartQuotation/backend/.venv/lib/python3.13/site-packages/django/utils/asyncio.py", line 26, in inner
    return func(*args, **kwargs)
  File "/home/rcosta00/dev/SmartQuotation/backend/.venv/lib/python3.13/site-packages/django/db/backends/postgresql/base.py", line 429, in create_cursor
    cursor = self.connection.cursor()
django.db.utils.InterfaceError: connection already closed

======================================================================
ERROR: setUpClass (apps.accounts.tests.RbacTests)
----------------------------------------------------------------------
Traceback (most recent call last):
  File "/home/rcosta00/dev/SmartQuotation/backend/.venv/lib/python3.13/site-packages/django/db/backends/base/base.py", line 298, in _cursor
    return self._prepare_cursor(self.create_cursor(name))
                                ~~~~~~~~~~~~~~~~~~^^^^^^
  File "/home/rcosta00/dev/SmartQuotation/backend/.venv/lib/python3.13/site-packages/django/utils/asyncio.py", line 26, in inner
    return func(*args, **kwargs)
  File "/home/rcosta00/dev/SmartQuotation/backend/.venv/lib/python3.13/site-packages/django/db/backends/postgresql/base.py", line 429, in create_cursor
    cursor = self.connection.cursor()
psycopg2.InterfaceError: connection already closed

The above exception was the direct cause of the following exception:

Traceback (most recent call last):
  File "/home/rcosta00/dev/SmartQuotation/backend/.venv/lib/python3.13/site-packages/django_tenants/test/cases.py", line 34, in setUpClass
    cls.sync_shared()
    ~~~~~~~~~~~~~~~^^
  File "/home/rcosta00/dev/SmartQuotation/backend/.venv/lib/python3.13/site-packages/django_tenants/test/cases.py", line 76, in sync_shared
    call_command('migrate_schemas',
    ~~~~~~~~~~~~^^^^^^^^^^^^^^^^^^^
                 schema_name=get_public_schema_name(),
                 ^^^^^^^^^^^^^^^^^^^^^^^^^^^^^^^^^^^^^
                 interactive=False,
                 ^^^^^^^^^^^^^^^^^^
                 verbosity=0)
                 ^^^^^^^^^^^^
  File "/home/rcosta00/dev/SmartQuotation/backend/.venv/lib/python3.13/site-packages/django/core/management/__init__.py", line 194, in call_command
    return command.execute(*args, **defaults)
           ~~~~~~~~~~~~~~~^^^^^^^^^^^^^^^^^^^
  File "/home/rcosta00/dev/SmartQuotation/backend/.venv/lib/python3.13/site-packages/django/core/management/base.py", line 460, in execute
    output = self.handle(*args, **options)
  File "/home/rcosta00/dev/SmartQuotation/backend/.venv/lib/python3.13/site-packages/django_tenants/management/commands/migrate_schemas.py", line 66, in handle
    executor.run_migrations(tenants=[self.PUBLIC_SCHEMA_NAME])
    ~~~~~~~~~~~~~~~~~~~~~~~^^^^^^^^^^^^^^^^^^^^^^^^^^^^^^^^^^^
  File "/home/rcosta00/dev/SmartQuotation/backend/.venv/lib/python3.13/site-packages/django_tenants/migration_executors/standard.py", line 11, in run_migrations
    run_migrations(self.args, self.options, self.codename, self.PUBLIC_SCHEMA_NAME)
    ~~~~~~~~~~~~~~^^^^^^^^^^^^^^^^^^^^^^^^^^^^^^^^^^^^^^^^^^^^^^^^^^^^^^^^^^^^^^^^^
  File "/home/rcosta00/dev/SmartQuotation/backend/.venv/lib/python3.13/site-packages/django_tenants/migration_executors/base.py", line 51, in run_migrations
    migration_recorder.ensure_schema()
    ~~~~~~~~~~~~~~~~~~~~~~~~~~~~~~~~^^
  File "/home/rcosta00/dev/SmartQuotation/backend/.venv/lib/python3.13/site-packages/django/db/migrations/recorder.py", line 73, in ensure_schema
    if self.has_table():
       ~~~~~~~~~~~~~~^^
  File "/home/rcosta00/dev/SmartQuotation/backend/.venv/lib/python3.13/site-packages/django/db/migrations/recorder.py", line 63, in has_table
    with self.connection.cursor() as cursor:
         ~~~~~~~~~~~~~~~~~~~~~~^^
  File "/home/rcosta00/dev/SmartQuotation/backend/.venv/lib/python3.13/site-packages/django/utils/asyncio.py", line 26, in inner
    return func(*args, **kwargs)
  File "/home/rcosta00/dev/SmartQuotation/backend/.venv/lib/python3.13/site-packages/django/db/backends/base/base.py", line 320, in cursor
    return self._cursor()
           ~~~~~~~~~~~~^^
  File "/home/rcosta00/dev/SmartQuotation/backend/.venv/lib/python3.13/site-packages/django_tenants/postgresql_backend/base.py", line 144, in _cursor
    cursor = super()._cursor()
  File "/home/rcosta00/dev/SmartQuotation/backend/.venv/lib/python3.13/site-packages/django/db/backends/base/base.py", line 297, in _cursor
    with self.wrap_database_errors:
         ^^^^^^^^^^^^^^^^^^^^^^^^^
  File "/home/rcosta00/dev/SmartQuotation/backend/.venv/lib/python3.13/site-packages/django/db/utils.py", line 91, in __exit__
    raise dj_exc_value.with_traceback(traceback) from exc_value
  File "/home/rcosta00/dev/SmartQuotation/backend/.venv/lib/python3.13/site-packages/django/db/backends/base/base.py", line 298, in _cursor
    return self._prepare_cursor(self.create_cursor(name))
                                ~~~~~~~~~~~~~~~~~~^^^^^^
  File "/home/rcosta00/dev/SmartQuotation/backend/.venv/lib/python3.13/site-packages/django/utils/asyncio.py", line 26, in inner
    return func(*args, **kwargs)
  File "/home/rcosta00/dev/SmartQuotation/backend/.venv/lib/python3.13/site-packages/django/db/backends/postgresql/base.py", line 429, in create_cursor
    cursor = self.connection.cursor()
django.db.utils.InterfaceError: connection already closed

======================================================================
ERROR: setUpClass (apps.accounts.tests.ShellSmokeTests)
----------------------------------------------------------------------
Traceback (most recent call last):
  File "/home/rcosta00/dev/SmartQuotation/backend/.venv/lib/python3.13/site-packages/django/db/backends/base/base.py", line 298, in _cursor
    return self._prepare_cursor(self.create_cursor(name))
                                ~~~~~~~~~~~~~~~~~~^^^^^^
  File "/home/rcosta00/dev/SmartQuotation/backend/.venv/lib/python3.13/site-packages/django/utils/asyncio.py", line 26, in inner
    return func(*args, **kwargs)
  File "/home/rcosta00/dev/SmartQuotation/backend/.venv/lib/python3.13/site-packages/django/db/backends/postgresql/base.py", line 429, in create_cursor
    cursor = self.connection.cursor()
psycopg2.InterfaceError: connection already closed

The above exception was the direct cause of the following exception:

Traceback (most recent call last):
  File "/home/rcosta00/dev/SmartQuotation/backend/.venv/lib/python3.13/site-packages/django_tenants/test/cases.py", line 34, in setUpClass
    cls.sync_shared()
    ~~~~~~~~~~~~~~~^^
  File "/home/rcosta00/dev/SmartQuotation/backend/.venv/lib/python3.13/site-packages/django_tenants/test/cases.py", line 76, in sync_shared
    call_command('migrate_schemas',
    ~~~~~~~~~~~~^^^^^^^^^^^^^^^^^^^
                 schema_name=get_public_schema_name(),
                 ^^^^^^^^^^^^^^^^^^^^^^^^^^^^^^^^^^^^^
                 interactive=False,
                 ^^^^^^^^^^^^^^^^^^
                 verbosity=0)
                 ^^^^^^^^^^^^
  File "/home/rcosta00/dev/SmartQuotation/backend/.venv/lib/python3.13/site-packages/django/core/management/__init__.py", line 194, in call_command
    return command.execute(*args, **defaults)
           ~~~~~~~~~~~~~~~^^^^^^^^^^^^^^^^^^^
  File "/home/rcosta00/dev/SmartQuotation/backend/.venv/lib/python3.13/site-packages/django/core/management/base.py", line 460, in execute
    output = self.handle(*args, **options)
  File "/home/rcosta00/dev/SmartQuotation/backend/.venv/lib/python3.13/site-packages/django_tenants/management/commands/migrate_schemas.py", line 66, in handle
    executor.run_migrations(tenants=[self.PUBLIC_SCHEMA_NAME])
    ~~~~~~~~~~~~~~~~~~~~~~~^^^^^^^^^^^^^^^^^^^^^^^^^^^^^^^^^^^
  File "/home/rcosta00/dev/SmartQuotation/backend/.venv/lib/python3.13/site-packages/django_tenants/migration_executors/standard.py", line 11, in run_migrations
    run_migrations(self.args, self.options, self.codename, self.PUBLIC_SCHEMA_NAME)
    ~~~~~~~~~~~~~~^^^^^^^^^^^^^^^^^^^^^^^^^^^^^^^^^^^^^^^^^^^^^^^^^^^^^^^^^^^^^^^^^
  File "/home/rcosta00/dev/SmartQuotation/backend/.venv/lib/python3.13/site-packages/django_tenants/migration_executors/base.py", line 51, in run_migrations
    migration_recorder.ensure_schema()
    ~~~~~~~~~~~~~~~~~~~~~~~~~~~~~~~~^^
  File "/home/rcosta00/dev/SmartQuotation/backend/.venv/lib/python3.13/site-packages/django/db/migrations/recorder.py", line 73, in ensure_schema
    if self.has_table():
       ~~~~~~~~~~~~~~^^
  File "/home/rcosta00/dev/SmartQuotation/backend/.venv/lib/python3.13/site-packages/django/db/migrations/recorder.py", line 63, in has_table
    with self.connection.cursor() as cursor:
         ~~~~~~~~~~~~~~~~~~~~~~^^
  File "/home/rcosta00/dev/SmartQuotation/backend/.venv/lib/python3.13/site-packages/django/utils/asyncio.py", line 26, in inner
    return func(*args, **kwargs)
  File "/home/rcosta00/dev/SmartQuotation/backend/.venv/lib/python3.13/site-packages/django/db/backends/base/base.py", line 320, in cursor
    return self._cursor()
           ~~~~~~~~~~~~^^
  File "/home/rcosta00/dev/SmartQuotation/backend/.venv/lib/python3.13/site-packages/django_tenants/postgresql_backend/base.py", line 144, in _cursor
    cursor = super()._cursor()
  File "/home/rcosta00/dev/SmartQuotation/backend/.venv/lib/python3.13/site-packages/django/db/backends/base/base.py", line 297, in _cursor
    with self.wrap_database_errors:
         ^^^^^^^^^^^^^^^^^^^^^^^^^
  File "/home/rcosta00/dev/SmartQuotation/backend/.venv/lib/python3.13/site-packages/django/db/utils.py", line 91, in __exit__
    raise dj_exc_value.with_traceback(traceback) from exc_value
  File "/home/rcosta00/dev/SmartQuotation/backend/.venv/lib/python3.13/site-packages/django/db/backends/base/base.py", line 298, in _cursor
    return self._prepare_cursor(self.create_cursor(name))
                                ~~~~~~~~~~~~~~~~~~^^^^^^
  File "/home/rcosta00/dev/SmartQuotation/backend/.venv/lib/python3.13/site-packages/django/utils/asyncio.py", line 26, in inner
    return func(*args, **kwargs)
  File "/home/rcosta00/dev/SmartQuotation/backend/.venv/lib/python3.13/site-packages/django/db/backends/postgresql/base.py", line 429, in create_cursor
    cursor = self.connection.cursor()
django.db.utils.InterfaceError: connection already closed

======================================================================
ERROR: setUpClass (apps.accounts.tests.TenantMemberDeactivationTests)
----------------------------------------------------------------------
Traceback (most recent call last):
  File "/home/rcosta00/dev/SmartQuotation/backend/.venv/lib/python3.13/site-packages/django/db/backends/base/base.py", line 298, in _cursor
    return self._prepare_cursor(self.create_cursor(name))
                                ~~~~~~~~~~~~~~~~~~^^^^^^
  File "/home/rcosta00/dev/SmartQuotation/backend/.venv/lib/python3.13/site-packages/django/utils/asyncio.py", line 26, in inner
    return func(*args, **kwargs)
  File "/home/rcosta00/dev/SmartQuotation/backend/.venv/lib/python3.13/site-packages/django/db/backends/postgresql/base.py", line 429, in create_cursor
    cursor = self.connection.cursor()
psycopg2.InterfaceError: connection already closed

The above exception was the direct cause of the following exception:

Traceback (most recent call last):
  File "/home/rcosta00/dev/SmartQuotation/backend/.venv/lib/python3.13/site-packages/django_tenants/test/cases.py", line 34, in setUpClass
    cls.sync_shared()
    ~~~~~~~~~~~~~~~^^
  File "/home/rcosta00/dev/SmartQuotation/backend/.venv/lib/python3.13/site-packages/django_tenants/test/cases.py", line 76, in sync_shared
    call_command('migrate_schemas',
    ~~~~~~~~~~~~^^^^^^^^^^^^^^^^^^^
                 schema_name=get_public_schema_name(),
                 ^^^^^^^^^^^^^^^^^^^^^^^^^^^^^^^^^^^^^
                 interactive=False,
                 ^^^^^^^^^^^^^^^^^^
                 verbosity=0)
                 ^^^^^^^^^^^^
  File "/home/rcosta00/dev/SmartQuotation/backend/.venv/lib/python3.13/site-packages/django/core/management/__init__.py", line 194, in call_command
    return command.execute(*args, **defaults)
           ~~~~~~~~~~~~~~~^^^^^^^^^^^^^^^^^^^
  File "/home/rcosta00/dev/SmartQuotation/backend/.venv/lib/python3.13/site-packages/django/core/management/base.py", line 460, in execute
    output = self.handle(*args, **options)
  File "/home/rcosta00/dev/SmartQuotation/backend/.venv/lib/python3.13/site-packages/django_tenants/management/commands/migrate_schemas.py", line 66, in handle
    executor.run_migrations(tenants=[self.PUBLIC_SCHEMA_NAME])
    ~~~~~~~~~~~~~~~~~~~~~~~^^^^^^^^^^^^^^^^^^^^^^^^^^^^^^^^^^^
  File "/home/rcosta00/dev/SmartQuotation/backend/.venv/lib/python3.13/site-packages/django_tenants/migration_executors/standard.py", line 11, in run_migrations
    run_migrations(self.args, self.options, self.codename, self.PUBLIC_SCHEMA_NAME)
    ~~~~~~~~~~~~~~^^^^^^^^^^^^^^^^^^^^^^^^^^^^^^^^^^^^^^^^^^^^^^^^^^^^^^^^^^^^^^^^^
  File "/home/rcosta00/dev/SmartQuotation/backend/.venv/lib/python3.13/site-packages/django_tenants/migration_executors/base.py", line 51, in run_migrations
    migration_recorder.ensure_schema()
    ~~~~~~~~~~~~~~~~~~~~~~~~~~~~~~~~^^
  File "/home/rcosta00/dev/SmartQuotation/backend/.venv/lib/python3.13/site-packages/django/db/migrations/recorder.py", line 73, in ensure_schema
    if self.has_table():
       ~~~~~~~~~~~~~~^^
  File "/home/rcosta00/dev/SmartQuotation/backend/.venv/lib/python3.13/site-packages/django/db/migrations/recorder.py", line 63, in has_table
    with self.connection.cursor() as cursor:
         ~~~~~~~~~~~~~~~~~~~~~~^^
  File "/home/rcosta00/dev/SmartQuotation/backend/.venv/lib/python3.13/site-packages/django/utils/asyncio.py", line 26, in inner
    return func(*args, **kwargs)
  File "/home/rcosta00/dev/SmartQuotation/backend/.venv/lib/python3.13/site-packages/django/db/backends/base/base.py", line 320, in cursor
    return self._cursor()
           ~~~~~~~~~~~~^^
  File "/home/rcosta00/dev/SmartQuotation/backend/.venv/lib/python3.13/site-packages/django_tenants/postgresql_backend/base.py", line 144, in _cursor
    cursor = super()._cursor()
  File "/home/rcosta00/dev/SmartQuotation/backend/.venv/lib/python3.13/site-packages/django/db/backends/base/base.py", line 297, in _cursor
    with self.wrap_database_errors:
         ^^^^^^^^^^^^^^^^^^^^^^^^^
  File "/home/rcosta00/dev/SmartQuotation/backend/.venv/lib/python3.13/site-packages/django/db/utils.py", line 91, in __exit__
    raise dj_exc_value.with_traceback(traceback) from exc_value
  File "/home/rcosta00/dev/SmartQuotation/backend/.venv/lib/python3.13/site-packages/django/db/backends/base/base.py", line 298, in _cursor
    return self._prepare_cursor(self.create_cursor(name))
                                ~~~~~~~~~~~~~~~~~~^^^^^^
  File "/home/rcosta00/dev/SmartQuotation/backend/.venv/lib/python3.13/site-packages/django/utils/asyncio.py", line 26, in inner
    return func(*args, **kwargs)
  File "/home/rcosta00/dev/SmartQuotation/backend/.venv/lib/python3.13/site-packages/django/db/backends/postgresql/base.py", line 429, in create_cursor
    cursor = self.connection.cursor()
django.db.utils.InterfaceError: connection already closed

======================================================================
ERROR: setUpClass (apps.accounts.tests.TenantMemberInvitationTests)
----------------------------------------------------------------------
Traceback (most recent call last):
  File "/home/rcosta00/dev/SmartQuotation/backend/.venv/lib/python3.13/site-packages/django/db/backends/base/base.py", line 298, in _cursor
    return self._prepare_cursor(self.create_cursor(name))
                                ~~~~~~~~~~~~~~~~~~^^^^^^
  File "/home/rcosta00/dev/SmartQuotation/backend/.venv/lib/python3.13/site-packages/django/utils/asyncio.py", line 26, in inner
    return func(*args, **kwargs)
  File "/home/rcosta00/dev/SmartQuotation/backend/.venv/lib/python3.13/site-packages/django/db/backends/postgresql/base.py", line 429, in create_cursor
    cursor = self.connection.cursor()
psycopg2.InterfaceError: connection already closed

The above exception was the direct cause of the following exception:

Traceback (most recent call last):
  File "/home/rcosta00/dev/SmartQuotation/backend/.venv/lib/python3.13/site-packages/django_tenants/test/cases.py", line 34, in setUpClass
    cls.sync_shared()
    ~~~~~~~~~~~~~~~^^
  File "/home/rcosta00/dev/SmartQuotation/backend/.venv/lib/python3.13/site-packages/django_tenants/test/cases.py", line 76, in sync_shared
    call_command('migrate_schemas',
    ~~~~~~~~~~~~^^^^^^^^^^^^^^^^^^^
                 schema_name=get_public_schema_name(),
                 ^^^^^^^^^^^^^^^^^^^^^^^^^^^^^^^^^^^^^
                 interactive=False,
                 ^^^^^^^^^^^^^^^^^^
                 verbosity=0)
                 ^^^^^^^^^^^^
  File "/home/rcosta00/dev/SmartQuotation/backend/.venv/lib/python3.13/site-packages/django/core/management/__init__.py", line 194, in call_command
    return command.execute(*args, **defaults)
           ~~~~~~~~~~~~~~~^^^^^^^^^^^^^^^^^^^
  File "/home/rcosta00/dev/SmartQuotation/backend/.venv/lib/python3.13/site-packages/django/core/management/base.py", line 460, in execute
    output = self.handle(*args, **options)
  File "/home/rcosta00/dev/SmartQuotation/backend/.venv/lib/python3.13/site-packages/django_tenants/management/commands/migrate_schemas.py", line 66, in handle
    executor.run_migrations(tenants=[self.PUBLIC_SCHEMA_NAME])
    ~~~~~~~~~~~~~~~~~~~~~~~^^^^^^^^^^^^^^^^^^^^^^^^^^^^^^^^^^^
  File "/home/rcosta00/dev/SmartQuotation/backend/.venv/lib/python3.13/site-packages/django_tenants/migration_executors/standard.py", line 11, in run_migrations
    run_migrations(self.args, self.options, self.codename, self.PUBLIC_SCHEMA_NAME)
    ~~~~~~~~~~~~~~^^^^^^^^^^^^^^^^^^^^^^^^^^^^^^^^^^^^^^^^^^^^^^^^^^^^^^^^^^^^^^^^^
  File "/home/rcosta00/dev/SmartQuotation/backend/.venv/lib/python3.13/site-packages/django_tenants/migration_executors/base.py", line 51, in run_migrations
    migration_recorder.ensure_schema()
    ~~~~~~~~~~~~~~~~~~~~~~~~~~~~~~~~^^
  File "/home/rcosta00/dev/SmartQuotation/backend/.venv/lib/python3.13/site-packages/django/db/migrations/recorder.py", line 73, in ensure_schema
    if self.has_table():
       ~~~~~~~~~~~~~~^^
  File "/home/rcosta00/dev/SmartQuotation/backend/.venv/lib/python3.13/site-packages/django/db/migrations/recorder.py", line 63, in has_table
    with self.connection.cursor() as cursor:
         ~~~~~~~~~~~~~~~~~~~~~~^^
  File "/home/rcosta00/dev/SmartQuotation/backend/.venv/lib/python3.13/site-packages/django/utils/asyncio.py", line 26, in inner
    return func(*args, **kwargs)
  File "/home/rcosta00/dev/SmartQuotation/backend/.venv/lib/python3.13/site-packages/django/db/backends/base/base.py", line 320, in cursor
    return self._cursor()
           ~~~~~~~~~~~~^^
  File "/home/rcosta00/dev/SmartQuotation/backend/.venv/lib/python3.13/site-packages/django_tenants/postgresql_backend/base.py", line 144, in _cursor
    cursor = super()._cursor()
  File "/home/rcosta00/dev/SmartQuotation/backend/.venv/lib/python3.13/site-packages/django/db/backends/base/base.py", line 297, in _cursor
    with self.wrap_database_errors:
         ^^^^^^^^^^^^^^^^^^^^^^^^^
  File "/home/rcosta00/dev/SmartQuotation/backend/.venv/lib/python3.13/site-packages/django/db/utils.py", line 91, in __exit__
    raise dj_exc_value.with_traceback(traceback) from exc_value
  File "/home/rcosta00/dev/SmartQuotation/backend/.venv/lib/python3.13/site-packages/django/db/backends/base/base.py", line 298, in _cursor
    return self._prepare_cursor(self.create_cursor(name))
                                ~~~~~~~~~~~~~~~~~~^^^^^^
  File "/home/rcosta00/dev/SmartQuotation/backend/.venv/lib/python3.13/site-packages/django/utils/asyncio.py", line 26, in inner
    return func(*args, **kwargs)
  File "/home/rcosta00/dev/SmartQuotation/backend/.venv/lib/python3.13/site-packages/django/db/backends/postgresql/base.py", line 429, in create_cursor
    cursor = self.connection.cursor()
django.db.utils.InterfaceError: connection already closed

======================================================================
ERROR: setUpClass (apps.accounts.tests.TenantMemberRoleChangeTests)
----------------------------------------------------------------------
Traceback (most recent call last):
  File "/home/rcosta00/dev/SmartQuotation/backend/.venv/lib/python3.13/site-packages/django/db/backends/base/base.py", line 298, in _cursor
    return self._prepare_cursor(self.create_cursor(name))
                                ~~~~~~~~~~~~~~~~~~^^^^^^
  File "/home/rcosta00/dev/SmartQuotation/backend/.venv/lib/python3.13/site-packages/django/utils/asyncio.py", line 26, in inner
    return func(*args, **kwargs)
  File "/home/rcosta00/dev/SmartQuotation/backend/.venv/lib/python3.13/site-packages/django/db/backends/postgresql/base.py", line 429, in create_cursor
    cursor = self.connection.cursor()
psycopg2.InterfaceError: connection already closed

The above exception was the direct cause of the following exception:

Traceback (most recent call last):
  File "/home/rcosta00/dev/SmartQuotation/backend/.venv/lib/python3.13/site-packages/django_tenants/test/cases.py", line 34, in setUpClass
    cls.sync_shared()
    ~~~~~~~~~~~~~~~^^
  File "/home/rcosta00/dev/SmartQuotation/backend/.venv/lib/python3.13/site-packages/django_tenants/test/cases.py", line 76, in sync_shared
    call_command('migrate_schemas',
    ~~~~~~~~~~~~^^^^^^^^^^^^^^^^^^^
                 schema_name=get_public_schema_name(),
                 ^^^^^^^^^^^^^^^^^^^^^^^^^^^^^^^^^^^^^
                 interactive=False,
                 ^^^^^^^^^^^^^^^^^^
                 verbosity=0)
                 ^^^^^^^^^^^^
  File "/home/rcosta00/dev/SmartQuotation/backend/.venv/lib/python3.13/site-packages/django/core/management/__init__.py", line 194, in call_command
    return command.execute(*args, **defaults)
           ~~~~~~~~~~~~~~~^^^^^^^^^^^^^^^^^^^
  File "/home/rcosta00/dev/SmartQuotation/backend/.venv/lib/python3.13/site-packages/django/core/management/base.py", line 460, in execute
    output = self.handle(*args, **options)
  File "/home/rcosta00/dev/SmartQuotation/backend/.venv/lib/python3.13/site-packages/django_tenants/management/commands/migrate_schemas.py", line 66, in handle
    executor.run_migrations(tenants=[self.PUBLIC_SCHEMA_NAME])
    ~~~~~~~~~~~~~~~~~~~~~~~^^^^^^^^^^^^^^^^^^^^^^^^^^^^^^^^^^^
  File "/home/rcosta00/dev/SmartQuotation/backend/.venv/lib/python3.13/site-packages/django_tenants/migration_executors/standard.py", line 11, in run_migrations
    run_migrations(self.args, self.options, self.codename, self.PUBLIC_SCHEMA_NAME)
    ~~~~~~~~~~~~~~^^^^^^^^^^^^^^^^^^^^^^^^^^^^^^^^^^^^^^^^^^^^^^^^^^^^^^^^^^^^^^^^^
  File "/home/rcosta00/dev/SmartQuotation/backend/.venv/lib/python3.13/site-packages/django_tenants/migration_executors/base.py", line 51, in run_migrations
    migration_recorder.ensure_schema()
    ~~~~~~~~~~~~~~~~~~~~~~~~~~~~~~~~^^
  File "/home/rcosta00/dev/SmartQuotation/backend/.venv/lib/python3.13/site-packages/django/db/migrations/recorder.py", line 73, in ensure_schema
    if self.has_table():
       ~~~~~~~~~~~~~~^^
  File "/home/rcosta00/dev/SmartQuotation/backend/.venv/lib/python3.13/site-packages/django/db/migrations/recorder.py", line 63, in has_table
    with self.connection.cursor() as cursor:
         ~~~~~~~~~~~~~~~~~~~~~~^^
  File "/home/rcosta00/dev/SmartQuotation/backend/.venv/lib/python3.13/site-packages/django/utils/asyncio.py", line 26, in inner
    return func(*args, **kwargs)
  File "/home/rcosta00/dev/SmartQuotation/backend/.venv/lib/python3.13/site-packages/django/db/backends/base/base.py", line 320, in cursor
    return self._cursor()
           ~~~~~~~~~~~~^^
  File "/home/rcosta00/dev/SmartQuotation/backend/.venv/lib/python3.13/site-packages/django_tenants/postgresql_backend/base.py", line 144, in _cursor
    cursor = super()._cursor()
  File "/home/rcosta00/dev/SmartQuotation/backend/.venv/lib/python3.13/site-packages/django/db/backends/base/base.py", line 297, in _cursor
    with self.wrap_database_errors:
         ^^^^^^^^^^^^^^^^^^^^^^^^^
  File "/home/rcosta00/dev/SmartQuotation/backend/.venv/lib/python3.13/site-packages/django/db/utils.py", line 91, in __exit__
    raise dj_exc_value.with_traceback(traceback) from exc_value
  File "/home/rcosta00/dev/SmartQuotation/backend/.venv/lib/python3.13/site-packages/django/db/backends/base/base.py", line 298, in _cursor
    return self._prepare_cursor(self.create_cursor(name))
                                ~~~~~~~~~~~~~~~~~~^^^^^^
  File "/home/rcosta00/dev/SmartQuotation/backend/.venv/lib/python3.13/site-packages/django/utils/asyncio.py", line 26, in inner
    return func(*args, **kwargs)
  File "/home/rcosta00/dev/SmartQuotation/backend/.venv/lib/python3.13/site-packages/django/db/backends/postgresql/base.py", line 429, in create_cursor
    cursor = self.connection.cursor()
django.db.utils.InterfaceError: connection already closed

======================================================================
ERROR: setUpClass (apps.accounts.tests.TenantMembersViewTests)
----------------------------------------------------------------------
Traceback (most recent call last):
  File "/home/rcosta00/dev/SmartQuotation/backend/.venv/lib/python3.13/site-packages/django/db/backends/base/base.py", line 298, in _cursor
    return self._prepare_cursor(self.create_cursor(name))
                                ~~~~~~~~~~~~~~~~~~^^^^^^
  File "/home/rcosta00/dev/SmartQuotation/backend/.venv/lib/python3.13/site-packages/django/utils/asyncio.py", line 26, in inner
    return func(*args, **kwargs)
  File "/home/rcosta00/dev/SmartQuotation/backend/.venv/lib/python3.13/site-packages/django/db/backends/postgresql/base.py", line 429, in create_cursor
    cursor = self.connection.cursor()
psycopg2.InterfaceError: connection already closed

The above exception was the direct cause of the following exception:

Traceback (most recent call last):
  File "/home/rcosta00/dev/SmartQuotation/backend/.venv/lib/python3.13/site-packages/django_tenants/test/cases.py", line 34, in setUpClass
    cls.sync_shared()
    ~~~~~~~~~~~~~~~^^
  File "/home/rcosta00/dev/SmartQuotation/backend/.venv/lib/python3.13/site-packages/django_tenants/test/cases.py", line 76, in sync_shared
    call_command('migrate_schemas',
    ~~~~~~~~~~~~^^^^^^^^^^^^^^^^^^^
                 schema_name=get_public_schema_name(),
                 ^^^^^^^^^^^^^^^^^^^^^^^^^^^^^^^^^^^^^
                 interactive=False,
                 ^^^^^^^^^^^^^^^^^^
                 verbosity=0)
                 ^^^^^^^^^^^^
  File "/home/rcosta00/dev/SmartQuotation/backend/.venv/lib/python3.13/site-packages/django/core/management/__init__.py", line 194, in call_command
    return command.execute(*args, **defaults)
           ~~~~~~~~~~~~~~~^^^^^^^^^^^^^^^^^^^
  File "/home/rcosta00/dev/SmartQuotation/backend/.venv/lib/python3.13/site-packages/django/core/management/base.py", line 460, in execute
    output = self.handle(*args, **options)
  File "/home/rcosta00/dev/SmartQuotation/backend/.venv/lib/python3.13/site-packages/django_tenants/management/commands/migrate_schemas.py", line 66, in handle
    executor.run_migrations(tenants=[self.PUBLIC_SCHEMA_NAME])
    ~~~~~~~~~~~~~~~~~~~~~~~^^^^^^^^^^^^^^^^^^^^^^^^^^^^^^^^^^^
  File "/home/rcosta00/dev/SmartQuotation/backend/.venv/lib/python3.13/site-packages/django_tenants/migration_executors/standard.py", line 11, in run_migrations
    run_migrations(self.args, self.options, self.codename, self.PUBLIC_SCHEMA_NAME)
    ~~~~~~~~~~~~~~^^^^^^^^^^^^^^^^^^^^^^^^^^^^^^^^^^^^^^^^^^^^^^^^^^^^^^^^^^^^^^^^^
  File "/home/rcosta00/dev/SmartQuotation/backend/.venv/lib/python3.13/site-packages/django_tenants/migration_executors/base.py", line 51, in run_migrations
    migration_recorder.ensure_schema()
    ~~~~~~~~~~~~~~~~~~~~~~~~~~~~~~~~^^
  File "/home/rcosta00/dev/SmartQuotation/backend/.venv/lib/python3.13/site-packages/django/db/migrations/recorder.py", line 73, in ensure_schema
    if self.has_table():
       ~~~~~~~~~~~~~~^^
  File "/home/rcosta00/dev/SmartQuotation/backend/.venv/lib/python3.13/site-packages/django/db/migrations/recorder.py", line 63, in has_table
    with self.connection.cursor() as cursor:
         ~~~~~~~~~~~~~~~~~~~~~~^^
  File "/home/rcosta00/dev/SmartQuotation/backend/.venv/lib/python3.13/site-packages/django/utils/asyncio.py", line 26, in inner
    return func(*args, **kwargs)
  File "/home/rcosta00/dev/SmartQuotation/backend/.venv/lib/python3.13/site-packages/django/db/backends/base/base.py", line 320, in cursor
    return self._cursor()
           ~~~~~~~~~~~~^^
  File "/home/rcosta00/dev/SmartQuotation/backend/.venv/lib/python3.13/site-packages/django_tenants/postgresql_backend/base.py", line 144, in _cursor
    cursor = super()._cursor()
  File "/home/rcosta00/dev/SmartQuotation/backend/.venv/lib/python3.13/site-packages/django/db/backends/base/base.py", line 297, in _cursor
    with self.wrap_database_errors:
         ^^^^^^^^^^^^^^^^^^^^^^^^^
  File "/home/rcosta00/dev/SmartQuotation/backend/.venv/lib/python3.13/site-packages/django/db/utils.py", line 91, in __exit__
    raise dj_exc_value.with_traceback(traceback) from exc_value
  File "/home/rcosta00/dev/SmartQuotation/backend/.venv/lib/python3.13/site-packages/django/db/backends/base/base.py", line 298, in _cursor
    return self._prepare_cursor(self.create_cursor(name))
                                ~~~~~~~~~~~~~~~~~~^^^^^^
  File "/home/rcosta00/dev/SmartQuotation/backend/.venv/lib/python3.13/site-packages/django/utils/asyncio.py", line 26, in inner
    return func(*args, **kwargs)
  File "/home/rcosta00/dev/SmartQuotation/backend/.venv/lib/python3.13/site-packages/django/db/backends/postgresql/base.py", line 429, in create_cursor
    cursor = self.connection.cursor()
django.db.utils.InterfaceError: connection already closed

======================================================================
ERROR: setUpClass (apps.accounts.tests.TenantMembershipTests)
----------------------------------------------------------------------
Traceback (most recent call last):
  File "/home/rcosta00/dev/SmartQuotation/backend/.venv/lib/python3.13/site-packages/django/db/backends/base/base.py", line 298, in _cursor
    return self._prepare_cursor(self.create_cursor(name))
                                ~~~~~~~~~~~~~~~~~~^^^^^^
  File "/home/rcosta00/dev/SmartQuotation/backend/.venv/lib/python3.13/site-packages/django/utils/asyncio.py", line 26, in inner
    return func(*args, **kwargs)
  File "/home/rcosta00/dev/SmartQuotation/backend/.venv/lib/python3.13/site-packages/django/db/backends/postgresql/base.py", line 429, in create_cursor
    cursor = self.connection.cursor()
psycopg2.InterfaceError: connection already closed

The above exception was the direct cause of the following exception:

Traceback (most recent call last):
  File "/home/rcosta00/dev/SmartQuotation/backend/.venv/lib/python3.13/site-packages/django_tenants/test/cases.py", line 34, in setUpClass
    cls.sync_shared()
    ~~~~~~~~~~~~~~~^^
  File "/home/rcosta00/dev/SmartQuotation/backend/.venv/lib/python3.13/site-packages/django_tenants/test/cases.py", line 76, in sync_shared
    call_command('migrate_schemas',
    ~~~~~~~~~~~~^^^^^^^^^^^^^^^^^^^
                 schema_name=get_public_schema_name(),
                 ^^^^^^^^^^^^^^^^^^^^^^^^^^^^^^^^^^^^^
                 interactive=False,
                 ^^^^^^^^^^^^^^^^^^
                 verbosity=0)
                 ^^^^^^^^^^^^
  File "/home/rcosta00/dev/SmartQuotation/backend/.venv/lib/python3.13/site-packages/django/core/management/__init__.py", line 194, in call_command
    return command.execute(*args, **defaults)
           ~~~~~~~~~~~~~~~^^^^^^^^^^^^^^^^^^^
  File "/home/rcosta00/dev/SmartQuotation/backend/.venv/lib/python3.13/site-packages/django/core/management/base.py", line 460, in execute
    output = self.handle(*args, **options)
  File "/home/rcosta00/dev/SmartQuotation/backend/.venv/lib/python3.13/site-packages/django_tenants/management/commands/migrate_schemas.py", line 66, in handle
    executor.run_migrations(tenants=[self.PUBLIC_SCHEMA_NAME])
    ~~~~~~~~~~~~~~~~~~~~~~~^^^^^^^^^^^^^^^^^^^^^^^^^^^^^^^^^^^
  File "/home/rcosta00/dev/SmartQuotation/backend/.venv/lib/python3.13/site-packages/django_tenants/migration_executors/standard.py", line 11, in run_migrations
    run_migrations(self.args, self.options, self.codename, self.PUBLIC_SCHEMA_NAME)
    ~~~~~~~~~~~~~~^^^^^^^^^^^^^^^^^^^^^^^^^^^^^^^^^^^^^^^^^^^^^^^^^^^^^^^^^^^^^^^^^
  File "/home/rcosta00/dev/SmartQuotation/backend/.venv/lib/python3.13/site-packages/django_tenants/migration_executors/base.py", line 51, in run_migrations
    migration_recorder.ensure_schema()
    ~~~~~~~~~~~~~~~~~~~~~~~~~~~~~~~~^^
  File "/home/rcosta00/dev/SmartQuotation/backend/.venv/lib/python3.13/site-packages/django/db/migrations/recorder.py", line 73, in ensure_schema
    if self.has_table():
       ~~~~~~~~~~~~~~^^
  File "/home/rcosta00/dev/SmartQuotation/backend/.venv/lib/python3.13/site-packages/django/db/migrations/recorder.py", line 63, in has_table
    with self.connection.cursor() as cursor:
         ~~~~~~~~~~~~~~~~~~~~~~^^
  File "/home/rcosta00/dev/SmartQuotation/backend/.venv/lib/python3.13/site-packages/django/utils/asyncio.py", line 26, in inner
    return func(*args, **kwargs)
  File "/home/rcosta00/dev/SmartQuotation/backend/.venv/lib/python3.13/site-packages/django/db/backends/base/base.py", line 320, in cursor
    return self._cursor()
           ~~~~~~~~~~~~^^
  File "/home/rcosta00/dev/SmartQuotation/backend/.venv/lib/python3.13/site-packages/django_tenants/postgresql_backend/base.py", line 144, in _cursor
    cursor = super()._cursor()
  File "/home/rcosta00/dev/SmartQuotation/backend/.venv/lib/python3.13/site-packages/django/db/backends/base/base.py", line 297, in _cursor
    with self.wrap_database_errors:
         ^^^^^^^^^^^^^^^^^^^^^^^^^
  File "/home/rcosta00/dev/SmartQuotation/backend/.venv/lib/python3.13/site-packages/django/db/utils.py", line 91, in __exit__
    raise dj_exc_value.with_traceback(traceback) from exc_value
  File "/home/rcosta00/dev/SmartQuotation/backend/.venv/lib/python3.13/site-packages/django/db/backends/base/base.py", line 298, in _cursor
    return self._prepare_cursor(self.create_cursor(name))
                                ~~~~~~~~~~~~~~~~~~^^^^^^
  File "/home/rcosta00/dev/SmartQuotation/backend/.venv/lib/python3.13/site-packages/django/utils/asyncio.py", line 26, in inner
    return func(*args, **kwargs)
  File "/home/rcosta00/dev/SmartQuotation/backend/.venv/lib/python3.13/site-packages/django/db/backends/postgresql/base.py", line 429, in create_cursor
    cursor = self.connection.cursor()
django.db.utils.InterfaceError: connection already closed

======================================================================
ERROR: setUpClass (apps.accounts.tests.UserProfileModelTests)
----------------------------------------------------------------------
Traceback (most recent call last):
  File "/home/rcosta00/dev/SmartQuotation/backend/.venv/lib/python3.13/site-packages/django/db/backends/base/base.py", line 298, in _cursor
    return self._prepare_cursor(self.create_cursor(name))
                                ~~~~~~~~~~~~~~~~~~^^^^^^
  File "/home/rcosta00/dev/SmartQuotation/backend/.venv/lib/python3.13/site-packages/django/utils/asyncio.py", line 26, in inner
    return func(*args, **kwargs)
  File "/home/rcosta00/dev/SmartQuotation/backend/.venv/lib/python3.13/site-packages/django/db/backends/postgresql/base.py", line 429, in create_cursor
    cursor = self.connection.cursor()
psycopg2.InterfaceError: connection already closed

The above exception was the direct cause of the following exception:

Traceback (most recent call last):
  File "/home/rcosta00/dev/SmartQuotation/backend/.venv/lib/python3.13/site-packages/django_tenants/test/cases.py", line 34, in setUpClass
    cls.sync_shared()
    ~~~~~~~~~~~~~~~^^
  File "/home/rcosta00/dev/SmartQuotation/backend/.venv/lib/python3.13/site-packages/django_tenants/test/cases.py", line 76, in sync_shared
    call_command('migrate_schemas',
    ~~~~~~~~~~~~^^^^^^^^^^^^^^^^^^^
                 schema_name=get_public_schema_name(),
                 ^^^^^^^^^^^^^^^^^^^^^^^^^^^^^^^^^^^^^
                 interactive=False,
                 ^^^^^^^^^^^^^^^^^^
                 verbosity=0)
                 ^^^^^^^^^^^^
  File "/home/rcosta00/dev/SmartQuotation/backend/.venv/lib/python3.13/site-packages/django/core/management/__init__.py", line 194, in call_command
    return command.execute(*args, **defaults)
           ~~~~~~~~~~~~~~~^^^^^^^^^^^^^^^^^^^
  File "/home/rcosta00/dev/SmartQuotation/backend/.venv/lib/python3.13/site-packages/django/core/management/base.py", line 460, in execute
    output = self.handle(*args, **options)
  File "/home/rcosta00/dev/SmartQuotation/backend/.venv/lib/python3.13/site-packages/django_tenants/management/commands/migrate_schemas.py", line 66, in handle
    executor.run_migrations(tenants=[self.PUBLIC_SCHEMA_NAME])
    ~~~~~~~~~~~~~~~~~~~~~~~^^^^^^^^^^^^^^^^^^^^^^^^^^^^^^^^^^^
  File "/home/rcosta00/dev/SmartQuotation/backend/.venv/lib/python3.13/site-packages/django_tenants/migration_executors/standard.py", line 11, in run_migrations
    run_migrations(self.args, self.options, self.codename, self.PUBLIC_SCHEMA_NAME)
    ~~~~~~~~~~~~~~^^^^^^^^^^^^^^^^^^^^^^^^^^^^^^^^^^^^^^^^^^^^^^^^^^^^^^^^^^^^^^^^^
  File "/home/rcosta00/dev/SmartQuotation/backend/.venv/lib/python3.13/site-packages/django_tenants/migration_executors/base.py", line 51, in run_migrations
    migration_recorder.ensure_schema()
    ~~~~~~~~~~~~~~~~~~~~~~~~~~~~~~~~^^
  File "/home/rcosta00/dev/SmartQuotation/backend/.venv/lib/python3.13/site-packages/django/db/migrations/recorder.py", line 73, in ensure_schema
    if self.has_table():
       ~~~~~~~~~~~~~~^^
  File "/home/rcosta00/dev/SmartQuotation/backend/.venv/lib/python3.13/site-packages/django/db/migrations/recorder.py", line 63, in has_table
    with self.connection.cursor() as cursor:
         ~~~~~~~~~~~~~~~~~~~~~~^^
  File "/home/rcosta00/dev/SmartQuotation/backend/.venv/lib/python3.13/site-packages/django/utils/asyncio.py", line 26, in inner
    return func(*args, **kwargs)
  File "/home/rcosta00/dev/SmartQuotation/backend/.venv/lib/python3.13/site-packages/django/db/backends/base/base.py", line 320, in cursor
    return self._cursor()
           ~~~~~~~~~~~~^^
  File "/home/rcosta00/dev/SmartQuotation/backend/.venv/lib/python3.13/site-packages/django_tenants/postgresql_backend/base.py", line 144, in _cursor
    cursor = super()._cursor()
  File "/home/rcosta00/dev/SmartQuotation/backend/.venv/lib/python3.13/site-packages/django/db/backends/base/base.py", line 297, in _cursor
    with self.wrap_database_errors:
         ^^^^^^^^^^^^^^^^^^^^^^^^^
  File "/home/rcosta00/dev/SmartQuotation/backend/.venv/lib/python3.13/site-packages/django/db/utils.py", line 91, in __exit__
    raise dj_exc_value.with_traceback(traceback) from exc_value
  File "/home/rcosta00/dev/SmartQuotation/backend/.venv/lib/python3.13/site-packages/django/db/backends/base/base.py", line 298, in _cursor
    return self._prepare_cursor(self.create_cursor(name))
                                ~~~~~~~~~~~~~~~~~~^^^^^^
  File "/home/rcosta00/dev/SmartQuotation/backend/.venv/lib/python3.13/site-packages/django/utils/asyncio.py", line 26, in inner
    return func(*args, **kwargs)
  File "/home/rcosta00/dev/SmartQuotation/backend/.venv/lib/python3.13/site-packages/django/db/backends/postgresql/base.py", line 429, in create_cursor
    cursor = self.connection.cursor()
django.db.utils.InterfaceError: connection already closed

======================================================================
ERROR: setUpClass (apps.accounts.tests_roles.CreaTraitEnforcementTests)
----------------------------------------------------------------------
Traceback (most recent call last):
  File "/home/rcosta00/dev/SmartQuotation/backend/.venv/lib/python3.13/site-packages/django/db/backends/base/base.py", line 298, in _cursor
    return self._prepare_cursor(self.create_cursor(name))
                                ~~~~~~~~~~~~~~~~~~^^^^^^
  File "/home/rcosta00/dev/SmartQuotation/backend/.venv/lib/python3.13/site-packages/django/utils/asyncio.py", line 26, in inner
    return func(*args, **kwargs)
  File "/home/rcosta00/dev/SmartQuotation/backend/.venv/lib/python3.13/site-packages/django/db/backends/postgresql/base.py", line 429, in create_cursor
    cursor = self.connection.cursor()
psycopg2.InterfaceError: connection already closed

The above exception was the direct cause of the following exception:

Traceback (most recent call last):
  File "/home/rcosta00/dev/SmartQuotation/backend/.venv/lib/python3.13/site-packages/django_tenants/test/cases.py", line 34, in setUpClass
    cls.sync_shared()
    ~~~~~~~~~~~~~~~^^
  File "/home/rcosta00/dev/SmartQuotation/backend/.venv/lib/python3.13/site-packages/django_tenants/test/cases.py", line 76, in sync_shared
    call_command('migrate_schemas',
    ~~~~~~~~~~~~^^^^^^^^^^^^^^^^^^^
                 schema_name=get_public_schema_name(),
                 ^^^^^^^^^^^^^^^^^^^^^^^^^^^^^^^^^^^^^
                 interactive=False,
                 ^^^^^^^^^^^^^^^^^^
                 verbosity=0)
                 ^^^^^^^^^^^^
  File "/home/rcosta00/dev/SmartQuotation/backend/.venv/lib/python3.13/site-packages/django/core/management/__init__.py", line 194, in call_command
    return command.execute(*args, **defaults)
           ~~~~~~~~~~~~~~~^^^^^^^^^^^^^^^^^^^
  File "/home/rcosta00/dev/SmartQuotation/backend/.venv/lib/python3.13/site-packages/django/core/management/base.py", line 460, in execute
    output = self.handle(*args, **options)
  File "/home/rcosta00/dev/SmartQuotation/backend/.venv/lib/python3.13/site-packages/django_tenants/management/commands/migrate_schemas.py", line 66, in handle
    executor.run_migrations(tenants=[self.PUBLIC_SCHEMA_NAME])
    ~~~~~~~~~~~~~~~~~~~~~~~^^^^^^^^^^^^^^^^^^^^^^^^^^^^^^^^^^^
  File "/home/rcosta00/dev/SmartQuotation/backend/.venv/lib/python3.13/site-packages/django_tenants/migration_executors/standard.py", line 11, in run_migrations
    run_migrations(self.args, self.options, self.codename, self.PUBLIC_SCHEMA_NAME)
    ~~~~~~~~~~~~~~^^^^^^^^^^^^^^^^^^^^^^^^^^^^^^^^^^^^^^^^^^^^^^^^^^^^^^^^^^^^^^^^^
  File "/home/rcosta00/dev/SmartQuotation/backend/.venv/lib/python3.13/site-packages/django_tenants/migration_executors/base.py", line 51, in run_migrations
    migration_recorder.ensure_schema()
    ~~~~~~~~~~~~~~~~~~~~~~~~~~~~~~~~^^
  File "/home/rcosta00/dev/SmartQuotation/backend/.venv/lib/python3.13/site-packages/django/db/migrations/recorder.py", line 73, in ensure_schema
    if self.has_table():
       ~~~~~~~~~~~~~~^^
  File "/home/rcosta00/dev/SmartQuotation/backend/.venv/lib/python3.13/site-packages/django/db/migrations/recorder.py", line 63, in has_table
    with self.connection.cursor() as cursor:
         ~~~~~~~~~~~~~~~~~~~~~~^^
  File "/home/rcosta00/dev/SmartQuotation/backend/.venv/lib/python3.13/site-packages/django/utils/asyncio.py", line 26, in inner
    return func(*args, **kwargs)
  File "/home/rcosta00/dev/SmartQuotation/backend/.venv/lib/python3.13/site-packages/django/db/backends/base/base.py", line 320, in cursor
    return self._cursor()
           ~~~~~~~~~~~~^^
  File "/home/rcosta00/dev/SmartQuotation/backend/.venv/lib/python3.13/site-packages/django_tenants/postgresql_backend/base.py", line 144, in _cursor
    cursor = super()._cursor()
  File "/home/rcosta00/dev/SmartQuotation/backend/.venv/lib/python3.13/site-packages/django/db/backends/base/base.py", line 297, in _cursor
    with self.wrap_database_errors:
         ^^^^^^^^^^^^^^^^^^^^^^^^^
  File "/home/rcosta00/dev/SmartQuotation/backend/.venv/lib/python3.13/site-packages/django/db/utils.py", line 91, in __exit__
    raise dj_exc_value.with_traceback(traceback) from exc_value
  File "/home/rcosta00/dev/SmartQuotation/backend/.venv/lib/python3.13/site-packages/django/db/backends/base/base.py", line 298, in _cursor
    return self._prepare_cursor(self.create_cursor(name))
                                ~~~~~~~~~~~~~~~~~~^^^^^^
  File "/home/rcosta00/dev/SmartQuotation/backend/.venv/lib/python3.13/site-packages/django/utils/asyncio.py", line 26, in inner
    return func(*args, **kwargs)
  File "/home/rcosta00/dev/SmartQuotation/backend/.venv/lib/python3.13/site-packages/django/db/backends/postgresql/base.py", line 429, in create_cursor
    cursor = self.connection.cursor()
django.db.utils.InterfaceError: connection already closed

======================================================================
ERROR: setUpClass (apps.accounts.tests_roles.SeededRolesTests)
----------------------------------------------------------------------
Traceback (most recent call last):
  File "/home/rcosta00/dev/SmartQuotation/backend/.venv/lib/python3.13/site-packages/django/db/backends/base/base.py", line 298, in _cursor
    return self._prepare_cursor(self.create_cursor(name))
                                ~~~~~~~~~~~~~~~~~~^^^^^^
  File "/home/rcosta00/dev/SmartQuotation/backend/.venv/lib/python3.13/site-packages/django/utils/asyncio.py", line 26, in inner
    return func(*args, **kwargs)
  File "/home/rcosta00/dev/SmartQuotation/backend/.venv/lib/python3.13/site-packages/django/db/backends/postgresql/base.py", line 429, in create_cursor
    cursor = self.connection.cursor()
psycopg2.InterfaceError: connection already closed

The above exception was the direct cause of the following exception:

Traceback (most recent call last):
  File "/home/rcosta00/dev/SmartQuotation/backend/.venv/lib/python3.13/site-packages/django_tenants/test/cases.py", line 34, in setUpClass
    cls.sync_shared()
    ~~~~~~~~~~~~~~~^^
  File "/home/rcosta00/dev/SmartQuotation/backend/.venv/lib/python3.13/site-packages/django_tenants/test/cases.py", line 76, in sync_shared
    call_command('migrate_schemas',
    ~~~~~~~~~~~~^^^^^^^^^^^^^^^^^^^
                 schema_name=get_public_schema_name(),
                 ^^^^^^^^^^^^^^^^^^^^^^^^^^^^^^^^^^^^^
                 interactive=False,
                 ^^^^^^^^^^^^^^^^^^
                 verbosity=0)
                 ^^^^^^^^^^^^
  File "/home/rcosta00/dev/SmartQuotation/backend/.venv/lib/python3.13/site-packages/django/core/management/__init__.py", line 194, in call_command
    return command.execute(*args, **defaults)
           ~~~~~~~~~~~~~~~^^^^^^^^^^^^^^^^^^^
  File "/home/rcosta00/dev/SmartQuotation/backend/.venv/lib/python3.13/site-packages/django/core/management/base.py", line 460, in execute
    output = self.handle(*args, **options)
  File "/home/rcosta00/dev/SmartQuotation/backend/.venv/lib/python3.13/site-packages/django_tenants/management/commands/migrate_schemas.py", line 66, in handle
    executor.run_migrations(tenants=[self.PUBLIC_SCHEMA_NAME])
    ~~~~~~~~~~~~~~~~~~~~~~~^^^^^^^^^^^^^^^^^^^^^^^^^^^^^^^^^^^
  File "/home/rcosta00/dev/SmartQuotation/backend/.venv/lib/python3.13/site-packages/django_tenants/migration_executors/standard.py", line 11, in run_migrations
    run_migrations(self.args, self.options, self.codename, self.PUBLIC_SCHEMA_NAME)
    ~~~~~~~~~~~~~~^^^^^^^^^^^^^^^^^^^^^^^^^^^^^^^^^^^^^^^^^^^^^^^^^^^^^^^^^^^^^^^^^
  File "/home/rcosta00/dev/SmartQuotation/backend/.venv/lib/python3.13/site-packages/django_tenants/migration_executors/base.py", line 51, in run_migrations
    migration_recorder.ensure_schema()
    ~~~~~~~~~~~~~~~~~~~~~~~~~~~~~~~~^^
  File "/home/rcosta00/dev/SmartQuotation/backend/.venv/lib/python3.13/site-packages/django/db/migrations/recorder.py", line 73, in ensure_schema
    if self.has_table():
       ~~~~~~~~~~~~~~^^
  File "/home/rcosta00/dev/SmartQuotation/backend/.venv/lib/python3.13/site-packages/django/db/migrations/recorder.py", line 63, in has_table
    with self.connection.cursor() as cursor:
         ~~~~~~~~~~~~~~~~~~~~~~^^
  File "/home/rcosta00/dev/SmartQuotation/backend/.venv/lib/python3.13/site-packages/django/utils/asyncio.py", line 26, in inner
    return func(*args, **kwargs)
  File "/home/rcosta00/dev/SmartQuotation/backend/.venv/lib/python3.13/site-packages/django/db/backends/base/base.py", line 320, in cursor
    return self._cursor()
           ~~~~~~~~~~~~^^
  File "/home/rcosta00/dev/SmartQuotation/backend/.venv/lib/python3.13/site-packages/django_tenants/postgresql_backend/base.py", line 144, in _cursor
    cursor = super()._cursor()
  File "/home/rcosta00/dev/SmartQuotation/backend/.venv/lib/python3.13/site-packages/django/db/backends/base/base.py", line 297, in _cursor
    with self.wrap_database_errors:
         ^^^^^^^^^^^^^^^^^^^^^^^^^
  File "/home/rcosta00/dev/SmartQuotation/backend/.venv/lib/python3.13/site-packages/django/db/utils.py", line 91, in __exit__
    raise dj_exc_value.with_traceback(traceback) from exc_value
  File "/home/rcosta00/dev/SmartQuotation/backend/.venv/lib/python3.13/site-packages/django/db/backends/base/base.py", line 298, in _cursor
    return self._prepare_cursor(self.create_cursor(name))
                                ~~~~~~~~~~~~~~~~~~^^^^^^
  File "/home/rcosta00/dev/SmartQuotation/backend/.venv/lib/python3.13/site-packages/django/utils/asyncio.py", line 26, in inner
    return func(*args, **kwargs)
  File "/home/rcosta00/dev/SmartQuotation/backend/.venv/lib/python3.13/site-packages/django/db/backends/postgresql/base.py", line 429, in create_cursor
    cursor = self.connection.cursor()
django.db.utils.InterfaceError: connection already closed

======================================================================
ERROR: setUpClass (apps.audit.tests.AccessLogTests)
----------------------------------------------------------------------
Traceback (most recent call last):
  File "/home/rcosta00/dev/SmartQuotation/backend/.venv/lib/python3.13/site-packages/django/db/backends/base/base.py", line 298, in _cursor
    return self._prepare_cursor(self.create_cursor(name))
                                ~~~~~~~~~~~~~~~~~~^^^^^^
  File "/home/rcosta00/dev/SmartQuotation/backend/.venv/lib/python3.13/site-packages/django/utils/asyncio.py", line 26, in inner
    return func(*args, **kwargs)
  File "/home/rcosta00/dev/SmartQuotation/backend/.venv/lib/python3.13/site-packages/django/db/backends/postgresql/base.py", line 429, in create_cursor
    cursor = self.connection.cursor()
psycopg2.InterfaceError: connection already closed

The above exception was the direct cause of the following exception:

Traceback (most recent call last):
  File "/home/rcosta00/dev/SmartQuotation/backend/.venv/lib/python3.13/site-packages/django_tenants/test/cases.py", line 34, in setUpClass
    cls.sync_shared()
    ~~~~~~~~~~~~~~~^^
  File "/home/rcosta00/dev/SmartQuotation/backend/.venv/lib/python3.13/site-packages/django_tenants/test/cases.py", line 76, in sync_shared
    call_command('migrate_schemas',
    ~~~~~~~~~~~~^^^^^^^^^^^^^^^^^^^
                 schema_name=get_public_schema_name(),
                 ^^^^^^^^^^^^^^^^^^^^^^^^^^^^^^^^^^^^^
                 interactive=False,
                 ^^^^^^^^^^^^^^^^^^
                 verbosity=0)
                 ^^^^^^^^^^^^
  File "/home/rcosta00/dev/SmartQuotation/backend/.venv/lib/python3.13/site-packages/django/core/management/__init__.py", line 194, in call_command
    return command.execute(*args, **defaults)
           ~~~~~~~~~~~~~~~^^^^^^^^^^^^^^^^^^^
  File "/home/rcosta00/dev/SmartQuotation/backend/.venv/lib/python3.13/site-packages/django/core/management/base.py", line 460, in execute
    output = self.handle(*args, **options)
  File "/home/rcosta00/dev/SmartQuotation/backend/.venv/lib/python3.13/site-packages/django_tenants/management/commands/migrate_schemas.py", line 66, in handle
    executor.run_migrations(tenants=[self.PUBLIC_SCHEMA_NAME])
    ~~~~~~~~~~~~~~~~~~~~~~~^^^^^^^^^^^^^^^^^^^^^^^^^^^^^^^^^^^
  File "/home/rcosta00/dev/SmartQuotation/backend/.venv/lib/python3.13/site-packages/django_tenants/migration_executors/standard.py", line 11, in run_migrations
    run_migrations(self.args, self.options, self.codename, self.PUBLIC_SCHEMA_NAME)
    ~~~~~~~~~~~~~~^^^^^^^^^^^^^^^^^^^^^^^^^^^^^^^^^^^^^^^^^^^^^^^^^^^^^^^^^^^^^^^^^
  File "/home/rcosta00/dev/SmartQuotation/backend/.venv/lib/python3.13/site-packages/django_tenants/migration_executors/base.py", line 51, in run_migrations
    migration_recorder.ensure_schema()
    ~~~~~~~~~~~~~~~~~~~~~~~~~~~~~~~~^^
  File "/home/rcosta00/dev/SmartQuotation/backend/.venv/lib/python3.13/site-packages/django/db/migrations/recorder.py", line 73, in ensure_schema
    if self.has_table():
       ~~~~~~~~~~~~~~^^
  File "/home/rcosta00/dev/SmartQuotation/backend/.venv/lib/python3.13/site-packages/django/db/migrations/recorder.py", line 63, in has_table
    with self.connection.cursor() as cursor:
         ~~~~~~~~~~~~~~~~~~~~~~^^
  File "/home/rcosta00/dev/SmartQuotation/backend/.venv/lib/python3.13/site-packages/django/utils/asyncio.py", line 26, in inner
    return func(*args, **kwargs)
  File "/home/rcosta00/dev/SmartQuotation/backend/.venv/lib/python3.13/site-packages/django/db/backends/base/base.py", line 320, in cursor
    return self._cursor()
           ~~~~~~~~~~~~^^
  File "/home/rcosta00/dev/SmartQuotation/backend/.venv/lib/python3.13/site-packages/django_tenants/postgresql_backend/base.py", line 144, in _cursor
    cursor = super()._cursor()
  File "/home/rcosta00/dev/SmartQuotation/backend/.venv/lib/python3.13/site-packages/django/db/backends/base/base.py", line 297, in _cursor
    with self.wrap_database_errors:
         ^^^^^^^^^^^^^^^^^^^^^^^^^
  File "/home/rcosta00/dev/SmartQuotation/backend/.venv/lib/python3.13/site-packages/django/db/utils.py", line 91, in __exit__
    raise dj_exc_value.with_traceback(traceback) from exc_value
  File "/home/rcosta00/dev/SmartQuotation/backend/.venv/lib/python3.13/site-packages/django/db/backends/base/base.py", line 298, in _cursor
    return self._prepare_cursor(self.create_cursor(name))
                                ~~~~~~~~~~~~~~~~~~^^^^^^
  File "/home/rcosta00/dev/SmartQuotation/backend/.venv/lib/python3.13/site-packages/django/utils/asyncio.py", line 26, in inner
    return func(*args, **kwargs)
  File "/home/rcosta00/dev/SmartQuotation/backend/.venv/lib/python3.13/site-packages/django/db/backends/postgresql/base.py", line 429, in create_cursor
    cursor = self.connection.cursor()
django.db.utils.InterfaceError: connection already closed

======================================================================
ERROR: setUpClass (apps.audit.tests.TechnicalApprovalTests)
----------------------------------------------------------------------
Traceback (most recent call last):
  File "/home/rcosta00/dev/SmartQuotation/backend/.venv/lib/python3.13/site-packages/django/db/backends/base/base.py", line 298, in _cursor
    return self._prepare_cursor(self.create_cursor(name))
                                ~~~~~~~~~~~~~~~~~~^^^^^^
  File "/home/rcosta00/dev/SmartQuotation/backend/.venv/lib/python3.13/site-packages/django/utils/asyncio.py", line 26, in inner
    return func(*args, **kwargs)
  File "/home/rcosta00/dev/SmartQuotation/backend/.venv/lib/python3.13/site-packages/django/db/backends/postgresql/base.py", line 429, in create_cursor
    cursor = self.connection.cursor()
psycopg2.InterfaceError: connection already closed

The above exception was the direct cause of the following exception:

Traceback (most recent call last):
  File "/home/rcosta00/dev/SmartQuotation/backend/.venv/lib/python3.13/site-packages/django_tenants/test/cases.py", line 34, in setUpClass
    cls.sync_shared()
    ~~~~~~~~~~~~~~~^^
  File "/home/rcosta00/dev/SmartQuotation/backend/.venv/lib/python3.13/site-packages/django_tenants/test/cases.py", line 76, in sync_shared
    call_command('migrate_schemas',
    ~~~~~~~~~~~~^^^^^^^^^^^^^^^^^^^
                 schema_name=get_public_schema_name(),
                 ^^^^^^^^^^^^^^^^^^^^^^^^^^^^^^^^^^^^^
                 interactive=False,
                 ^^^^^^^^^^^^^^^^^^
                 verbosity=0)
                 ^^^^^^^^^^^^
  File "/home/rcosta00/dev/SmartQuotation/backend/.venv/lib/python3.13/site-packages/django/core/management/__init__.py", line 194, in call_command
    return command.execute(*args, **defaults)
           ~~~~~~~~~~~~~~~^^^^^^^^^^^^^^^^^^^
  File "/home/rcosta00/dev/SmartQuotation/backend/.venv/lib/python3.13/site-packages/django/core/management/base.py", line 460, in execute
    output = self.handle(*args, **options)
  File "/home/rcosta00/dev/SmartQuotation/backend/.venv/lib/python3.13/site-packages/django_tenants/management/commands/migrate_schemas.py", line 66, in handle
    executor.run_migrations(tenants=[self.PUBLIC_SCHEMA_NAME])
    ~~~~~~~~~~~~~~~~~~~~~~~^^^^^^^^^^^^^^^^^^^^^^^^^^^^^^^^^^^
  File "/home/rcosta00/dev/SmartQuotation/backend/.venv/lib/python3.13/site-packages/django_tenants/migration_executors/standard.py", line 11, in run_migrations
    run_migrations(self.args, self.options, self.codename, self.PUBLIC_SCHEMA_NAME)
    ~~~~~~~~~~~~~~^^^^^^^^^^^^^^^^^^^^^^^^^^^^^^^^^^^^^^^^^^^^^^^^^^^^^^^^^^^^^^^^^
  File "/home/rcosta00/dev/SmartQuotation/backend/.venv/lib/python3.13/site-packages/django_tenants/migration_executors/base.py", line 51, in run_migrations
    migration_recorder.ensure_schema()
    ~~~~~~~~~~~~~~~~~~~~~~~~~~~~~~~~^^
  File "/home/rcosta00/dev/SmartQuotation/backend/.venv/lib/python3.13/site-packages/django/db/migrations/recorder.py", line 73, in ensure_schema
    if self.has_table():
       ~~~~~~~~~~~~~~^^
  File "/home/rcosta00/dev/SmartQuotation/backend/.venv/lib/python3.13/site-packages/django/db/migrations/recorder.py", line 63, in has_table
    with self.connection.cursor() as cursor:
         ~~~~~~~~~~~~~~~~~~~~~~^^
  File "/home/rcosta00/dev/SmartQuotation/backend/.venv/lib/python3.13/site-packages/django/utils/asyncio.py", line 26, in inner
    return func(*args, **kwargs)
  File "/home/rcosta00/dev/SmartQuotation/backend/.venv/lib/python3.13/site-packages/django/db/backends/base/base.py", line 320, in cursor
    return self._cursor()
           ~~~~~~~~~~~~^^
  File "/home/rcosta00/dev/SmartQuotation/backend/.venv/lib/python3.13/site-packages/django_tenants/postgresql_backend/base.py", line 144, in _cursor
    cursor = super()._cursor()
  File "/home/rcosta00/dev/SmartQuotation/backend/.venv/lib/python3.13/site-packages/django/db/backends/base/base.py", line 297, in _cursor
    with self.wrap_database_errors:
         ^^^^^^^^^^^^^^^^^^^^^^^^^
  File "/home/rcosta00/dev/SmartQuotation/backend/.venv/lib/python3.13/site-packages/django/db/utils.py", line 91, in __exit__
    raise dj_exc_value.with_traceback(traceback) from exc_value
  File "/home/rcosta00/dev/SmartQuotation/backend/.venv/lib/python3.13/site-packages/django/db/backends/base/base.py", line 298, in _cursor
    return self._prepare_cursor(self.create_cursor(name))
                                ~~~~~~~~~~~~~~~~~~^^^^^^
  File "/home/rcosta00/dev/SmartQuotation/backend/.venv/lib/python3.13/site-packages/django/utils/asyncio.py", line 26, in inner
    return func(*args, **kwargs)
  File "/home/rcosta00/dev/SmartQuotation/backend/.venv/lib/python3.13/site-packages/django/db/backends/postgresql/base.py", line 429, in create_cursor
    cursor = self.connection.cursor()
django.db.utils.InterfaceError: connection already closed

======================================================================
ERROR: setUpClass (apps.audit.tests_approvals.ConvertibilityTests)
----------------------------------------------------------------------
Traceback (most recent call last):
  File "/home/rcosta00/dev/SmartQuotation/backend/.venv/lib/python3.13/site-packages/django/db/backends/base/base.py", line 298, in _cursor
    return self._prepare_cursor(self.create_cursor(name))
                                ~~~~~~~~~~~~~~~~~~^^^^^^
  File "/home/rcosta00/dev/SmartQuotation/backend/.venv/lib/python3.13/site-packages/django/utils/asyncio.py", line 26, in inner
    return func(*args, **kwargs)
  File "/home/rcosta00/dev/SmartQuotation/backend/.venv/lib/python3.13/site-packages/django/db/backends/postgresql/base.py", line 429, in create_cursor
    cursor = self.connection.cursor()
psycopg2.InterfaceError: connection already closed

The above exception was the direct cause of the following exception:

Traceback (most recent call last):
  File "/home/rcosta00/dev/SmartQuotation/backend/.venv/lib/python3.13/site-packages/django_tenants/test/cases.py", line 34, in setUpClass
    cls.sync_shared()
    ~~~~~~~~~~~~~~~^^
  File "/home/rcosta00/dev/SmartQuotation/backend/.venv/lib/python3.13/site-packages/django_tenants/test/cases.py", line 76, in sync_shared
    call_command('migrate_schemas',
    ~~~~~~~~~~~~^^^^^^^^^^^^^^^^^^^
                 schema_name=get_public_schema_name(),
                 ^^^^^^^^^^^^^^^^^^^^^^^^^^^^^^^^^^^^^
                 interactive=False,
                 ^^^^^^^^^^^^^^^^^^
                 verbosity=0)
                 ^^^^^^^^^^^^
  File "/home/rcosta00/dev/SmartQuotation/backend/.venv/lib/python3.13/site-packages/django/core/management/__init__.py", line 194, in call_command
    return command.execute(*args, **defaults)
           ~~~~~~~~~~~~~~~^^^^^^^^^^^^^^^^^^^
  File "/home/rcosta00/dev/SmartQuotation/backend/.venv/lib/python3.13/site-packages/django/core/management/base.py", line 460, in execute
    output = self.handle(*args, **options)
  File "/home/rcosta00/dev/SmartQuotation/backend/.venv/lib/python3.13/site-packages/django_tenants/management/commands/migrate_schemas.py", line 66, in handle
    executor.run_migrations(tenants=[self.PUBLIC_SCHEMA_NAME])
    ~~~~~~~~~~~~~~~~~~~~~~~^^^^^^^^^^^^^^^^^^^^^^^^^^^^^^^^^^^
  File "/home/rcosta00/dev/SmartQuotation/backend/.venv/lib/python3.13/site-packages/django_tenants/migration_executors/standard.py", line 11, in run_migrations
    run_migrations(self.args, self.options, self.codename, self.PUBLIC_SCHEMA_NAME)
    ~~~~~~~~~~~~~~^^^^^^^^^^^^^^^^^^^^^^^^^^^^^^^^^^^^^^^^^^^^^^^^^^^^^^^^^^^^^^^^^
  File "/home/rcosta00/dev/SmartQuotation/backend/.venv/lib/python3.13/site-packages/django_tenants/migration_executors/base.py", line 51, in run_migrations
    migration_recorder.ensure_schema()
    ~~~~~~~~~~~~~~~~~~~~~~~~~~~~~~~~^^
  File "/home/rcosta00/dev/SmartQuotation/backend/.venv/lib/python3.13/site-packages/django/db/migrations/recorder.py", line 73, in ensure_schema
    if self.has_table():
       ~~~~~~~~~~~~~~^^
  File "/home/rcosta00/dev/SmartQuotation/backend/.venv/lib/python3.13/site-packages/django/db/migrations/recorder.py", line 63, in has_table
    with self.connection.cursor() as cursor:
         ~~~~~~~~~~~~~~~~~~~~~~^^
  File "/home/rcosta00/dev/SmartQuotation/backend/.venv/lib/python3.13/site-packages/django/utils/asyncio.py", line 26, in inner
    return func(*args, **kwargs)
  File "/home/rcosta00/dev/SmartQuotation/backend/.venv/lib/python3.13/site-packages/django/db/backends/base/base.py", line 320, in cursor
    return self._cursor()
           ~~~~~~~~~~~~^^
  File "/home/rcosta00/dev/SmartQuotation/backend/.venv/lib/python3.13/site-packages/django_tenants/postgresql_backend/base.py", line 144, in _cursor
    cursor = super()._cursor()
  File "/home/rcosta00/dev/SmartQuotation/backend/.venv/lib/python3.13/site-packages/django/db/backends/base/base.py", line 297, in _cursor
    with self.wrap_database_errors:
         ^^^^^^^^^^^^^^^^^^^^^^^^^
  File "/home/rcosta00/dev/SmartQuotation/backend/.venv/lib/python3.13/site-packages/django/db/utils.py", line 91, in __exit__
    raise dj_exc_value.with_traceback(traceback) from exc_value
  File "/home/rcosta00/dev/SmartQuotation/backend/.venv/lib/python3.13/site-packages/django/db/backends/base/base.py", line 298, in _cursor
    return self._prepare_cursor(self.create_cursor(name))
                                ~~~~~~~~~~~~~~~~~~^^^^^^
  File "/home/rcosta00/dev/SmartQuotation/backend/.venv/lib/python3.13/site-packages/django/utils/asyncio.py", line 26, in inner
    return func(*args, **kwargs)
  File "/home/rcosta00/dev/SmartQuotation/backend/.venv/lib/python3.13/site-packages/django/db/backends/postgresql/base.py", line 429, in create_cursor
    cursor = self.connection.cursor()
django.db.utils.InterfaceError: connection already closed

======================================================================
ERROR: setUpClass (apps.audit.tests_approvals.InvalidationTests)
----------------------------------------------------------------------
Traceback (most recent call last):
  File "/home/rcosta00/dev/SmartQuotation/backend/.venv/lib/python3.13/site-packages/django/db/backends/base/base.py", line 298, in _cursor
    return self._prepare_cursor(self.create_cursor(name))
                                ~~~~~~~~~~~~~~~~~~^^^^^^
  File "/home/rcosta00/dev/SmartQuotation/backend/.venv/lib/python3.13/site-packages/django/utils/asyncio.py", line 26, in inner
    return func(*args, **kwargs)
  File "/home/rcosta00/dev/SmartQuotation/backend/.venv/lib/python3.13/site-packages/django/db/backends/postgresql/base.py", line 429, in create_cursor
    cursor = self.connection.cursor()
psycopg2.InterfaceError: connection already closed

The above exception was the direct cause of the following exception:

Traceback (most recent call last):
  File "/home/rcosta00/dev/SmartQuotation/backend/.venv/lib/python3.13/site-packages/django_tenants/test/cases.py", line 34, in setUpClass
    cls.sync_shared()
    ~~~~~~~~~~~~~~~^^
  File "/home/rcosta00/dev/SmartQuotation/backend/.venv/lib/python3.13/site-packages/django_tenants/test/cases.py", line 76, in sync_shared
    call_command('migrate_schemas',
    ~~~~~~~~~~~~^^^^^^^^^^^^^^^^^^^
                 schema_name=get_public_schema_name(),
                 ^^^^^^^^^^^^^^^^^^^^^^^^^^^^^^^^^^^^^
                 interactive=False,
                 ^^^^^^^^^^^^^^^^^^
                 verbosity=0)
                 ^^^^^^^^^^^^
  File "/home/rcosta00/dev/SmartQuotation/backend/.venv/lib/python3.13/site-packages/django/core/management/__init__.py", line 194, in call_command
    return command.execute(*args, **defaults)
           ~~~~~~~~~~~~~~~^^^^^^^^^^^^^^^^^^^
  File "/home/rcosta00/dev/SmartQuotation/backend/.venv/lib/python3.13/site-packages/django/core/management/base.py", line 460, in execute
    output = self.handle(*args, **options)
  File "/home/rcosta00/dev/SmartQuotation/backend/.venv/lib/python3.13/site-packages/django_tenants/management/commands/migrate_schemas.py", line 66, in handle
    executor.run_migrations(tenants=[self.PUBLIC_SCHEMA_NAME])
    ~~~~~~~~~~~~~~~~~~~~~~~^^^^^^^^^^^^^^^^^^^^^^^^^^^^^^^^^^^
  File "/home/rcosta00/dev/SmartQuotation/backend/.venv/lib/python3.13/site-packages/django_tenants/migration_executors/standard.py", line 11, in run_migrations
    run_migrations(self.args, self.options, self.codename, self.PUBLIC_SCHEMA_NAME)
    ~~~~~~~~~~~~~~^^^^^^^^^^^^^^^^^^^^^^^^^^^^^^^^^^^^^^^^^^^^^^^^^^^^^^^^^^^^^^^^^
  File "/home/rcosta00/dev/SmartQuotation/backend/.venv/lib/python3.13/site-packages/django_tenants/migration_executors/base.py", line 51, in run_migrations
    migration_recorder.ensure_schema()
    ~~~~~~~~~~~~~~~~~~~~~~~~~~~~~~~~^^
  File "/home/rcosta00/dev/SmartQuotation/backend/.venv/lib/python3.13/site-packages/django/db/migrations/recorder.py", line 73, in ensure_schema
    if self.has_table():
       ~~~~~~~~~~~~~~^^
  File "/home/rcosta00/dev/SmartQuotation/backend/.venv/lib/python3.13/site-packages/django/db/migrations/recorder.py", line 63, in has_table
    with self.connection.cursor() as cursor:
         ~~~~~~~~~~~~~~~~~~~~~~^^
  File "/home/rcosta00/dev/SmartQuotation/backend/.venv/lib/python3.13/site-packages/django/utils/asyncio.py", line 26, in inner
    return func(*args, **kwargs)
  File "/home/rcosta00/dev/SmartQuotation/backend/.venv/lib/python3.13/site-packages/django/db/backends/base/base.py", line 320, in cursor
    return self._cursor()
           ~~~~~~~~~~~~^^
  File "/home/rcosta00/dev/SmartQuotation/backend/.venv/lib/python3.13/site-packages/django_tenants/postgresql_backend/base.py", line 144, in _cursor
    cursor = super()._cursor()
  File "/home/rcosta00/dev/SmartQuotation/backend/.venv/lib/python3.13/site-packages/django/db/backends/base/base.py", line 297, in _cursor
    with self.wrap_database_errors:
         ^^^^^^^^^^^^^^^^^^^^^^^^^
  File "/home/rcosta00/dev/SmartQuotation/backend/.venv/lib/python3.13/site-packages/django/db/utils.py", line 91, in __exit__
    raise dj_exc_value.with_traceback(traceback) from exc_value
  File "/home/rcosta00/dev/SmartQuotation/backend/.venv/lib/python3.13/site-packages/django/db/backends/base/base.py", line 298, in _cursor
    return self._prepare_cursor(self.create_cursor(name))
                                ~~~~~~~~~~~~~~~~~~^^^^^^
  File "/home/rcosta00/dev/SmartQuotation/backend/.venv/lib/python3.13/site-packages/django/utils/asyncio.py", line 26, in inner
    return func(*args, **kwargs)
  File "/home/rcosta00/dev/SmartQuotation/backend/.venv/lib/python3.13/site-packages/django/db/backends/postgresql/base.py", line 429, in create_cursor
    cursor = self.connection.cursor()
django.db.utils.InterfaceError: connection already closed

======================================================================
ERROR: setUpClass (apps.audit.tests_approvals.OpenCaseTests)
----------------------------------------------------------------------
Traceback (most recent call last):
  File "/home/rcosta00/dev/SmartQuotation/backend/.venv/lib/python3.13/site-packages/django/db/backends/base/base.py", line 298, in _cursor
    return self._prepare_cursor(self.create_cursor(name))
                                ~~~~~~~~~~~~~~~~~~^^^^^^
  File "/home/rcosta00/dev/SmartQuotation/backend/.venv/lib/python3.13/site-packages/django/utils/asyncio.py", line 26, in inner
    return func(*args, **kwargs)
  File "/home/rcosta00/dev/SmartQuotation/backend/.venv/lib/python3.13/site-packages/django/db/backends/postgresql/base.py", line 429, in create_cursor
    cursor = self.connection.cursor()
psycopg2.InterfaceError: connection already closed

The above exception was the direct cause of the following exception:

Traceback (most recent call last):
  File "/home/rcosta00/dev/SmartQuotation/backend/.venv/lib/python3.13/site-packages/django_tenants/test/cases.py", line 34, in setUpClass
    cls.sync_shared()
    ~~~~~~~~~~~~~~~^^
  File "/home/rcosta00/dev/SmartQuotation/backend/.venv/lib/python3.13/site-packages/django_tenants/test/cases.py", line 76, in sync_shared
    call_command('migrate_schemas',
    ~~~~~~~~~~~~^^^^^^^^^^^^^^^^^^^
                 schema_name=get_public_schema_name(),
                 ^^^^^^^^^^^^^^^^^^^^^^^^^^^^^^^^^^^^^
                 interactive=False,
                 ^^^^^^^^^^^^^^^^^^
                 verbosity=0)
                 ^^^^^^^^^^^^
  File "/home/rcosta00/dev/SmartQuotation/backend/.venv/lib/python3.13/site-packages/django/core/management/__init__.py", line 194, in call_command
    return command.execute(*args, **defaults)
           ~~~~~~~~~~~~~~~^^^^^^^^^^^^^^^^^^^
  File "/home/rcosta00/dev/SmartQuotation/backend/.venv/lib/python3.13/site-packages/django/core/management/base.py", line 460, in execute
    output = self.handle(*args, **options)
  File "/home/rcosta00/dev/SmartQuotation/backend/.venv/lib/python3.13/site-packages/django_tenants/management/commands/migrate_schemas.py", line 66, in handle
    executor.run_migrations(tenants=[self.PUBLIC_SCHEMA_NAME])
    ~~~~~~~~~~~~~~~~~~~~~~~^^^^^^^^^^^^^^^^^^^^^^^^^^^^^^^^^^^
  File "/home/rcosta00/dev/SmartQuotation/backend/.venv/lib/python3.13/site-packages/django_tenants/migration_executors/standard.py", line 11, in run_migrations
    run_migrations(self.args, self.options, self.codename, self.PUBLIC_SCHEMA_NAME)
    ~~~~~~~~~~~~~~^^^^^^^^^^^^^^^^^^^^^^^^^^^^^^^^^^^^^^^^^^^^^^^^^^^^^^^^^^^^^^^^^
  File "/home/rcosta00/dev/SmartQuotation/backend/.venv/lib/python3.13/site-packages/django_tenants/migration_executors/base.py", line 51, in run_migrations
    migration_recorder.ensure_schema()
    ~~~~~~~~~~~~~~~~~~~~~~~~~~~~~~~~^^
  File "/home/rcosta00/dev/SmartQuotation/backend/.venv/lib/python3.13/site-packages/django/db/migrations/recorder.py", line 73, in ensure_schema
    if self.has_table():
       ~~~~~~~~~~~~~~^^
  File "/home/rcosta00/dev/SmartQuotation/backend/.venv/lib/python3.13/site-packages/django/db/migrations/recorder.py", line 63, in has_table
    with self.connection.cursor() as cursor:
         ~~~~~~~~~~~~~~~~~~~~~~^^
  File "/home/rcosta00/dev/SmartQuotation/backend/.venv/lib/python3.13/site-packages/django/utils/asyncio.py", line 26, in inner
    return func(*args, **kwargs)
  File "/home/rcosta00/dev/SmartQuotation/backend/.venv/lib/python3.13/site-packages/django/db/backends/base/base.py", line 320, in cursor
    return self._cursor()
           ~~~~~~~~~~~~^^
  File "/home/rcosta00/dev/SmartQuotation/backend/.venv/lib/python3.13/site-packages/django_tenants/postgresql_backend/base.py", line 144, in _cursor
    cursor = super()._cursor()
  File "/home/rcosta00/dev/SmartQuotation/backend/.venv/lib/python3.13/site-packages/django/db/backends/base/base.py", line 297, in _cursor
    with self.wrap_database_errors:
         ^^^^^^^^^^^^^^^^^^^^^^^^^
  File "/home/rcosta00/dev/SmartQuotation/backend/.venv/lib/python3.13/site-packages/django/db/utils.py", line 91, in __exit__
    raise dj_exc_value.with_traceback(traceback) from exc_value
  File "/home/rcosta00/dev/SmartQuotation/backend/.venv/lib/python3.13/site-packages/django/db/backends/base/base.py", line 298, in _cursor
    return self._prepare_cursor(self.create_cursor(name))
                                ~~~~~~~~~~~~~~~~~~^^^^^^
  File "/home/rcosta00/dev/SmartQuotation/backend/.venv/lib/python3.13/site-packages/django/utils/asyncio.py", line 26, in inner
    return func(*args, **kwargs)
  File "/home/rcosta00/dev/SmartQuotation/backend/.venv/lib/python3.13/site-packages/django/db/backends/postgresql/base.py", line 429, in create_cursor
    cursor = self.connection.cursor()
django.db.utils.InterfaceError: connection already closed

======================================================================
ERROR: setUpClass (apps.audit.tests_approvals.RejectionTests)
----------------------------------------------------------------------
Traceback (most recent call last):
  File "/home/rcosta00/dev/SmartQuotation/backend/.venv/lib/python3.13/site-packages/django/db/backends/base/base.py", line 298, in _cursor
    return self._prepare_cursor(self.create_cursor(name))
                                ~~~~~~~~~~~~~~~~~~^^^^^^
  File "/home/rcosta00/dev/SmartQuotation/backend/.venv/lib/python3.13/site-packages/django/utils/asyncio.py", line 26, in inner
    return func(*args, **kwargs)
  File "/home/rcosta00/dev/SmartQuotation/backend/.venv/lib/python3.13/site-packages/django/db/backends/postgresql/base.py", line 429, in create_cursor
    cursor = self.connection.cursor()
psycopg2.InterfaceError: connection already closed

The above exception was the direct cause of the following exception:

Traceback (most recent call last):
  File "/home/rcosta00/dev/SmartQuotation/backend/.venv/lib/python3.13/site-packages/django_tenants/test/cases.py", line 34, in setUpClass
    cls.sync_shared()
    ~~~~~~~~~~~~~~~^^
  File "/home/rcosta00/dev/SmartQuotation/backend/.venv/lib/python3.13/site-packages/django_tenants/test/cases.py", line 76, in sync_shared
    call_command('migrate_schemas',
    ~~~~~~~~~~~~^^^^^^^^^^^^^^^^^^^
                 schema_name=get_public_schema_name(),
                 ^^^^^^^^^^^^^^^^^^^^^^^^^^^^^^^^^^^^^
                 interactive=False,
                 ^^^^^^^^^^^^^^^^^^
                 verbosity=0)
                 ^^^^^^^^^^^^
  File "/home/rcosta00/dev/SmartQuotation/backend/.venv/lib/python3.13/site-packages/django/core/management/__init__.py", line 194, in call_command
    return command.execute(*args, **defaults)
           ~~~~~~~~~~~~~~~^^^^^^^^^^^^^^^^^^^
  File "/home/rcosta00/dev/SmartQuotation/backend/.venv/lib/python3.13/site-packages/django/core/management/base.py", line 460, in execute
    output = self.handle(*args, **options)
  File "/home/rcosta00/dev/SmartQuotation/backend/.venv/lib/python3.13/site-packages/django_tenants/management/commands/migrate_schemas.py", line 66, in handle
    executor.run_migrations(tenants=[self.PUBLIC_SCHEMA_NAME])
    ~~~~~~~~~~~~~~~~~~~~~~~^^^^^^^^^^^^^^^^^^^^^^^^^^^^^^^^^^^
  File "/home/rcosta00/dev/SmartQuotation/backend/.venv/lib/python3.13/site-packages/django_tenants/migration_executors/standard.py", line 11, in run_migrations
    run_migrations(self.args, self.options, self.codename, self.PUBLIC_SCHEMA_NAME)
    ~~~~~~~~~~~~~~^^^^^^^^^^^^^^^^^^^^^^^^^^^^^^^^^^^^^^^^^^^^^^^^^^^^^^^^^^^^^^^^^
  File "/home/rcosta00/dev/SmartQuotation/backend/.venv/lib/python3.13/site-packages/django_tenants/migration_executors/base.py", line 51, in run_migrations
    migration_recorder.ensure_schema()
    ~~~~~~~~~~~~~~~~~~~~~~~~~~~~~~~~^^
  File "/home/rcosta00/dev/SmartQuotation/backend/.venv/lib/python3.13/site-packages/django/db/migrations/recorder.py", line 73, in ensure_schema
    if self.has_table():
       ~~~~~~~~~~~~~~^^
  File "/home/rcosta00/dev/SmartQuotation/backend/.venv/lib/python3.13/site-packages/django/db/migrations/recorder.py", line 63, in has_table
    with self.connection.cursor() as cursor:
         ~~~~~~~~~~~~~~~~~~~~~~^^
  File "/home/rcosta00/dev/SmartQuotation/backend/.venv/lib/python3.13/site-packages/django/utils/asyncio.py", line 26, in inner
    return func(*args, **kwargs)
  File "/home/rcosta00/dev/SmartQuotation/backend/.venv/lib/python3.13/site-packages/django/db/backends/base/base.py", line 320, in cursor
    return self._cursor()
           ~~~~~~~~~~~~^^
  File "/home/rcosta00/dev/SmartQuotation/backend/.venv/lib/python3.13/site-packages/django_tenants/postgresql_backend/base.py", line 144, in _cursor
    cursor = super()._cursor()
  File "/home/rcosta00/dev/SmartQuotation/backend/.venv/lib/python3.13/site-packages/django/db/backends/base/base.py", line 297, in _cursor
    with self.wrap_database_errors:
         ^^^^^^^^^^^^^^^^^^^^^^^^^
  File "/home/rcosta00/dev/SmartQuotation/backend/.venv/lib/python3.13/site-packages/django/db/utils.py", line 91, in __exit__
    raise dj_exc_value.with_traceback(traceback) from exc_value
  File "/home/rcosta00/dev/SmartQuotation/backend/.venv/lib/python3.13/site-packages/django/db/backends/base/base.py", line 298, in _cursor
    return self._prepare_cursor(self.create_cursor(name))
                                ~~~~~~~~~~~~~~~~~~^^^^^^
  File "/home/rcosta00/dev/SmartQuotation/backend/.venv/lib/python3.13/site-packages/django/utils/asyncio.py", line 26, in inner
    return func(*args, **kwargs)
  File "/home/rcosta00/dev/SmartQuotation/backend/.venv/lib/python3.13/site-packages/django/db/backends/postgresql/base.py", line 429, in create_cursor
    cursor = self.connection.cursor()
django.db.utils.InterfaceError: connection already closed

======================================================================
ERROR: setUpClass (apps.audit.tests_approvals.SoDTests)
----------------------------------------------------------------------
Traceback (most recent call last):
  File "/home/rcosta00/dev/SmartQuotation/backend/.venv/lib/python3.13/site-packages/django/db/backends/base/base.py", line 298, in _cursor
    return self._prepare_cursor(self.create_cursor(name))
                                ~~~~~~~~~~~~~~~~~~^^^^^^
  File "/home/rcosta00/dev/SmartQuotation/backend/.venv/lib/python3.13/site-packages/django/utils/asyncio.py", line 26, in inner
    return func(*args, **kwargs)
  File "/home/rcosta00/dev/SmartQuotation/backend/.venv/lib/python3.13/site-packages/django/db/backends/postgresql/base.py", line 429, in create_cursor
    cursor = self.connection.cursor()
psycopg2.InterfaceError: connection already closed

The above exception was the direct cause of the following exception:

Traceback (most recent call last):
  File "/home/rcosta00/dev/SmartQuotation/backend/.venv/lib/python3.13/site-packages/django_tenants/test/cases.py", line 34, in setUpClass
    cls.sync_shared()
    ~~~~~~~~~~~~~~~^^
  File "/home/rcosta00/dev/SmartQuotation/backend/.venv/lib/python3.13/site-packages/django_tenants/test/cases.py", line 76, in sync_shared
    call_command('migrate_schemas',
    ~~~~~~~~~~~~^^^^^^^^^^^^^^^^^^^
                 schema_name=get_public_schema_name(),
                 ^^^^^^^^^^^^^^^^^^^^^^^^^^^^^^^^^^^^^
                 interactive=False,
                 ^^^^^^^^^^^^^^^^^^
                 verbosity=0)
                 ^^^^^^^^^^^^
  File "/home/rcosta00/dev/SmartQuotation/backend/.venv/lib/python3.13/site-packages/django/core/management/__init__.py", line 194, in call_command
    return command.execute(*args, **defaults)
           ~~~~~~~~~~~~~~~^^^^^^^^^^^^^^^^^^^
  File "/home/rcosta00/dev/SmartQuotation/backend/.venv/lib/python3.13/site-packages/django/core/management/base.py", line 460, in execute
    output = self.handle(*args, **options)
  File "/home/rcosta00/dev/SmartQuotation/backend/.venv/lib/python3.13/site-packages/django_tenants/management/commands/migrate_schemas.py", line 66, in handle
    executor.run_migrations(tenants=[self.PUBLIC_SCHEMA_NAME])
    ~~~~~~~~~~~~~~~~~~~~~~~^^^^^^^^^^^^^^^^^^^^^^^^^^^^^^^^^^^
  File "/home/rcosta00/dev/SmartQuotation/backend/.venv/lib/python3.13/site-packages/django_tenants/migration_executors/standard.py", line 11, in run_migrations
    run_migrations(self.args, self.options, self.codename, self.PUBLIC_SCHEMA_NAME)
    ~~~~~~~~~~~~~~^^^^^^^^^^^^^^^^^^^^^^^^^^^^^^^^^^^^^^^^^^^^^^^^^^^^^^^^^^^^^^^^^
  File "/home/rcosta00/dev/SmartQuotation/backend/.venv/lib/python3.13/site-packages/django_tenants/migration_executors/base.py", line 51, in run_migrations
    migration_recorder.ensure_schema()
    ~~~~~~~~~~~~~~~~~~~~~~~~~~~~~~~~^^
  File "/home/rcosta00/dev/SmartQuotation/backend/.venv/lib/python3.13/site-packages/django/db/migrations/recorder.py", line 73, in ensure_schema
    if self.has_table():
       ~~~~~~~~~~~~~~^^
  File "/home/rcosta00/dev/SmartQuotation/backend/.venv/lib/python3.13/site-packages/django/db/migrations/recorder.py", line 63, in has_table
    with self.connection.cursor() as cursor:
         ~~~~~~~~~~~~~~~~~~~~~~^^
  File "/home/rcosta00/dev/SmartQuotation/backend/.venv/lib/python3.13/site-packages/django/utils/asyncio.py", line 26, in inner
    return func(*args, **kwargs)
  File "/home/rcosta00/dev/SmartQuotation/backend/.venv/lib/python3.13/site-packages/django/db/backends/base/base.py", line 320, in cursor
    return self._cursor()
           ~~~~~~~~~~~~^^
  File "/home/rcosta00/dev/SmartQuotation/backend/.venv/lib/python3.13/site-packages/django_tenants/postgresql_backend/base.py", line 144, in _cursor
    cursor = super()._cursor()
  File "/home/rcosta00/dev/SmartQuotation/backend/.venv/lib/python3.13/site-packages/django/db/backends/base/base.py", line 297, in _cursor
    with self.wrap_database_errors:
         ^^^^^^^^^^^^^^^^^^^^^^^^^
  File "/home/rcosta00/dev/SmartQuotation/backend/.venv/lib/python3.13/site-packages/django/db/utils.py", line 91, in __exit__
    raise dj_exc_value.with_traceback(traceback) from exc_value
  File "/home/rcosta00/dev/SmartQuotation/backend/.venv/lib/python3.13/site-packages/django/db/backends/base/base.py", line 298, in _cursor
    return self._prepare_cursor(self.create_cursor(name))
                                ~~~~~~~~~~~~~~~~~~^^^^^^
  File "/home/rcosta00/dev/SmartQuotation/backend/.venv/lib/python3.13/site-packages/django/utils/asyncio.py", line 26, in inner
    return func(*args, **kwargs)
  File "/home/rcosta00/dev/SmartQuotation/backend/.venv/lib/python3.13/site-packages/django/db/backends/postgresql/base.py", line 429, in create_cursor
    cursor = self.connection.cursor()
django.db.utils.InterfaceError: connection already closed

======================================================================
ERROR: setUpClass (apps.audit.tests_inbox.BadgeTests)
----------------------------------------------------------------------
Traceback (most recent call last):
  File "/home/rcosta00/dev/SmartQuotation/backend/.venv/lib/python3.13/site-packages/django/db/backends/base/base.py", line 298, in _cursor
    return self._prepare_cursor(self.create_cursor(name))
                                ~~~~~~~~~~~~~~~~~~^^^^^^
  File "/home/rcosta00/dev/SmartQuotation/backend/.venv/lib/python3.13/site-packages/django/utils/asyncio.py", line 26, in inner
    return func(*args, **kwargs)
  File "/home/rcosta00/dev/SmartQuotation/backend/.venv/lib/python3.13/site-packages/django/db/backends/postgresql/base.py", line 429, in create_cursor
    cursor = self.connection.cursor()
psycopg2.InterfaceError: connection already closed

The above exception was the direct cause of the following exception:

Traceback (most recent call last):
  File "/home/rcosta00/dev/SmartQuotation/backend/.venv/lib/python3.13/site-packages/django_tenants/test/cases.py", line 34, in setUpClass
    cls.sync_shared()
    ~~~~~~~~~~~~~~~^^
  File "/home/rcosta00/dev/SmartQuotation/backend/.venv/lib/python3.13/site-packages/django_tenants/test/cases.py", line 76, in sync_shared
    call_command('migrate_schemas',
    ~~~~~~~~~~~~^^^^^^^^^^^^^^^^^^^
                 schema_name=get_public_schema_name(),
                 ^^^^^^^^^^^^^^^^^^^^^^^^^^^^^^^^^^^^^
                 interactive=False,
                 ^^^^^^^^^^^^^^^^^^
                 verbosity=0)
                 ^^^^^^^^^^^^
  File "/home/rcosta00/dev/SmartQuotation/backend/.venv/lib/python3.13/site-packages/django/core/management/__init__.py", line 194, in call_command
    return command.execute(*args, **defaults)
           ~~~~~~~~~~~~~~~^^^^^^^^^^^^^^^^^^^
  File "/home/rcosta00/dev/SmartQuotation/backend/.venv/lib/python3.13/site-packages/django/core/management/base.py", line 460, in execute
    output = self.handle(*args, **options)
  File "/home/rcosta00/dev/SmartQuotation/backend/.venv/lib/python3.13/site-packages/django_tenants/management/commands/migrate_schemas.py", line 66, in handle
    executor.run_migrations(tenants=[self.PUBLIC_SCHEMA_NAME])
    ~~~~~~~~~~~~~~~~~~~~~~~^^^^^^^^^^^^^^^^^^^^^^^^^^^^^^^^^^^
  File "/home/rcosta00/dev/SmartQuotation/backend/.venv/lib/python3.13/site-packages/django_tenants/migration_executors/standard.py", line 11, in run_migrations
    run_migrations(self.args, self.options, self.codename, self.PUBLIC_SCHEMA_NAME)
    ~~~~~~~~~~~~~~^^^^^^^^^^^^^^^^^^^^^^^^^^^^^^^^^^^^^^^^^^^^^^^^^^^^^^^^^^^^^^^^^
  File "/home/rcosta00/dev/SmartQuotation/backend/.venv/lib/python3.13/site-packages/django_tenants/migration_executors/base.py", line 51, in run_migrations
    migration_recorder.ensure_schema()
    ~~~~~~~~~~~~~~~~~~~~~~~~~~~~~~~~^^
  File "/home/rcosta00/dev/SmartQuotation/backend/.venv/lib/python3.13/site-packages/django/db/migrations/recorder.py", line 73, in ensure_schema
    if self.has_table():
       ~~~~~~~~~~~~~~^^
  File "/home/rcosta00/dev/SmartQuotation/backend/.venv/lib/python3.13/site-packages/django/db/migrations/recorder.py", line 63, in has_table
    with self.connection.cursor() as cursor:
         ~~~~~~~~~~~~~~~~~~~~~~^^
  File "/home/rcosta00/dev/SmartQuotation/backend/.venv/lib/python3.13/site-packages/django/utils/asyncio.py", line 26, in inner
    return func(*args, **kwargs)
  File "/home/rcosta00/dev/SmartQuotation/backend/.venv/lib/python3.13/site-packages/django/db/backends/base/base.py", line 320, in cursor
    return self._cursor()
           ~~~~~~~~~~~~^^
  File "/home/rcosta00/dev/SmartQuotation/backend/.venv/lib/python3.13/site-packages/django_tenants/postgresql_backend/base.py", line 144, in _cursor
    cursor = super()._cursor()
  File "/home/rcosta00/dev/SmartQuotation/backend/.venv/lib/python3.13/site-packages/django/db/backends/base/base.py", line 297, in _cursor
    with self.wrap_database_errors:
         ^^^^^^^^^^^^^^^^^^^^^^^^^
  File "/home/rcosta00/dev/SmartQuotation/backend/.venv/lib/python3.13/site-packages/django/db/utils.py", line 91, in __exit__
    raise dj_exc_value.with_traceback(traceback) from exc_value
  File "/home/rcosta00/dev/SmartQuotation/backend/.venv/lib/python3.13/site-packages/django/db/backends/base/base.py", line 298, in _cursor
    return self._prepare_cursor(self.create_cursor(name))
                                ~~~~~~~~~~~~~~~~~~^^^^^^
  File "/home/rcosta00/dev/SmartQuotation/backend/.venv/lib/python3.13/site-packages/django/utils/asyncio.py", line 26, in inner
    return func(*args, **kwargs)
  File "/home/rcosta00/dev/SmartQuotation/backend/.venv/lib/python3.13/site-packages/django/db/backends/postgresql/base.py", line 429, in create_cursor
    cursor = self.connection.cursor()
django.db.utils.InterfaceError: connection already closed

======================================================================
ERROR: setUpClass (apps.audit.tests_inbox.InboxViewTests)
----------------------------------------------------------------------
Traceback (most recent call last):
  File "/home/rcosta00/dev/SmartQuotation/backend/.venv/lib/python3.13/site-packages/django/db/backends/base/base.py", line 298, in _cursor
    return self._prepare_cursor(self.create_cursor(name))
                                ~~~~~~~~~~~~~~~~~~^^^^^^
  File "/home/rcosta00/dev/SmartQuotation/backend/.venv/lib/python3.13/site-packages/django/utils/asyncio.py", line 26, in inner
    return func(*args, **kwargs)
  File "/home/rcosta00/dev/SmartQuotation/backend/.venv/lib/python3.13/site-packages/django/db/backends/postgresql/base.py", line 429, in create_cursor
    cursor = self.connection.cursor()
psycopg2.InterfaceError: connection already closed

The above exception was the direct cause of the following exception:

Traceback (most recent call last):
  File "/home/rcosta00/dev/SmartQuotation/backend/.venv/lib/python3.13/site-packages/django_tenants/test/cases.py", line 34, in setUpClass
    cls.sync_shared()
    ~~~~~~~~~~~~~~~^^
  File "/home/rcosta00/dev/SmartQuotation/backend/.venv/lib/python3.13/site-packages/django_tenants/test/cases.py", line 76, in sync_shared
    call_command('migrate_schemas',
    ~~~~~~~~~~~~^^^^^^^^^^^^^^^^^^^
                 schema_name=get_public_schema_name(),
                 ^^^^^^^^^^^^^^^^^^^^^^^^^^^^^^^^^^^^^
                 interactive=False,
                 ^^^^^^^^^^^^^^^^^^
                 verbosity=0)
                 ^^^^^^^^^^^^
  File "/home/rcosta00/dev/SmartQuotation/backend/.venv/lib/python3.13/site-packages/django/core/management/__init__.py", line 194, in call_command
    return command.execute(*args, **defaults)
           ~~~~~~~~~~~~~~~^^^^^^^^^^^^^^^^^^^
  File "/home/rcosta00/dev/SmartQuotation/backend/.venv/lib/python3.13/site-packages/django/core/management/base.py", line 460, in execute
    output = self.handle(*args, **options)
  File "/home/rcosta00/dev/SmartQuotation/backend/.venv/lib/python3.13/site-packages/django_tenants/management/commands/migrate_schemas.py", line 66, in handle
    executor.run_migrations(tenants=[self.PUBLIC_SCHEMA_NAME])
    ~~~~~~~~~~~~~~~~~~~~~~~^^^^^^^^^^^^^^^^^^^^^^^^^^^^^^^^^^^
  File "/home/rcosta00/dev/SmartQuotation/backend/.venv/lib/python3.13/site-packages/django_tenants/migration_executors/standard.py", line 11, in run_migrations
    run_migrations(self.args, self.options, self.codename, self.PUBLIC_SCHEMA_NAME)
    ~~~~~~~~~~~~~~^^^^^^^^^^^^^^^^^^^^^^^^^^^^^^^^^^^^^^^^^^^^^^^^^^^^^^^^^^^^^^^^^
  File "/home/rcosta00/dev/SmartQuotation/backend/.venv/lib/python3.13/site-packages/django_tenants/migration_executors/base.py", line 51, in run_migrations
    migration_recorder.ensure_schema()
    ~~~~~~~~~~~~~~~~~~~~~~~~~~~~~~~~^^
  File "/home/rcosta00/dev/SmartQuotation/backend/.venv/lib/python3.13/site-packages/django/db/migrations/recorder.py", line 73, in ensure_schema
    if self.has_table():
       ~~~~~~~~~~~~~~^^
  File "/home/rcosta00/dev/SmartQuotation/backend/.venv/lib/python3.13/site-packages/django/db/migrations/recorder.py", line 63, in has_table
    with self.connection.cursor() as cursor:
         ~~~~~~~~~~~~~~~~~~~~~~^^
  File "/home/rcosta00/dev/SmartQuotation/backend/.venv/lib/python3.13/site-packages/django/utils/asyncio.py", line 26, in inner
    return func(*args, **kwargs)
  File "/home/rcosta00/dev/SmartQuotation/backend/.venv/lib/python3.13/site-packages/django/db/backends/base/base.py", line 320, in cursor
    return self._cursor()
           ~~~~~~~~~~~~^^
  File "/home/rcosta00/dev/SmartQuotation/backend/.venv/lib/python3.13/site-packages/django_tenants/postgresql_backend/base.py", line 144, in _cursor
    cursor = super()._cursor()
  File "/home/rcosta00/dev/SmartQuotation/backend/.venv/lib/python3.13/site-packages/django/db/backends/base/base.py", line 297, in _cursor
    with self.wrap_database_errors:
         ^^^^^^^^^^^^^^^^^^^^^^^^^
  File "/home/rcosta00/dev/SmartQuotation/backend/.venv/lib/python3.13/site-packages/django/db/utils.py", line 91, in __exit__
    raise dj_exc_value.with_traceback(traceback) from exc_value
  File "/home/rcosta00/dev/SmartQuotation/backend/.venv/lib/python3.13/site-packages/django/db/backends/base/base.py", line 298, in _cursor
    return self._prepare_cursor(self.create_cursor(name))
                                ~~~~~~~~~~~~~~~~~~^^^^^^
  File "/home/rcosta00/dev/SmartQuotation/backend/.venv/lib/python3.13/site-packages/django/utils/asyncio.py", line 26, in inner
    return func(*args, **kwargs)
  File "/home/rcosta00/dev/SmartQuotation/backend/.venv/lib/python3.13/site-packages/django/db/backends/postgresql/base.py", line 429, in create_cursor
    cursor = self.connection.cursor()
django.db.utils.InterfaceError: connection already closed

======================================================================
ERROR: setUpClass (apps.audit.tests_inbox.RequestApprovalTests)
----------------------------------------------------------------------
Traceback (most recent call last):
  File "/home/rcosta00/dev/SmartQuotation/backend/.venv/lib/python3.13/site-packages/django/db/backends/base/base.py", line 298, in _cursor
    return self._prepare_cursor(self.create_cursor(name))
                                ~~~~~~~~~~~~~~~~~~^^^^^^
  File "/home/rcosta00/dev/SmartQuotation/backend/.venv/lib/python3.13/site-packages/django/utils/asyncio.py", line 26, in inner
    return func(*args, **kwargs)
  File "/home/rcosta00/dev/SmartQuotation/backend/.venv/lib/python3.13/site-packages/django/db/backends/postgresql/base.py", line 429, in create_cursor
    cursor = self.connection.cursor()
psycopg2.InterfaceError: connection already closed

The above exception was the direct cause of the following exception:

Traceback (most recent call last):
  File "/home/rcosta00/dev/SmartQuotation/backend/.venv/lib/python3.13/site-packages/django_tenants/test/cases.py", line 34, in setUpClass
    cls.sync_shared()
    ~~~~~~~~~~~~~~~^^
  File "/home/rcosta00/dev/SmartQuotation/backend/.venv/lib/python3.13/site-packages/django_tenants/test/cases.py", line 76, in sync_shared
    call_command('migrate_schemas',
    ~~~~~~~~~~~~^^^^^^^^^^^^^^^^^^^
                 schema_name=get_public_schema_name(),
                 ^^^^^^^^^^^^^^^^^^^^^^^^^^^^^^^^^^^^^
                 interactive=False,
                 ^^^^^^^^^^^^^^^^^^
                 verbosity=0)
                 ^^^^^^^^^^^^
  File "/home/rcosta00/dev/SmartQuotation/backend/.venv/lib/python3.13/site-packages/django/core/management/__init__.py", line 194, in call_command
    return command.execute(*args, **defaults)
           ~~~~~~~~~~~~~~~^^^^^^^^^^^^^^^^^^^
  File "/home/rcosta00/dev/SmartQuotation/backend/.venv/lib/python3.13/site-packages/django/core/management/base.py", line 460, in execute
    output = self.handle(*args, **options)
  File "/home/rcosta00/dev/SmartQuotation/backend/.venv/lib/python3.13/site-packages/django_tenants/management/commands/migrate_schemas.py", line 66, in handle
    executor.run_migrations(tenants=[self.PUBLIC_SCHEMA_NAME])
    ~~~~~~~~~~~~~~~~~~~~~~~^^^^^^^^^^^^^^^^^^^^^^^^^^^^^^^^^^^
  File "/home/rcosta00/dev/SmartQuotation/backend/.venv/lib/python3.13/site-packages/django_tenants/migration_executors/standard.py", line 11, in run_migrations
    run_migrations(self.args, self.options, self.codename, self.PUBLIC_SCHEMA_NAME)
    ~~~~~~~~~~~~~~^^^^^^^^^^^^^^^^^^^^^^^^^^^^^^^^^^^^^^^^^^^^^^^^^^^^^^^^^^^^^^^^^
  File "/home/rcosta00/dev/SmartQuotation/backend/.venv/lib/python3.13/site-packages/django_tenants/migration_executors/base.py", line 51, in run_migrations
    migration_recorder.ensure_schema()
    ~~~~~~~~~~~~~~~~~~~~~~~~~~~~~~~~^^
  File "/home/rcosta00/dev/SmartQuotation/backend/.venv/lib/python3.13/site-packages/django/db/migrations/recorder.py", line 73, in ensure_schema
    if self.has_table():
       ~~~~~~~~~~~~~~^^
  File "/home/rcosta00/dev/SmartQuotation/backend/.venv/lib/python3.13/site-packages/django/db/migrations/recorder.py", line 63, in has_table
    with self.connection.cursor() as cursor:
         ~~~~~~~~~~~~~~~~~~~~~~^^
  File "/home/rcosta00/dev/SmartQuotation/backend/.venv/lib/python3.13/site-packages/django/utils/asyncio.py", line 26, in inner
    return func(*args, **kwargs)
  File "/home/rcosta00/dev/SmartQuotation/backend/.venv/lib/python3.13/site-packages/django/db/backends/base/base.py", line 320, in cursor
    return self._cursor()
           ~~~~~~~~~~~~^^
  File "/home/rcosta00/dev/SmartQuotation/backend/.venv/lib/python3.13/site-packages/django_tenants/postgresql_backend/base.py", line 144, in _cursor
    cursor = super()._cursor()
  File "/home/rcosta00/dev/SmartQuotation/backend/.venv/lib/python3.13/site-packages/django/db/backends/base/base.py", line 297, in _cursor
    with self.wrap_database_errors:
         ^^^^^^^^^^^^^^^^^^^^^^^^^
  File "/home/rcosta00/dev/SmartQuotation/backend/.venv/lib/python3.13/site-packages/django/db/utils.py", line 91, in __exit__
    raise dj_exc_value.with_traceback(traceback) from exc_value
  File "/home/rcosta00/dev/SmartQuotation/backend/.venv/lib/python3.13/site-packages/django/db/backends/base/base.py", line 298, in _cursor
    return self._prepare_cursor(self.create_cursor(name))
                                ~~~~~~~~~~~~~~~~~~^^^^^^
  File "/home/rcosta00/dev/SmartQuotation/backend/.venv/lib/python3.13/site-packages/django/utils/asyncio.py", line 26, in inner
    return func(*args, **kwargs)
  File "/home/rcosta00/dev/SmartQuotation/backend/.venv/lib/python3.13/site-packages/django/db/backends/postgresql/base.py", line 429, in create_cursor
    cursor = self.connection.cursor()
django.db.utils.InterfaceError: connection already closed

======================================================================
ERROR: setUpClass (apps.cost_discovery.tests.BackSolveTests)
----------------------------------------------------------------------
Traceback (most recent call last):
  File "/home/rcosta00/dev/SmartQuotation/backend/.venv/lib/python3.13/site-packages/django/db/backends/base/base.py", line 298, in _cursor
    return self._prepare_cursor(self.create_cursor(name))
                                ~~~~~~~~~~~~~~~~~~^^^^^^
  File "/home/rcosta00/dev/SmartQuotation/backend/.venv/lib/python3.13/site-packages/django/utils/asyncio.py", line 26, in inner
    return func(*args, **kwargs)
  File "/home/rcosta00/dev/SmartQuotation/backend/.venv/lib/python3.13/site-packages/django/db/backends/postgresql/base.py", line 429, in create_cursor
    cursor = self.connection.cursor()
psycopg2.InterfaceError: connection already closed

The above exception was the direct cause of the following exception:

Traceback (most recent call last):
  File "/home/rcosta00/dev/SmartQuotation/backend/.venv/lib/python3.13/site-packages/django_tenants/test/cases.py", line 34, in setUpClass
    cls.sync_shared()
    ~~~~~~~~~~~~~~~^^
  File "/home/rcosta00/dev/SmartQuotation/backend/.venv/lib/python3.13/site-packages/django_tenants/test/cases.py", line 76, in sync_shared
    call_command('migrate_schemas',
    ~~~~~~~~~~~~^^^^^^^^^^^^^^^^^^^
                 schema_name=get_public_schema_name(),
                 ^^^^^^^^^^^^^^^^^^^^^^^^^^^^^^^^^^^^^
                 interactive=False,
                 ^^^^^^^^^^^^^^^^^^
                 verbosity=0)
                 ^^^^^^^^^^^^
  File "/home/rcosta00/dev/SmartQuotation/backend/.venv/lib/python3.13/site-packages/django/core/management/__init__.py", line 194, in call_command
    return command.execute(*args, **defaults)
           ~~~~~~~~~~~~~~~^^^^^^^^^^^^^^^^^^^
  File "/home/rcosta00/dev/SmartQuotation/backend/.venv/lib/python3.13/site-packages/django/core/management/base.py", line 460, in execute
    output = self.handle(*args, **options)
  File "/home/rcosta00/dev/SmartQuotation/backend/.venv/lib/python3.13/site-packages/django_tenants/management/commands/migrate_schemas.py", line 66, in handle
    executor.run_migrations(tenants=[self.PUBLIC_SCHEMA_NAME])
    ~~~~~~~~~~~~~~~~~~~~~~~^^^^^^^^^^^^^^^^^^^^^^^^^^^^^^^^^^^
  File "/home/rcosta00/dev/SmartQuotation/backend/.venv/lib/python3.13/site-packages/django_tenants/migration_executors/standard.py", line 11, in run_migrations
    run_migrations(self.args, self.options, self.codename, self.PUBLIC_SCHEMA_NAME)
    ~~~~~~~~~~~~~~^^^^^^^^^^^^^^^^^^^^^^^^^^^^^^^^^^^^^^^^^^^^^^^^^^^^^^^^^^^^^^^^^
  File "/home/rcosta00/dev/SmartQuotation/backend/.venv/lib/python3.13/site-packages/django_tenants/migration_executors/base.py", line 51, in run_migrations
    migration_recorder.ensure_schema()
    ~~~~~~~~~~~~~~~~~~~~~~~~~~~~~~~~^^
  File "/home/rcosta00/dev/SmartQuotation/backend/.venv/lib/python3.13/site-packages/django/db/migrations/recorder.py", line 73, in ensure_schema
    if self.has_table():
       ~~~~~~~~~~~~~~^^
  File "/home/rcosta00/dev/SmartQuotation/backend/.venv/lib/python3.13/site-packages/django/db/migrations/recorder.py", line 63, in has_table
    with self.connection.cursor() as cursor:
         ~~~~~~~~~~~~~~~~~~~~~~^^
  File "/home/rcosta00/dev/SmartQuotation/backend/.venv/lib/python3.13/site-packages/django/utils/asyncio.py", line 26, in inner
    return func(*args, **kwargs)
  File "/home/rcosta00/dev/SmartQuotation/backend/.venv/lib/python3.13/site-packages/django/db/backends/base/base.py", line 320, in cursor
    return self._cursor()
           ~~~~~~~~~~~~^^
  File "/home/rcosta00/dev/SmartQuotation/backend/.venv/lib/python3.13/site-packages/django_tenants/postgresql_backend/base.py", line 144, in _cursor
    cursor = super()._cursor()
  File "/home/rcosta00/dev/SmartQuotation/backend/.venv/lib/python3.13/site-packages/django/db/backends/base/base.py", line 297, in _cursor
    with self.wrap_database_errors:
         ^^^^^^^^^^^^^^^^^^^^^^^^^
  File "/home/rcosta00/dev/SmartQuotation/backend/.venv/lib/python3.13/site-packages/django/db/utils.py", line 91, in __exit__
    raise dj_exc_value.with_traceback(traceback) from exc_value
  File "/home/rcosta00/dev/SmartQuotation/backend/.venv/lib/python3.13/site-packages/django/db/backends/base/base.py", line 298, in _cursor
    return self._prepare_cursor(self.create_cursor(name))
                                ~~~~~~~~~~~~~~~~~~^^^^^^
  File "/home/rcosta00/dev/SmartQuotation/backend/.venv/lib/python3.13/site-packages/django/utils/asyncio.py", line 26, in inner
    return func(*args, **kwargs)
  File "/home/rcosta00/dev/SmartQuotation/backend/.venv/lib/python3.13/site-packages/django/db/backends/postgresql/base.py", line 429, in create_cursor
    cursor = self.connection.cursor()
django.db.utils.InterfaceError: connection already closed

======================================================================
ERROR: setUpClass (apps.cost_discovery.tests.WizardViewTests)
----------------------------------------------------------------------
Traceback (most recent call last):
  File "/home/rcosta00/dev/SmartQuotation/backend/.venv/lib/python3.13/site-packages/django/db/backends/base/base.py", line 298, in _cursor
    return self._prepare_cursor(self.create_cursor(name))
                                ~~~~~~~~~~~~~~~~~~^^^^^^
  File "/home/rcosta00/dev/SmartQuotation/backend/.venv/lib/python3.13/site-packages/django/utils/asyncio.py", line 26, in inner
    return func(*args, **kwargs)
  File "/home/rcosta00/dev/SmartQuotation/backend/.venv/lib/python3.13/site-packages/django/db/backends/postgresql/base.py", line 429, in create_cursor
    cursor = self.connection.cursor()
psycopg2.InterfaceError: connection already closed

The above exception was the direct cause of the following exception:

Traceback (most recent call last):
  File "/home/rcosta00/dev/SmartQuotation/backend/.venv/lib/python3.13/site-packages/django_tenants/test/cases.py", line 34, in setUpClass
    cls.sync_shared()
    ~~~~~~~~~~~~~~~^^
  File "/home/rcosta00/dev/SmartQuotation/backend/.venv/lib/python3.13/site-packages/django_tenants/test/cases.py", line 76, in sync_shared
    call_command('migrate_schemas',
    ~~~~~~~~~~~~^^^^^^^^^^^^^^^^^^^
                 schema_name=get_public_schema_name(),
                 ^^^^^^^^^^^^^^^^^^^^^^^^^^^^^^^^^^^^^
                 interactive=False,
                 ^^^^^^^^^^^^^^^^^^
                 verbosity=0)
                 ^^^^^^^^^^^^
  File "/home/rcosta00/dev/SmartQuotation/backend/.venv/lib/python3.13/site-packages/django/core/management/__init__.py", line 194, in call_command
    return command.execute(*args, **defaults)
           ~~~~~~~~~~~~~~~^^^^^^^^^^^^^^^^^^^
  File "/home/rcosta00/dev/SmartQuotation/backend/.venv/lib/python3.13/site-packages/django/core/management/base.py", line 460, in execute
    output = self.handle(*args, **options)
  File "/home/rcosta00/dev/SmartQuotation/backend/.venv/lib/python3.13/site-packages/django_tenants/management/commands/migrate_schemas.py", line 66, in handle
    executor.run_migrations(tenants=[self.PUBLIC_SCHEMA_NAME])
    ~~~~~~~~~~~~~~~~~~~~~~~^^^^^^^^^^^^^^^^^^^^^^^^^^^^^^^^^^^
  File "/home/rcosta00/dev/SmartQuotation/backend/.venv/lib/python3.13/site-packages/django_tenants/migration_executors/standard.py", line 11, in run_migrations
    run_migrations(self.args, self.options, self.codename, self.PUBLIC_SCHEMA_NAME)
    ~~~~~~~~~~~~~~^^^^^^^^^^^^^^^^^^^^^^^^^^^^^^^^^^^^^^^^^^^^^^^^^^^^^^^^^^^^^^^^^
  File "/home/rcosta00/dev/SmartQuotation/backend/.venv/lib/python3.13/site-packages/django_tenants/migration_executors/base.py", line 51, in run_migrations
    migration_recorder.ensure_schema()
    ~~~~~~~~~~~~~~~~~~~~~~~~~~~~~~~~^^
  File "/home/rcosta00/dev/SmartQuotation/backend/.venv/lib/python3.13/site-packages/django/db/migrations/recorder.py", line 73, in ensure_schema
    if self.has_table():
       ~~~~~~~~~~~~~~^^
  File "/home/rcosta00/dev/SmartQuotation/backend/.venv/lib/python3.13/site-packages/django/db/migrations/recorder.py", line 63, in has_table
    with self.connection.cursor() as cursor:
         ~~~~~~~~~~~~~~~~~~~~~~^^
  File "/home/rcosta00/dev/SmartQuotation/backend/.venv/lib/python3.13/site-packages/django/utils/asyncio.py", line 26, in inner
    return func(*args, **kwargs)
  File "/home/rcosta00/dev/SmartQuotation/backend/.venv/lib/python3.13/site-packages/django/db/backends/base/base.py", line 320, in cursor
    return self._cursor()
           ~~~~~~~~~~~~^^
  File "/home/rcosta00/dev/SmartQuotation/backend/.venv/lib/python3.13/site-packages/django_tenants/postgresql_backend/base.py", line 144, in _cursor
    cursor = super()._cursor()
  File "/home/rcosta00/dev/SmartQuotation/backend/.venv/lib/python3.13/site-packages/django/db/backends/base/base.py", line 297, in _cursor
    with self.wrap_database_errors:
         ^^^^^^^^^^^^^^^^^^^^^^^^^
  File "/home/rcosta00/dev/SmartQuotation/backend/.venv/lib/python3.13/site-packages/django/db/utils.py", line 91, in __exit__
    raise dj_exc_value.with_traceback(traceback) from exc_value
  File "/home/rcosta00/dev/SmartQuotation/backend/.venv/lib/python3.13/site-packages/django/db/backends/base/base.py", line 298, in _cursor
    return self._prepare_cursor(self.create_cursor(name))
                                ~~~~~~~~~~~~~~~~~~^^^^^^
  File "/home/rcosta00/dev/SmartQuotation/backend/.venv/lib/python3.13/site-packages/django/utils/asyncio.py", line 26, in inner
    return func(*args, **kwargs)
  File "/home/rcosta00/dev/SmartQuotation/backend/.venv/lib/python3.13/site-packages/django/db/backends/postgresql/base.py", line 429, in create_cursor
    cursor = self.connection.cursor()
django.db.utils.InterfaceError: connection already closed

======================================================================
ERROR: setUpClass (apps.engineering_params.test_h23.LearningEngineServiceTests)
----------------------------------------------------------------------
Traceback (most recent call last):
  File "/home/rcosta00/dev/SmartQuotation/backend/.venv/lib/python3.13/site-packages/django/db/backends/base/base.py", line 298, in _cursor
    return self._prepare_cursor(self.create_cursor(name))
                                ~~~~~~~~~~~~~~~~~~^^^^^^
  File "/home/rcosta00/dev/SmartQuotation/backend/.venv/lib/python3.13/site-packages/django/utils/asyncio.py", line 26, in inner
    return func(*args, **kwargs)
  File "/home/rcosta00/dev/SmartQuotation/backend/.venv/lib/python3.13/site-packages/django/db/backends/postgresql/base.py", line 429, in create_cursor
    cursor = self.connection.cursor()
psycopg2.InterfaceError: connection already closed

The above exception was the direct cause of the following exception:

Traceback (most recent call last):
  File "/home/rcosta00/dev/SmartQuotation/backend/.venv/lib/python3.13/site-packages/django_tenants/test/cases.py", line 34, in setUpClass
    cls.sync_shared()
    ~~~~~~~~~~~~~~~^^
  File "/home/rcosta00/dev/SmartQuotation/backend/.venv/lib/python3.13/site-packages/django_tenants/test/cases.py", line 76, in sync_shared
    call_command('migrate_schemas',
    ~~~~~~~~~~~~^^^^^^^^^^^^^^^^^^^
                 schema_name=get_public_schema_name(),
                 ^^^^^^^^^^^^^^^^^^^^^^^^^^^^^^^^^^^^^
                 interactive=False,
                 ^^^^^^^^^^^^^^^^^^
                 verbosity=0)
                 ^^^^^^^^^^^^
  File "/home/rcosta00/dev/SmartQuotation/backend/.venv/lib/python3.13/site-packages/django/core/management/__init__.py", line 194, in call_command
    return command.execute(*args, **defaults)
           ~~~~~~~~~~~~~~~^^^^^^^^^^^^^^^^^^^
  File "/home/rcosta00/dev/SmartQuotation/backend/.venv/lib/python3.13/site-packages/django/core/management/base.py", line 460, in execute
    output = self.handle(*args, **options)
  File "/home/rcosta00/dev/SmartQuotation/backend/.venv/lib/python3.13/site-packages/django_tenants/management/commands/migrate_schemas.py", line 66, in handle
    executor.run_migrations(tenants=[self.PUBLIC_SCHEMA_NAME])
    ~~~~~~~~~~~~~~~~~~~~~~~^^^^^^^^^^^^^^^^^^^^^^^^^^^^^^^^^^^
  File "/home/rcosta00/dev/SmartQuotation/backend/.venv/lib/python3.13/site-packages/django_tenants/migration_executors/standard.py", line 11, in run_migrations
    run_migrations(self.args, self.options, self.codename, self.PUBLIC_SCHEMA_NAME)
    ~~~~~~~~~~~~~~^^^^^^^^^^^^^^^^^^^^^^^^^^^^^^^^^^^^^^^^^^^^^^^^^^^^^^^^^^^^^^^^^
  File "/home/rcosta00/dev/SmartQuotation/backend/.venv/lib/python3.13/site-packages/django_tenants/migration_executors/base.py", line 51, in run_migrations
    migration_recorder.ensure_schema()
    ~~~~~~~~~~~~~~~~~~~~~~~~~~~~~~~~^^
  File "/home/rcosta00/dev/SmartQuotation/backend/.venv/lib/python3.13/site-packages/django/db/migrations/recorder.py", line 73, in ensure_schema
    if self.has_table():
       ~~~~~~~~~~~~~~^^
  File "/home/rcosta00/dev/SmartQuotation/backend/.venv/lib/python3.13/site-packages/django/db/migrations/recorder.py", line 63, in has_table
    with self.connection.cursor() as cursor:
         ~~~~~~~~~~~~~~~~~~~~~~^^
  File "/home/rcosta00/dev/SmartQuotation/backend/.venv/lib/python3.13/site-packages/django/utils/asyncio.py", line 26, in inner
    return func(*args, **kwargs)
  File "/home/rcosta00/dev/SmartQuotation/backend/.venv/lib/python3.13/site-packages/django/db/backends/base/base.py", line 320, in cursor
    return self._cursor()
           ~~~~~~~~~~~~^^
  File "/home/rcosta00/dev/SmartQuotation/backend/.venv/lib/python3.13/site-packages/django_tenants/postgresql_backend/base.py", line 144, in _cursor
    cursor = super()._cursor()
  File "/home/rcosta00/dev/SmartQuotation/backend/.venv/lib/python3.13/site-packages/django/db/backends/base/base.py", line 297, in _cursor
    with self.wrap_database_errors:
         ^^^^^^^^^^^^^^^^^^^^^^^^^
  File "/home/rcosta00/dev/SmartQuotation/backend/.venv/lib/python3.13/site-packages/django/db/utils.py", line 91, in __exit__
    raise dj_exc_value.with_traceback(traceback) from exc_value
  File "/home/rcosta00/dev/SmartQuotation/backend/.venv/lib/python3.13/site-packages/django/db/backends/base/base.py", line 298, in _cursor
    return self._prepare_cursor(self.create_cursor(name))
                                ~~~~~~~~~~~~~~~~~~^^^^^^
  File "/home/rcosta00/dev/SmartQuotation/backend/.venv/lib/python3.13/site-packages/django/utils/asyncio.py", line 26, in inner
    return func(*args, **kwargs)
  File "/home/rcosta00/dev/SmartQuotation/backend/.venv/lib/python3.13/site-packages/django/db/backends/postgresql/base.py", line 429, in create_cursor
    cursor = self.connection.cursor()
django.db.utils.InterfaceError: connection already closed

======================================================================
ERROR: setUpClass (apps.engineering_params.test_h23.LearningEngineSuggestionViewTests)
----------------------------------------------------------------------
Traceback (most recent call last):
  File "/home/rcosta00/dev/SmartQuotation/backend/.venv/lib/python3.13/site-packages/django/db/backends/base/base.py", line 298, in _cursor
    return self._prepare_cursor(self.create_cursor(name))
                                ~~~~~~~~~~~~~~~~~~^^^^^^
  File "/home/rcosta00/dev/SmartQuotation/backend/.venv/lib/python3.13/site-packages/django/utils/asyncio.py", line 26, in inner
    return func(*args, **kwargs)
  File "/home/rcosta00/dev/SmartQuotation/backend/.venv/lib/python3.13/site-packages/django/db/backends/postgresql/base.py", line 429, in create_cursor
    cursor = self.connection.cursor()
psycopg2.InterfaceError: connection already closed

The above exception was the direct cause of the following exception:

Traceback (most recent call last):
  File "/home/rcosta00/dev/SmartQuotation/backend/.venv/lib/python3.13/site-packages/django_tenants/test/cases.py", line 34, in setUpClass
    cls.sync_shared()
    ~~~~~~~~~~~~~~~^^
  File "/home/rcosta00/dev/SmartQuotation/backend/.venv/lib/python3.13/site-packages/django_tenants/test/cases.py", line 76, in sync_shared
    call_command('migrate_schemas',
    ~~~~~~~~~~~~^^^^^^^^^^^^^^^^^^^
                 schema_name=get_public_schema_name(),
                 ^^^^^^^^^^^^^^^^^^^^^^^^^^^^^^^^^^^^^
                 interactive=False,
                 ^^^^^^^^^^^^^^^^^^
                 verbosity=0)
                 ^^^^^^^^^^^^
  File "/home/rcosta00/dev/SmartQuotation/backend/.venv/lib/python3.13/site-packages/django/core/management/__init__.py", line 194, in call_command
    return command.execute(*args, **defaults)
           ~~~~~~~~~~~~~~~^^^^^^^^^^^^^^^^^^^
  File "/home/rcosta00/dev/SmartQuotation/backend/.venv/lib/python3.13/site-packages/django/core/management/base.py", line 460, in execute
    output = self.handle(*args, **options)
  File "/home/rcosta00/dev/SmartQuotation/backend/.venv/lib/python3.13/site-packages/django_tenants/management/commands/migrate_schemas.py", line 66, in handle
    executor.run_migrations(tenants=[self.PUBLIC_SCHEMA_NAME])
    ~~~~~~~~~~~~~~~~~~~~~~~^^^^^^^^^^^^^^^^^^^^^^^^^^^^^^^^^^^
  File "/home/rcosta00/dev/SmartQuotation/backend/.venv/lib/python3.13/site-packages/django_tenants/migration_executors/standard.py", line 11, in run_migrations
    run_migrations(self.args, self.options, self.codename, self.PUBLIC_SCHEMA_NAME)
    ~~~~~~~~~~~~~~^^^^^^^^^^^^^^^^^^^^^^^^^^^^^^^^^^^^^^^^^^^^^^^^^^^^^^^^^^^^^^^^^
  File "/home/rcosta00/dev/SmartQuotation/backend/.venv/lib/python3.13/site-packages/django_tenants/migration_executors/base.py", line 51, in run_migrations
    migration_recorder.ensure_schema()
    ~~~~~~~~~~~~~~~~~~~~~~~~~~~~~~~~^^
  File "/home/rcosta00/dev/SmartQuotation/backend/.venv/lib/python3.13/site-packages/django/db/migrations/recorder.py", line 73, in ensure_schema
    if self.has_table():
       ~~~~~~~~~~~~~~^^
  File "/home/rcosta00/dev/SmartQuotation/backend/.venv/lib/python3.13/site-packages/django/db/migrations/recorder.py", line 63, in has_table
    with self.connection.cursor() as cursor:
         ~~~~~~~~~~~~~~~~~~~~~~^^
  File "/home/rcosta00/dev/SmartQuotation/backend/.venv/lib/python3.13/site-packages/django/utils/asyncio.py", line 26, in inner
    return func(*args, **kwargs)
  File "/home/rcosta00/dev/SmartQuotation/backend/.venv/lib/python3.13/site-packages/django/db/backends/base/base.py", line 320, in cursor
    return self._cursor()
           ~~~~~~~~~~~~^^
  File "/home/rcosta00/dev/SmartQuotation/backend/.venv/lib/python3.13/site-packages/django_tenants/postgresql_backend/base.py", line 144, in _cursor
    cursor = super()._cursor()
  File "/home/rcosta00/dev/SmartQuotation/backend/.venv/lib/python3.13/site-packages/django/db/backends/base/base.py", line 297, in _cursor
    with self.wrap_database_errors:
         ^^^^^^^^^^^^^^^^^^^^^^^^^
  File "/home/rcosta00/dev/SmartQuotation/backend/.venv/lib/python3.13/site-packages/django/db/utils.py", line 91, in __exit__
    raise dj_exc_value.with_traceback(traceback) from exc_value
  File "/home/rcosta00/dev/SmartQuotation/backend/.venv/lib/python3.13/site-packages/django/db/backends/base/base.py", line 298, in _cursor
    return self._prepare_cursor(self.create_cursor(name))
                                ~~~~~~~~~~~~~~~~~~^^^^^^
  File "/home/rcosta00/dev/SmartQuotation/backend/.venv/lib/python3.13/site-packages/django/utils/asyncio.py", line 26, in inner
    return func(*args, **kwargs)
  File "/home/rcosta00/dev/SmartQuotation/backend/.venv/lib/python3.13/site-packages/django/db/backends/postgresql/base.py", line 429, in create_cursor
    cursor = self.connection.cursor()
django.db.utils.InterfaceError: connection already closed

======================================================================
ERROR: setUpClass (apps.engineering_params.test_services.ServicesTests)
----------------------------------------------------------------------
Traceback (most recent call last):
  File "/home/rcosta00/dev/SmartQuotation/backend/.venv/lib/python3.13/site-packages/django/db/backends/base/base.py", line 298, in _cursor
    return self._prepare_cursor(self.create_cursor(name))
                                ~~~~~~~~~~~~~~~~~~^^^^^^
  File "/home/rcosta00/dev/SmartQuotation/backend/.venv/lib/python3.13/site-packages/django/utils/asyncio.py", line 26, in inner
    return func(*args, **kwargs)
  File "/home/rcosta00/dev/SmartQuotation/backend/.venv/lib/python3.13/site-packages/django/db/backends/postgresql/base.py", line 429, in create_cursor
    cursor = self.connection.cursor()
psycopg2.InterfaceError: connection already closed

The above exception was the direct cause of the following exception:

Traceback (most recent call last):
  File "/home/rcosta00/dev/SmartQuotation/backend/.venv/lib/python3.13/site-packages/django_tenants/test/cases.py", line 34, in setUpClass
    cls.sync_shared()
    ~~~~~~~~~~~~~~~^^
  File "/home/rcosta00/dev/SmartQuotation/backend/.venv/lib/python3.13/site-packages/django_tenants/test/cases.py", line 76, in sync_shared
    call_command('migrate_schemas',
    ~~~~~~~~~~~~^^^^^^^^^^^^^^^^^^^
                 schema_name=get_public_schema_name(),
                 ^^^^^^^^^^^^^^^^^^^^^^^^^^^^^^^^^^^^^
                 interactive=False,
                 ^^^^^^^^^^^^^^^^^^
                 verbosity=0)
                 ^^^^^^^^^^^^
  File "/home/rcosta00/dev/SmartQuotation/backend/.venv/lib/python3.13/site-packages/django/core/management/__init__.py", line 194, in call_command
    return command.execute(*args, **defaults)
           ~~~~~~~~~~~~~~~^^^^^^^^^^^^^^^^^^^
  File "/home/rcosta00/dev/SmartQuotation/backend/.venv/lib/python3.13/site-packages/django/core/management/base.py", line 460, in execute
    output = self.handle(*args, **options)
  File "/home/rcosta00/dev/SmartQuotation/backend/.venv/lib/python3.13/site-packages/django_tenants/management/commands/migrate_schemas.py", line 66, in handle
    executor.run_migrations(tenants=[self.PUBLIC_SCHEMA_NAME])
    ~~~~~~~~~~~~~~~~~~~~~~~^^^^^^^^^^^^^^^^^^^^^^^^^^^^^^^^^^^
  File "/home/rcosta00/dev/SmartQuotation/backend/.venv/lib/python3.13/site-packages/django_tenants/migration_executors/standard.py", line 11, in run_migrations
    run_migrations(self.args, self.options, self.codename, self.PUBLIC_SCHEMA_NAME)
    ~~~~~~~~~~~~~~^^^^^^^^^^^^^^^^^^^^^^^^^^^^^^^^^^^^^^^^^^^^^^^^^^^^^^^^^^^^^^^^^
  File "/home/rcosta00/dev/SmartQuotation/backend/.venv/lib/python3.13/site-packages/django_tenants/migration_executors/base.py", line 51, in run_migrations
    migration_recorder.ensure_schema()
    ~~~~~~~~~~~~~~~~~~~~~~~~~~~~~~~~^^
  File "/home/rcosta00/dev/SmartQuotation/backend/.venv/lib/python3.13/site-packages/django/db/migrations/recorder.py", line 73, in ensure_schema
    if self.has_table():
       ~~~~~~~~~~~~~~^^
  File "/home/rcosta00/dev/SmartQuotation/backend/.venv/lib/python3.13/site-packages/django/db/migrations/recorder.py", line 63, in has_table
    with self.connection.cursor() as cursor:
         ~~~~~~~~~~~~~~~~~~~~~~^^
  File "/home/rcosta00/dev/SmartQuotation/backend/.venv/lib/python3.13/site-packages/django/utils/asyncio.py", line 26, in inner
    return func(*args, **kwargs)
  File "/home/rcosta00/dev/SmartQuotation/backend/.venv/lib/python3.13/site-packages/django/db/backends/base/base.py", line 320, in cursor
    return self._cursor()
           ~~~~~~~~~~~~^^
  File "/home/rcosta00/dev/SmartQuotation/backend/.venv/lib/python3.13/site-packages/django_tenants/postgresql_backend/base.py", line 144, in _cursor
    cursor = super()._cursor()
  File "/home/rcosta00/dev/SmartQuotation/backend/.venv/lib/python3.13/site-packages/django/db/backends/base/base.py", line 297, in _cursor
    with self.wrap_database_errors:
         ^^^^^^^^^^^^^^^^^^^^^^^^^
  File "/home/rcosta00/dev/SmartQuotation/backend/.venv/lib/python3.13/site-packages/django/db/utils.py", line 91, in __exit__
    raise dj_exc_value.with_traceback(traceback) from exc_value
  File "/home/rcosta00/dev/SmartQuotation/backend/.venv/lib/python3.13/site-packages/django/db/backends/base/base.py", line 298, in _cursor
    return self._prepare_cursor(self.create_cursor(name))
                                ~~~~~~~~~~~~~~~~~~^^^^^^
  File "/home/rcosta00/dev/SmartQuotation/backend/.venv/lib/python3.13/site-packages/django/utils/asyncio.py", line 26, in inner
    return func(*args, **kwargs)
  File "/home/rcosta00/dev/SmartQuotation/backend/.venv/lib/python3.13/site-packages/django/db/backends/postgresql/base.py", line 429, in create_cursor
    cursor = self.connection.cursor()
django.db.utils.InterfaceError: connection already closed

======================================================================
ERROR: setUpClass (apps.engineering_params.test_simulation.PreviewRateImpactViewTests)
----------------------------------------------------------------------
Traceback (most recent call last):
  File "/home/rcosta00/dev/SmartQuotation/backend/.venv/lib/python3.13/site-packages/django/db/backends/base/base.py", line 298, in _cursor
    return self._prepare_cursor(self.create_cursor(name))
                                ~~~~~~~~~~~~~~~~~~^^^^^^
  File "/home/rcosta00/dev/SmartQuotation/backend/.venv/lib/python3.13/site-packages/django/utils/asyncio.py", line 26, in inner
    return func(*args, **kwargs)
  File "/home/rcosta00/dev/SmartQuotation/backend/.venv/lib/python3.13/site-packages/django/db/backends/postgresql/base.py", line 429, in create_cursor
    cursor = self.connection.cursor()
psycopg2.InterfaceError: connection already closed

The above exception was the direct cause of the following exception:

Traceback (most recent call last):
  File "/home/rcosta00/dev/SmartQuotation/backend/.venv/lib/python3.13/site-packages/django_tenants/test/cases.py", line 34, in setUpClass
    cls.sync_shared()
    ~~~~~~~~~~~~~~~^^
  File "/home/rcosta00/dev/SmartQuotation/backend/.venv/lib/python3.13/site-packages/django_tenants/test/cases.py", line 76, in sync_shared
    call_command('migrate_schemas',
    ~~~~~~~~~~~~^^^^^^^^^^^^^^^^^^^
                 schema_name=get_public_schema_name(),
                 ^^^^^^^^^^^^^^^^^^^^^^^^^^^^^^^^^^^^^
                 interactive=False,
                 ^^^^^^^^^^^^^^^^^^
                 verbosity=0)
                 ^^^^^^^^^^^^
  File "/home/rcosta00/dev/SmartQuotation/backend/.venv/lib/python3.13/site-packages/django/core/management/__init__.py", line 194, in call_command
    return command.execute(*args, **defaults)
           ~~~~~~~~~~~~~~~^^^^^^^^^^^^^^^^^^^
  File "/home/rcosta00/dev/SmartQuotation/backend/.venv/lib/python3.13/site-packages/django/core/management/base.py", line 460, in execute
    output = self.handle(*args, **options)
  File "/home/rcosta00/dev/SmartQuotation/backend/.venv/lib/python3.13/site-packages/django_tenants/management/commands/migrate_schemas.py", line 66, in handle
    executor.run_migrations(tenants=[self.PUBLIC_SCHEMA_NAME])
    ~~~~~~~~~~~~~~~~~~~~~~~^^^^^^^^^^^^^^^^^^^^^^^^^^^^^^^^^^^
  File "/home/rcosta00/dev/SmartQuotation/backend/.venv/lib/python3.13/site-packages/django_tenants/migration_executors/standard.py", line 11, in run_migrations
    run_migrations(self.args, self.options, self.codename, self.PUBLIC_SCHEMA_NAME)
    ~~~~~~~~~~~~~~^^^^^^^^^^^^^^^^^^^^^^^^^^^^^^^^^^^^^^^^^^^^^^^^^^^^^^^^^^^^^^^^^
  File "/home/rcosta00/dev/SmartQuotation/backend/.venv/lib/python3.13/site-packages/django_tenants/migration_executors/base.py", line 51, in run_migrations
    migration_recorder.ensure_schema()
    ~~~~~~~~~~~~~~~~~~~~~~~~~~~~~~~~^^
  File "/home/rcosta00/dev/SmartQuotation/backend/.venv/lib/python3.13/site-packages/django/db/migrations/recorder.py", line 73, in ensure_schema
    if self.has_table():
       ~~~~~~~~~~~~~~^^
  File "/home/rcosta00/dev/SmartQuotation/backend/.venv/lib/python3.13/site-packages/django/db/migrations/recorder.py", line 63, in has_table
    with self.connection.cursor() as cursor:
         ~~~~~~~~~~~~~~~~~~~~~~^^
  File "/home/rcosta00/dev/SmartQuotation/backend/.venv/lib/python3.13/site-packages/django/utils/asyncio.py", line 26, in inner
    return func(*args, **kwargs)
  File "/home/rcosta00/dev/SmartQuotation/backend/.venv/lib/python3.13/site-packages/django/db/backends/base/base.py", line 320, in cursor
    return self._cursor()
           ~~~~~~~~~~~~^^
  File "/home/rcosta00/dev/SmartQuotation/backend/.venv/lib/python3.13/site-packages/django_tenants/postgresql_backend/base.py", line 144, in _cursor
    cursor = super()._cursor()
  File "/home/rcosta00/dev/SmartQuotation/backend/.venv/lib/python3.13/site-packages/django/db/backends/base/base.py", line 297, in _cursor
    with self.wrap_database_errors:
         ^^^^^^^^^^^^^^^^^^^^^^^^^
  File "/home/rcosta00/dev/SmartQuotation/backend/.venv/lib/python3.13/site-packages/django/db/utils.py", line 91, in __exit__
    raise dj_exc_value.with_traceback(traceback) from exc_value
  File "/home/rcosta00/dev/SmartQuotation/backend/.venv/lib/python3.13/site-packages/django/db/backends/base/base.py", line 298, in _cursor
    return self._prepare_cursor(self.create_cursor(name))
                                ~~~~~~~~~~~~~~~~~~^^^^^^
  File "/home/rcosta00/dev/SmartQuotation/backend/.venv/lib/python3.13/site-packages/django/utils/asyncio.py", line 26, in inner
    return func(*args, **kwargs)
  File "/home/rcosta00/dev/SmartQuotation/backend/.venv/lib/python3.13/site-packages/django/db/backends/postgresql/base.py", line 429, in create_cursor
    cursor = self.connection.cursor()
django.db.utils.InterfaceError: connection already closed

======================================================================
ERROR: setUpClass (apps.engineering_params.test_simulation.SimulateProcessParameterChangeServiceTests)
----------------------------------------------------------------------
Traceback (most recent call last):
  File "/home/rcosta00/dev/SmartQuotation/backend/.venv/lib/python3.13/site-packages/django/db/backends/base/base.py", line 298, in _cursor
    return self._prepare_cursor(self.create_cursor(name))
                                ~~~~~~~~~~~~~~~~~~^^^^^^
  File "/home/rcosta00/dev/SmartQuotation/backend/.venv/lib/python3.13/site-packages/django/utils/asyncio.py", line 26, in inner
    return func(*args, **kwargs)
  File "/home/rcosta00/dev/SmartQuotation/backend/.venv/lib/python3.13/site-packages/django/db/backends/postgresql/base.py", line 429, in create_cursor
    cursor = self.connection.cursor()
psycopg2.InterfaceError: connection already closed

The above exception was the direct cause of the following exception:

Traceback (most recent call last):
  File "/home/rcosta00/dev/SmartQuotation/backend/.venv/lib/python3.13/site-packages/django_tenants/test/cases.py", line 34, in setUpClass
    cls.sync_shared()
    ~~~~~~~~~~~~~~~^^
  File "/home/rcosta00/dev/SmartQuotation/backend/.venv/lib/python3.13/site-packages/django_tenants/test/cases.py", line 76, in sync_shared
    call_command('migrate_schemas',
    ~~~~~~~~~~~~^^^^^^^^^^^^^^^^^^^
                 schema_name=get_public_schema_name(),
                 ^^^^^^^^^^^^^^^^^^^^^^^^^^^^^^^^^^^^^
                 interactive=False,
                 ^^^^^^^^^^^^^^^^^^
                 verbosity=0)
                 ^^^^^^^^^^^^
  File "/home/rcosta00/dev/SmartQuotation/backend/.venv/lib/python3.13/site-packages/django/core/management/__init__.py", line 194, in call_command
    return command.execute(*args, **defaults)
           ~~~~~~~~~~~~~~~^^^^^^^^^^^^^^^^^^^
  File "/home/rcosta00/dev/SmartQuotation/backend/.venv/lib/python3.13/site-packages/django/core/management/base.py", line 460, in execute
    output = self.handle(*args, **options)
  File "/home/rcosta00/dev/SmartQuotation/backend/.venv/lib/python3.13/site-packages/django_tenants/management/commands/migrate_schemas.py", line 66, in handle
    executor.run_migrations(tenants=[self.PUBLIC_SCHEMA_NAME])
    ~~~~~~~~~~~~~~~~~~~~~~~^^^^^^^^^^^^^^^^^^^^^^^^^^^^^^^^^^^
  File "/home/rcosta00/dev/SmartQuotation/backend/.venv/lib/python3.13/site-packages/django_tenants/migration_executors/standard.py", line 11, in run_migrations
    run_migrations(self.args, self.options, self.codename, self.PUBLIC_SCHEMA_NAME)
    ~~~~~~~~~~~~~~^^^^^^^^^^^^^^^^^^^^^^^^^^^^^^^^^^^^^^^^^^^^^^^^^^^^^^^^^^^^^^^^^
  File "/home/rcosta00/dev/SmartQuotation/backend/.venv/lib/python3.13/site-packages/django_tenants/migration_executors/base.py", line 51, in run_migrations
    migration_recorder.ensure_schema()
    ~~~~~~~~~~~~~~~~~~~~~~~~~~~~~~~~^^
  File "/home/rcosta00/dev/SmartQuotation/backend/.venv/lib/python3.13/site-packages/django/db/migrations/recorder.py", line 73, in ensure_schema
    if self.has_table():
       ~~~~~~~~~~~~~~^^
  File "/home/rcosta00/dev/SmartQuotation/backend/.venv/lib/python3.13/site-packages/django/db/migrations/recorder.py", line 63, in has_table
    with self.connection.cursor() as cursor:
         ~~~~~~~~~~~~~~~~~~~~~~^^
  File "/home/rcosta00/dev/SmartQuotation/backend/.venv/lib/python3.13/site-packages/django/utils/asyncio.py", line 26, in inner
    return func(*args, **kwargs)
  File "/home/rcosta00/dev/SmartQuotation/backend/.venv/lib/python3.13/site-packages/django/db/backends/base/base.py", line 320, in cursor
    return self._cursor()
           ~~~~~~~~~~~~^^
  File "/home/rcosta00/dev/SmartQuotation/backend/.venv/lib/python3.13/site-packages/django_tenants/postgresql_backend/base.py", line 144, in _cursor
    cursor = super()._cursor()
  File "/home/rcosta00/dev/SmartQuotation/backend/.venv/lib/python3.13/site-packages/django/db/backends/base/base.py", line 297, in _cursor
    with self.wrap_database_errors:
         ^^^^^^^^^^^^^^^^^^^^^^^^^
  File "/home/rcosta00/dev/SmartQuotation/backend/.venv/lib/python3.13/site-packages/django/db/utils.py", line 91, in __exit__
    raise dj_exc_value.with_traceback(traceback) from exc_value
  File "/home/rcosta00/dev/SmartQuotation/backend/.venv/lib/python3.13/site-packages/django/db/backends/base/base.py", line 298, in _cursor
    return self._prepare_cursor(self.create_cursor(name))
                                ~~~~~~~~~~~~~~~~~~^^^^^^
  File "/home/rcosta00/dev/SmartQuotation/backend/.venv/lib/python3.13/site-packages/django/utils/asyncio.py", line 26, in inner
    return func(*args, **kwargs)
  File "/home/rcosta00/dev/SmartQuotation/backend/.venv/lib/python3.13/site-packages/django/db/backends/postgresql/base.py", line 429, in create_cursor
    cursor = self.connection.cursor()
django.db.utils.InterfaceError: connection already closed

======================================================================
ERROR: setUpClass (apps.engineering_params.test_simulation.SimulateRateChangeServiceTests)
----------------------------------------------------------------------
Traceback (most recent call last):
  File "/home/rcosta00/dev/SmartQuotation/backend/.venv/lib/python3.13/site-packages/django/db/backends/base/base.py", line 298, in _cursor
    return self._prepare_cursor(self.create_cursor(name))
                                ~~~~~~~~~~~~~~~~~~^^^^^^
  File "/home/rcosta00/dev/SmartQuotation/backend/.venv/lib/python3.13/site-packages/django/utils/asyncio.py", line 26, in inner
    return func(*args, **kwargs)
  File "/home/rcosta00/dev/SmartQuotation/backend/.venv/lib/python3.13/site-packages/django/db/backends/postgresql/base.py", line 429, in create_cursor
    cursor = self.connection.cursor()
psycopg2.InterfaceError: connection already closed

The above exception was the direct cause of the following exception:

Traceback (most recent call last):
  File "/home/rcosta00/dev/SmartQuotation/backend/.venv/lib/python3.13/site-packages/django_tenants/test/cases.py", line 34, in setUpClass
    cls.sync_shared()
    ~~~~~~~~~~~~~~~^^
  File "/home/rcosta00/dev/SmartQuotation/backend/.venv/lib/python3.13/site-packages/django_tenants/test/cases.py", line 76, in sync_shared
    call_command('migrate_schemas',
    ~~~~~~~~~~~~^^^^^^^^^^^^^^^^^^^
                 schema_name=get_public_schema_name(),
                 ^^^^^^^^^^^^^^^^^^^^^^^^^^^^^^^^^^^^^
                 interactive=False,
                 ^^^^^^^^^^^^^^^^^^
                 verbosity=0)
                 ^^^^^^^^^^^^
  File "/home/rcosta00/dev/SmartQuotation/backend/.venv/lib/python3.13/site-packages/django/core/management/__init__.py", line 194, in call_command
    return command.execute(*args, **defaults)
           ~~~~~~~~~~~~~~~^^^^^^^^^^^^^^^^^^^
  File "/home/rcosta00/dev/SmartQuotation/backend/.venv/lib/python3.13/site-packages/django/core/management/base.py", line 460, in execute
    output = self.handle(*args, **options)
  File "/home/rcosta00/dev/SmartQuotation/backend/.venv/lib/python3.13/site-packages/django_tenants/management/commands/migrate_schemas.py", line 66, in handle
    executor.run_migrations(tenants=[self.PUBLIC_SCHEMA_NAME])
    ~~~~~~~~~~~~~~~~~~~~~~~^^^^^^^^^^^^^^^^^^^^^^^^^^^^^^^^^^^
  File "/home/rcosta00/dev/SmartQuotation/backend/.venv/lib/python3.13/site-packages/django_tenants/migration_executors/standard.py", line 11, in run_migrations
    run_migrations(self.args, self.options, self.codename, self.PUBLIC_SCHEMA_NAME)
    ~~~~~~~~~~~~~~^^^^^^^^^^^^^^^^^^^^^^^^^^^^^^^^^^^^^^^^^^^^^^^^^^^^^^^^^^^^^^^^^
  File "/home/rcosta00/dev/SmartQuotation/backend/.venv/lib/python3.13/site-packages/django_tenants/migration_executors/base.py", line 51, in run_migrations
    migration_recorder.ensure_schema()
    ~~~~~~~~~~~~~~~~~~~~~~~~~~~~~~~~^^
  File "/home/rcosta00/dev/SmartQuotation/backend/.venv/lib/python3.13/site-packages/django/db/migrations/recorder.py", line 73, in ensure_schema
    if self.has_table():
       ~~~~~~~~~~~~~~^^
  File "/home/rcosta00/dev/SmartQuotation/backend/.venv/lib/python3.13/site-packages/django/db/migrations/recorder.py", line 63, in has_table
    with self.connection.cursor() as cursor:
         ~~~~~~~~~~~~~~~~~~~~~~^^
  File "/home/rcosta00/dev/SmartQuotation/backend/.venv/lib/python3.13/site-packages/django/utils/asyncio.py", line 26, in inner
    return func(*args, **kwargs)
  File "/home/rcosta00/dev/SmartQuotation/backend/.venv/lib/python3.13/site-packages/django/db/backends/base/base.py", line 320, in cursor
    return self._cursor()
           ~~~~~~~~~~~~^^
  File "/home/rcosta00/dev/SmartQuotation/backend/.venv/lib/python3.13/site-packages/django_tenants/postgresql_backend/base.py", line 144, in _cursor
    cursor = super()._cursor()
  File "/home/rcosta00/dev/SmartQuotation/backend/.venv/lib/python3.13/site-packages/django/db/backends/base/base.py", line 297, in _cursor
    with self.wrap_database_errors:
         ^^^^^^^^^^^^^^^^^^^^^^^^^
  File "/home/rcosta00/dev/SmartQuotation/backend/.venv/lib/python3.13/site-packages/django/db/utils.py", line 91, in __exit__
    raise dj_exc_value.with_traceback(traceback) from exc_value
  File "/home/rcosta00/dev/SmartQuotation/backend/.venv/lib/python3.13/site-packages/django/db/backends/base/base.py", line 298, in _cursor
    return self._prepare_cursor(self.create_cursor(name))
                                ~~~~~~~~~~~~~~~~~~^^^^^^
  File "/home/rcosta00/dev/SmartQuotation/backend/.venv/lib/python3.13/site-packages/django/utils/asyncio.py", line 26, in inner
    return func(*args, **kwargs)
  File "/home/rcosta00/dev/SmartQuotation/backend/.venv/lib/python3.13/site-packages/django/db/backends/postgresql/base.py", line 429, in create_cursor
    cursor = self.connection.cursor()
django.db.utils.InterfaceError: connection already closed

======================================================================
ERROR: setUpClass (apps.engineering_params.tests.CalibrationProcessParameterEditViewTests)
----------------------------------------------------------------------
Traceback (most recent call last):
  File "/home/rcosta00/dev/SmartQuotation/backend/.venv/lib/python3.13/site-packages/django/db/backends/base/base.py", line 298, in _cursor
    return self._prepare_cursor(self.create_cursor(name))
                                ~~~~~~~~~~~~~~~~~~^^^^^^
  File "/home/rcosta00/dev/SmartQuotation/backend/.venv/lib/python3.13/site-packages/django/utils/asyncio.py", line 26, in inner
    return func(*args, **kwargs)
  File "/home/rcosta00/dev/SmartQuotation/backend/.venv/lib/python3.13/site-packages/django/db/backends/postgresql/base.py", line 429, in create_cursor
    cursor = self.connection.cursor()
psycopg2.InterfaceError: connection already closed

The above exception was the direct cause of the following exception:

Traceback (most recent call last):
  File "/home/rcosta00/dev/SmartQuotation/backend/.venv/lib/python3.13/site-packages/django_tenants/test/cases.py", line 34, in setUpClass
    cls.sync_shared()
    ~~~~~~~~~~~~~~~^^
  File "/home/rcosta00/dev/SmartQuotation/backend/.venv/lib/python3.13/site-packages/django_tenants/test/cases.py", line 76, in sync_shared
    call_command('migrate_schemas',
    ~~~~~~~~~~~~^^^^^^^^^^^^^^^^^^^
                 schema_name=get_public_schema_name(),
                 ^^^^^^^^^^^^^^^^^^^^^^^^^^^^^^^^^^^^^
                 interactive=False,
                 ^^^^^^^^^^^^^^^^^^
                 verbosity=0)
                 ^^^^^^^^^^^^
  File "/home/rcosta00/dev/SmartQuotation/backend/.venv/lib/python3.13/site-packages/django/core/management/__init__.py", line 194, in call_command
    return command.execute(*args, **defaults)
           ~~~~~~~~~~~~~~~^^^^^^^^^^^^^^^^^^^
  File "/home/rcosta00/dev/SmartQuotation/backend/.venv/lib/python3.13/site-packages/django/core/management/base.py", line 460, in execute
    output = self.handle(*args, **options)
  File "/home/rcosta00/dev/SmartQuotation/backend/.venv/lib/python3.13/site-packages/django_tenants/management/commands/migrate_schemas.py", line 66, in handle
    executor.run_migrations(tenants=[self.PUBLIC_SCHEMA_NAME])
    ~~~~~~~~~~~~~~~~~~~~~~~^^^^^^^^^^^^^^^^^^^^^^^^^^^^^^^^^^^
  File "/home/rcosta00/dev/SmartQuotation/backend/.venv/lib/python3.13/site-packages/django_tenants/migration_executors/standard.py", line 11, in run_migrations
    run_migrations(self.args, self.options, self.codename, self.PUBLIC_SCHEMA_NAME)
    ~~~~~~~~~~~~~~^^^^^^^^^^^^^^^^^^^^^^^^^^^^^^^^^^^^^^^^^^^^^^^^^^^^^^^^^^^^^^^^^
  File "/home/rcosta00/dev/SmartQuotation/backend/.venv/lib/python3.13/site-packages/django_tenants/migration_executors/base.py", line 51, in run_migrations
    migration_recorder.ensure_schema()
    ~~~~~~~~~~~~~~~~~~~~~~~~~~~~~~~~^^
  File "/home/rcosta00/dev/SmartQuotation/backend/.venv/lib/python3.13/site-packages/django/db/migrations/recorder.py", line 73, in ensure_schema
    if self.has_table():
       ~~~~~~~~~~~~~~^^
  File "/home/rcosta00/dev/SmartQuotation/backend/.venv/lib/python3.13/site-packages/django/db/migrations/recorder.py", line 63, in has_table
    with self.connection.cursor() as cursor:
         ~~~~~~~~~~~~~~~~~~~~~~^^
  File "/home/rcosta00/dev/SmartQuotation/backend/.venv/lib/python3.13/site-packages/django/utils/asyncio.py", line 26, in inner
    return func(*args, **kwargs)
  File "/home/rcosta00/dev/SmartQuotation/backend/.venv/lib/python3.13/site-packages/django/db/backends/base/base.py", line 320, in cursor
    return self._cursor()
           ~~~~~~~~~~~~^^
  File "/home/rcosta00/dev/SmartQuotation/backend/.venv/lib/python3.13/site-packages/django_tenants/postgresql_backend/base.py", line 144, in _cursor
    cursor = super()._cursor()
  File "/home/rcosta00/dev/SmartQuotation/backend/.venv/lib/python3.13/site-packages/django/db/backends/base/base.py", line 297, in _cursor
    with self.wrap_database_errors:
         ^^^^^^^^^^^^^^^^^^^^^^^^^
  File "/home/rcosta00/dev/SmartQuotation/backend/.venv/lib/python3.13/site-packages/django/db/utils.py", line 91, in __exit__
    raise dj_exc_value.with_traceback(traceback) from exc_value
  File "/home/rcosta00/dev/SmartQuotation/backend/.venv/lib/python3.13/site-packages/django/db/backends/base/base.py", line 298, in _cursor
    return self._prepare_cursor(self.create_cursor(name))
                                ~~~~~~~~~~~~~~~~~~^^^^^^
  File "/home/rcosta00/dev/SmartQuotation/backend/.venv/lib/python3.13/site-packages/django/utils/asyncio.py", line 26, in inner
    return func(*args, **kwargs)
  File "/home/rcosta00/dev/SmartQuotation/backend/.venv/lib/python3.13/site-packages/django/db/backends/postgresql/base.py", line 429, in create_cursor
    cursor = self.connection.cursor()
django.db.utils.InterfaceError: connection already closed

======================================================================
ERROR: setUpClass (apps.engineering_params.tests.CalibrationRateEditViewTests)
----------------------------------------------------------------------
Traceback (most recent call last):
  File "/home/rcosta00/dev/SmartQuotation/backend/.venv/lib/python3.13/site-packages/django/db/backends/base/base.py", line 298, in _cursor
    return self._prepare_cursor(self.create_cursor(name))
                                ~~~~~~~~~~~~~~~~~~^^^^^^
  File "/home/rcosta00/dev/SmartQuotation/backend/.venv/lib/python3.13/site-packages/django/utils/asyncio.py", line 26, in inner
    return func(*args, **kwargs)
  File "/home/rcosta00/dev/SmartQuotation/backend/.venv/lib/python3.13/site-packages/django/db/backends/postgresql/base.py", line 429, in create_cursor
    cursor = self.connection.cursor()
psycopg2.InterfaceError: connection already closed

The above exception was the direct cause of the following exception:

Traceback (most recent call last):
  File "/home/rcosta00/dev/SmartQuotation/backend/.venv/lib/python3.13/site-packages/django_tenants/test/cases.py", line 34, in setUpClass
    cls.sync_shared()
    ~~~~~~~~~~~~~~~^^
  File "/home/rcosta00/dev/SmartQuotation/backend/.venv/lib/python3.13/site-packages/django_tenants/test/cases.py", line 76, in sync_shared
    call_command('migrate_schemas',
    ~~~~~~~~~~~~^^^^^^^^^^^^^^^^^^^
                 schema_name=get_public_schema_name(),
                 ^^^^^^^^^^^^^^^^^^^^^^^^^^^^^^^^^^^^^
                 interactive=False,
                 ^^^^^^^^^^^^^^^^^^
                 verbosity=0)
                 ^^^^^^^^^^^^
  File "/home/rcosta00/dev/SmartQuotation/backend/.venv/lib/python3.13/site-packages/django/core/management/__init__.py", line 194, in call_command
    return command.execute(*args, **defaults)
           ~~~~~~~~~~~~~~~^^^^^^^^^^^^^^^^^^^
  File "/home/rcosta00/dev/SmartQuotation/backend/.venv/lib/python3.13/site-packages/django/core/management/base.py", line 460, in execute
    output = self.handle(*args, **options)
  File "/home/rcosta00/dev/SmartQuotation/backend/.venv/lib/python3.13/site-packages/django_tenants/management/commands/migrate_schemas.py", line 66, in handle
    executor.run_migrations(tenants=[self.PUBLIC_SCHEMA_NAME])
    ~~~~~~~~~~~~~~~~~~~~~~~^^^^^^^^^^^^^^^^^^^^^^^^^^^^^^^^^^^
  File "/home/rcosta00/dev/SmartQuotation/backend/.venv/lib/python3.13/site-packages/django_tenants/migration_executors/standard.py", line 11, in run_migrations
    run_migrations(self.args, self.options, self.codename, self.PUBLIC_SCHEMA_NAME)
    ~~~~~~~~~~~~~~^^^^^^^^^^^^^^^^^^^^^^^^^^^^^^^^^^^^^^^^^^^^^^^^^^^^^^^^^^^^^^^^^
  File "/home/rcosta00/dev/SmartQuotation/backend/.venv/lib/python3.13/site-packages/django_tenants/migration_executors/base.py", line 51, in run_migrations
    migration_recorder.ensure_schema()
    ~~~~~~~~~~~~~~~~~~~~~~~~~~~~~~~~^^
  File "/home/rcosta00/dev/SmartQuotation/backend/.venv/lib/python3.13/site-packages/django/db/migrations/recorder.py", line 73, in ensure_schema
    if self.has_table():
       ~~~~~~~~~~~~~~^^
  File "/home/rcosta00/dev/SmartQuotation/backend/.venv/lib/python3.13/site-packages/django/db/migrations/recorder.py", line 63, in has_table
    with self.connection.cursor() as cursor:
         ~~~~~~~~~~~~~~~~~~~~~~^^
  File "/home/rcosta00/dev/SmartQuotation/backend/.venv/lib/python3.13/site-packages/django/utils/asyncio.py", line 26, in inner
    return func(*args, **kwargs)
  File "/home/rcosta00/dev/SmartQuotation/backend/.venv/lib/python3.13/site-packages/django/db/backends/base/base.py", line 320, in cursor
    return self._cursor()
           ~~~~~~~~~~~~^^
  File "/home/rcosta00/dev/SmartQuotation/backend/.venv/lib/python3.13/site-packages/django_tenants/postgresql_backend/base.py", line 144, in _cursor
    cursor = super()._cursor()
  File "/home/rcosta00/dev/SmartQuotation/backend/.venv/lib/python3.13/site-packages/django/db/backends/base/base.py", line 297, in _cursor
    with self.wrap_database_errors:
         ^^^^^^^^^^^^^^^^^^^^^^^^^
  File "/home/rcosta00/dev/SmartQuotation/backend/.venv/lib/python3.13/site-packages/django/db/utils.py", line 91, in __exit__
    raise dj_exc_value.with_traceback(traceback) from exc_value
  File "/home/rcosta00/dev/SmartQuotation/backend/.venv/lib/python3.13/site-packages/django/db/backends/base/base.py", line 298, in _cursor
    return self._prepare_cursor(self.create_cursor(name))
                                ~~~~~~~~~~~~~~~~~~^^^^^^
  File "/home/rcosta00/dev/SmartQuotation/backend/.venv/lib/python3.13/site-packages/django/utils/asyncio.py", line 26, in inner
    return func(*args, **kwargs)
  File "/home/rcosta00/dev/SmartQuotation/backend/.venv/lib/python3.13/site-packages/django/db/backends/postgresql/base.py", line 429, in create_cursor
    cursor = self.connection.cursor()
django.db.utils.InterfaceError: connection already closed

======================================================================
ERROR: setUpClass (apps.engineering_params.tests.CalibrationSuggestionAcceptViewTests)
----------------------------------------------------------------------
Traceback (most recent call last):
  File "/home/rcosta00/dev/SmartQuotation/backend/.venv/lib/python3.13/site-packages/django/db/backends/base/base.py", line 298, in _cursor
    return self._prepare_cursor(self.create_cursor(name))
                                ~~~~~~~~~~~~~~~~~~^^^^^^
  File "/home/rcosta00/dev/SmartQuotation/backend/.venv/lib/python3.13/site-packages/django/utils/asyncio.py", line 26, in inner
    return func(*args, **kwargs)
  File "/home/rcosta00/dev/SmartQuotation/backend/.venv/lib/python3.13/site-packages/django/db/backends/postgresql/base.py", line 429, in create_cursor
    cursor = self.connection.cursor()
psycopg2.InterfaceError: connection already closed

The above exception was the direct cause of the following exception:

Traceback (most recent call last):
  File "/home/rcosta00/dev/SmartQuotation/backend/.venv/lib/python3.13/site-packages/django_tenants/test/cases.py", line 34, in setUpClass
    cls.sync_shared()
    ~~~~~~~~~~~~~~~^^
  File "/home/rcosta00/dev/SmartQuotation/backend/.venv/lib/python3.13/site-packages/django_tenants/test/cases.py", line 76, in sync_shared
    call_command('migrate_schemas',
    ~~~~~~~~~~~~^^^^^^^^^^^^^^^^^^^
                 schema_name=get_public_schema_name(),
                 ^^^^^^^^^^^^^^^^^^^^^^^^^^^^^^^^^^^^^
                 interactive=False,
                 ^^^^^^^^^^^^^^^^^^
                 verbosity=0)
                 ^^^^^^^^^^^^
  File "/home/rcosta00/dev/SmartQuotation/backend/.venv/lib/python3.13/site-packages/django/core/management/__init__.py", line 194, in call_command
    return command.execute(*args, **defaults)
           ~~~~~~~~~~~~~~~^^^^^^^^^^^^^^^^^^^
  File "/home/rcosta00/dev/SmartQuotation/backend/.venv/lib/python3.13/site-packages/django/core/management/base.py", line 460, in execute
    output = self.handle(*args, **options)
  File "/home/rcosta00/dev/SmartQuotation/backend/.venv/lib/python3.13/site-packages/django_tenants/management/commands/migrate_schemas.py", line 66, in handle
    executor.run_migrations(tenants=[self.PUBLIC_SCHEMA_NAME])
    ~~~~~~~~~~~~~~~~~~~~~~~^^^^^^^^^^^^^^^^^^^^^^^^^^^^^^^^^^^
  File "/home/rcosta00/dev/SmartQuotation/backend/.venv/lib/python3.13/site-packages/django_tenants/migration_executors/standard.py", line 11, in run_migrations
    run_migrations(self.args, self.options, self.codename, self.PUBLIC_SCHEMA_NAME)
    ~~~~~~~~~~~~~~^^^^^^^^^^^^^^^^^^^^^^^^^^^^^^^^^^^^^^^^^^^^^^^^^^^^^^^^^^^^^^^^^
  File "/home/rcosta00/dev/SmartQuotation/backend/.venv/lib/python3.13/site-packages/django_tenants/migration_executors/base.py", line 51, in run_migrations
    migration_recorder.ensure_schema()
    ~~~~~~~~~~~~~~~~~~~~~~~~~~~~~~~~^^
  File "/home/rcosta00/dev/SmartQuotation/backend/.venv/lib/python3.13/site-packages/django/db/migrations/recorder.py", line 73, in ensure_schema
    if self.has_table():
       ~~~~~~~~~~~~~~^^
  File "/home/rcosta00/dev/SmartQuotation/backend/.venv/lib/python3.13/site-packages/django/db/migrations/recorder.py", line 63, in has_table
    with self.connection.cursor() as cursor:
         ~~~~~~~~~~~~~~~~~~~~~~^^
  File "/home/rcosta00/dev/SmartQuotation/backend/.venv/lib/python3.13/site-packages/django/utils/asyncio.py", line 26, in inner
    return func(*args, **kwargs)
  File "/home/rcosta00/dev/SmartQuotation/backend/.venv/lib/python3.13/site-packages/django/db/backends/base/base.py", line 320, in cursor
    return self._cursor()
           ~~~~~~~~~~~~^^
  File "/home/rcosta00/dev/SmartQuotation/backend/.venv/lib/python3.13/site-packages/django_tenants/postgresql_backend/base.py", line 144, in _cursor
    cursor = super()._cursor()
  File "/home/rcosta00/dev/SmartQuotation/backend/.venv/lib/python3.13/site-packages/django/db/backends/base/base.py", line 297, in _cursor
    with self.wrap_database_errors:
         ^^^^^^^^^^^^^^^^^^^^^^^^^
  File "/home/rcosta00/dev/SmartQuotation/backend/.venv/lib/python3.13/site-packages/django/db/utils.py", line 91, in __exit__
    raise dj_exc_value.with_traceback(traceback) from exc_value
  File "/home/rcosta00/dev/SmartQuotation/backend/.venv/lib/python3.13/site-packages/django/db/backends/base/base.py", line 298, in _cursor
    return self._prepare_cursor(self.create_cursor(name))
                                ~~~~~~~~~~~~~~~~~~^^^^^^
  File "/home/rcosta00/dev/SmartQuotation/backend/.venv/lib/python3.13/site-packages/django/utils/asyncio.py", line 26, in inner
    return func(*args, **kwargs)
  File "/home/rcosta00/dev/SmartQuotation/backend/.venv/lib/python3.13/site-packages/django/db/backends/postgresql/base.py", line 429, in create_cursor
    cursor = self.connection.cursor()
django.db.utils.InterfaceError: connection already closed

======================================================================
ERROR: setUpClass (apps.engineering_params.tests.CalibrationViewTests)
----------------------------------------------------------------------
Traceback (most recent call last):
  File "/home/rcosta00/dev/SmartQuotation/backend/.venv/lib/python3.13/site-packages/django/db/backends/base/base.py", line 298, in _cursor
    return self._prepare_cursor(self.create_cursor(name))
                                ~~~~~~~~~~~~~~~~~~^^^^^^
  File "/home/rcosta00/dev/SmartQuotation/backend/.venv/lib/python3.13/site-packages/django/utils/asyncio.py", line 26, in inner
    return func(*args, **kwargs)
  File "/home/rcosta00/dev/SmartQuotation/backend/.venv/lib/python3.13/site-packages/django/db/backends/postgresql/base.py", line 429, in create_cursor
    cursor = self.connection.cursor()
psycopg2.InterfaceError: connection already closed

The above exception was the direct cause of the following exception:

Traceback (most recent call last):
  File "/home/rcosta00/dev/SmartQuotation/backend/.venv/lib/python3.13/site-packages/django_tenants/test/cases.py", line 34, in setUpClass
    cls.sync_shared()
    ~~~~~~~~~~~~~~~^^
  File "/home/rcosta00/dev/SmartQuotation/backend/.venv/lib/python3.13/site-packages/django_tenants/test/cases.py", line 76, in sync_shared
    call_command('migrate_schemas',
    ~~~~~~~~~~~~^^^^^^^^^^^^^^^^^^^
                 schema_name=get_public_schema_name(),
                 ^^^^^^^^^^^^^^^^^^^^^^^^^^^^^^^^^^^^^
                 interactive=False,
                 ^^^^^^^^^^^^^^^^^^
                 verbosity=0)
                 ^^^^^^^^^^^^
  File "/home/rcosta00/dev/SmartQuotation/backend/.venv/lib/python3.13/site-packages/django/core/management/__init__.py", line 194, in call_command
    return command.execute(*args, **defaults)
           ~~~~~~~~~~~~~~~^^^^^^^^^^^^^^^^^^^
  File "/home/rcosta00/dev/SmartQuotation/backend/.venv/lib/python3.13/site-packages/django/core/management/base.py", line 460, in execute
    output = self.handle(*args, **options)
  File "/home/rcosta00/dev/SmartQuotation/backend/.venv/lib/python3.13/site-packages/django_tenants/management/commands/migrate_schemas.py", line 66, in handle
    executor.run_migrations(tenants=[self.PUBLIC_SCHEMA_NAME])
    ~~~~~~~~~~~~~~~~~~~~~~~^^^^^^^^^^^^^^^^^^^^^^^^^^^^^^^^^^^
  File "/home/rcosta00/dev/SmartQuotation/backend/.venv/lib/python3.13/site-packages/django_tenants/migration_executors/standard.py", line 11, in run_migrations
    run_migrations(self.args, self.options, self.codename, self.PUBLIC_SCHEMA_NAME)
    ~~~~~~~~~~~~~~^^^^^^^^^^^^^^^^^^^^^^^^^^^^^^^^^^^^^^^^^^^^^^^^^^^^^^^^^^^^^^^^^
  File "/home/rcosta00/dev/SmartQuotation/backend/.venv/lib/python3.13/site-packages/django_tenants/migration_executors/base.py", line 51, in run_migrations
    migration_recorder.ensure_schema()
    ~~~~~~~~~~~~~~~~~~~~~~~~~~~~~~~~^^
  File "/home/rcosta00/dev/SmartQuotation/backend/.venv/lib/python3.13/site-packages/django/db/migrations/recorder.py", line 73, in ensure_schema
    if self.has_table():
       ~~~~~~~~~~~~~~^^
  File "/home/rcosta00/dev/SmartQuotation/backend/.venv/lib/python3.13/site-packages/django/db/migrations/recorder.py", line 63, in has_table
    with self.connection.cursor() as cursor:
         ~~~~~~~~~~~~~~~~~~~~~~^^
  File "/home/rcosta00/dev/SmartQuotation/backend/.venv/lib/python3.13/site-packages/django/utils/asyncio.py", line 26, in inner
    return func(*args, **kwargs)
  File "/home/rcosta00/dev/SmartQuotation/backend/.venv/lib/python3.13/site-packages/django/db/backends/base/base.py", line 320, in cursor
    return self._cursor()
           ~~~~~~~~~~~~^^
  File "/home/rcosta00/dev/SmartQuotation/backend/.venv/lib/python3.13/site-packages/django_tenants/postgresql_backend/base.py", line 144, in _cursor
    cursor = super()._cursor()
  File "/home/rcosta00/dev/SmartQuotation/backend/.venv/lib/python3.13/site-packages/django/db/backends/base/base.py", line 297, in _cursor
    with self.wrap_database_errors:
         ^^^^^^^^^^^^^^^^^^^^^^^^^
  File "/home/rcosta00/dev/SmartQuotation/backend/.venv/lib/python3.13/site-packages/django/db/utils.py", line 91, in __exit__
    raise dj_exc_value.with_traceback(traceback) from exc_value
  File "/home/rcosta00/dev/SmartQuotation/backend/.venv/lib/python3.13/site-packages/django/db/backends/base/base.py", line 298, in _cursor
    return self._prepare_cursor(self.create_cursor(name))
                                ~~~~~~~~~~~~~~~~~~^^^^^^
  File "/home/rcosta00/dev/SmartQuotation/backend/.venv/lib/python3.13/site-packages/django/utils/asyncio.py", line 26, in inner
    return func(*args, **kwargs)
  File "/home/rcosta00/dev/SmartQuotation/backend/.venv/lib/python3.13/site-packages/django/db/backends/postgresql/base.py", line 429, in create_cursor
    cursor = self.connection.cursor()
django.db.utils.InterfaceError: connection already closed

======================================================================
ERROR: setUpClass (apps.engineering_params.tests.ChooseDrillMethodTests)
----------------------------------------------------------------------
Traceback (most recent call last):
  File "/home/rcosta00/dev/SmartQuotation/backend/.venv/lib/python3.13/site-packages/django/db/backends/base/base.py", line 298, in _cursor
    return self._prepare_cursor(self.create_cursor(name))
                                ~~~~~~~~~~~~~~~~~~^^^^^^
  File "/home/rcosta00/dev/SmartQuotation/backend/.venv/lib/python3.13/site-packages/django/utils/asyncio.py", line 26, in inner
    return func(*args, **kwargs)
  File "/home/rcosta00/dev/SmartQuotation/backend/.venv/lib/python3.13/site-packages/django/db/backends/postgresql/base.py", line 429, in create_cursor
    cursor = self.connection.cursor()
psycopg2.InterfaceError: connection already closed

The above exception was the direct cause of the following exception:

Traceback (most recent call last):
  File "/home/rcosta00/dev/SmartQuotation/backend/.venv/lib/python3.13/site-packages/django_tenants/test/cases.py", line 34, in setUpClass
    cls.sync_shared()
    ~~~~~~~~~~~~~~~^^
  File "/home/rcosta00/dev/SmartQuotation/backend/.venv/lib/python3.13/site-packages/django_tenants/test/cases.py", line 76, in sync_shared
    call_command('migrate_schemas',
    ~~~~~~~~~~~~^^^^^^^^^^^^^^^^^^^
                 schema_name=get_public_schema_name(),
                 ^^^^^^^^^^^^^^^^^^^^^^^^^^^^^^^^^^^^^
                 interactive=False,
                 ^^^^^^^^^^^^^^^^^^
                 verbosity=0)
                 ^^^^^^^^^^^^
  File "/home/rcosta00/dev/SmartQuotation/backend/.venv/lib/python3.13/site-packages/django/core/management/__init__.py", line 194, in call_command
    return command.execute(*args, **defaults)
           ~~~~~~~~~~~~~~~^^^^^^^^^^^^^^^^^^^
  File "/home/rcosta00/dev/SmartQuotation/backend/.venv/lib/python3.13/site-packages/django/core/management/base.py", line 460, in execute
    output = self.handle(*args, **options)
  File "/home/rcosta00/dev/SmartQuotation/backend/.venv/lib/python3.13/site-packages/django_tenants/management/commands/migrate_schemas.py", line 66, in handle
    executor.run_migrations(tenants=[self.PUBLIC_SCHEMA_NAME])
    ~~~~~~~~~~~~~~~~~~~~~~~^^^^^^^^^^^^^^^^^^^^^^^^^^^^^^^^^^^
  File "/home/rcosta00/dev/SmartQuotation/backend/.venv/lib/python3.13/site-packages/django_tenants/migration_executors/standard.py", line 11, in run_migrations
    run_migrations(self.args, self.options, self.codename, self.PUBLIC_SCHEMA_NAME)
    ~~~~~~~~~~~~~~^^^^^^^^^^^^^^^^^^^^^^^^^^^^^^^^^^^^^^^^^^^^^^^^^^^^^^^^^^^^^^^^^
  File "/home/rcosta00/dev/SmartQuotation/backend/.venv/lib/python3.13/site-packages/django_tenants/migration_executors/base.py", line 51, in run_migrations
    migration_recorder.ensure_schema()
    ~~~~~~~~~~~~~~~~~~~~~~~~~~~~~~~~^^
  File "/home/rcosta00/dev/SmartQuotation/backend/.venv/lib/python3.13/site-packages/django/db/migrations/recorder.py", line 73, in ensure_schema
    if self.has_table():
       ~~~~~~~~~~~~~~^^
  File "/home/rcosta00/dev/SmartQuotation/backend/.venv/lib/python3.13/site-packages/django/db/migrations/recorder.py", line 63, in has_table
    with self.connection.cursor() as cursor:
         ~~~~~~~~~~~~~~~~~~~~~~^^
  File "/home/rcosta00/dev/SmartQuotation/backend/.venv/lib/python3.13/site-packages/django/utils/asyncio.py", line 26, in inner
    return func(*args, **kwargs)
  File "/home/rcosta00/dev/SmartQuotation/backend/.venv/lib/python3.13/site-packages/django/db/backends/base/base.py", line 320, in cursor
    return self._cursor()
           ~~~~~~~~~~~~^^
  File "/home/rcosta00/dev/SmartQuotation/backend/.venv/lib/python3.13/site-packages/django_tenants/postgresql_backend/base.py", line 144, in _cursor
    cursor = super()._cursor()
  File "/home/rcosta00/dev/SmartQuotation/backend/.venv/lib/python3.13/site-packages/django/db/backends/base/base.py", line 297, in _cursor
    with self.wrap_database_errors:
         ^^^^^^^^^^^^^^^^^^^^^^^^^
  File "/home/rcosta00/dev/SmartQuotation/backend/.venv/lib/python3.13/site-packages/django/db/utils.py", line 91, in __exit__
    raise dj_exc_value.with_traceback(traceback) from exc_value
  File "/home/rcosta00/dev/SmartQuotation/backend/.venv/lib/python3.13/site-packages/django/db/backends/base/base.py", line 298, in _cursor
    return self._prepare_cursor(self.create_cursor(name))
                                ~~~~~~~~~~~~~~~~~~^^^^^^
  File "/home/rcosta00/dev/SmartQuotation/backend/.venv/lib/python3.13/site-packages/django/utils/asyncio.py", line 26, in inner
    return func(*args, **kwargs)
  File "/home/rcosta00/dev/SmartQuotation/backend/.venv/lib/python3.13/site-packages/django/db/backends/postgresql/base.py", line 429, in create_cursor
    cursor = self.connection.cursor()
django.db.utils.InterfaceError: connection already closed

======================================================================
ERROR: setUpClass (apps.engineering_params.tests.ProcessParameterLookupTests)
----------------------------------------------------------------------
Traceback (most recent call last):
  File "/home/rcosta00/dev/SmartQuotation/backend/.venv/lib/python3.13/site-packages/django/db/backends/base/base.py", line 298, in _cursor
    return self._prepare_cursor(self.create_cursor(name))
                                ~~~~~~~~~~~~~~~~~~^^^^^^
  File "/home/rcosta00/dev/SmartQuotation/backend/.venv/lib/python3.13/site-packages/django/utils/asyncio.py", line 26, in inner
    return func(*args, **kwargs)
  File "/home/rcosta00/dev/SmartQuotation/backend/.venv/lib/python3.13/site-packages/django/db/backends/postgresql/base.py", line 429, in create_cursor
    cursor = self.connection.cursor()
psycopg2.InterfaceError: connection already closed

The above exception was the direct cause of the following exception:

Traceback (most recent call last):
  File "/home/rcosta00/dev/SmartQuotation/backend/.venv/lib/python3.13/site-packages/django_tenants/test/cases.py", line 34, in setUpClass
    cls.sync_shared()
    ~~~~~~~~~~~~~~~^^
  File "/home/rcosta00/dev/SmartQuotation/backend/.venv/lib/python3.13/site-packages/django_tenants/test/cases.py", line 76, in sync_shared
    call_command('migrate_schemas',
    ~~~~~~~~~~~~^^^^^^^^^^^^^^^^^^^
                 schema_name=get_public_schema_name(),
                 ^^^^^^^^^^^^^^^^^^^^^^^^^^^^^^^^^^^^^
                 interactive=False,
                 ^^^^^^^^^^^^^^^^^^
                 verbosity=0)
                 ^^^^^^^^^^^^
  File "/home/rcosta00/dev/SmartQuotation/backend/.venv/lib/python3.13/site-packages/django/core/management/__init__.py", line 194, in call_command
    return command.execute(*args, **defaults)
           ~~~~~~~~~~~~~~~^^^^^^^^^^^^^^^^^^^
  File "/home/rcosta00/dev/SmartQuotation/backend/.venv/lib/python3.13/site-packages/django/core/management/base.py", line 460, in execute
    output = self.handle(*args, **options)
  File "/home/rcosta00/dev/SmartQuotation/backend/.venv/lib/python3.13/site-packages/django_tenants/management/commands/migrate_schemas.py", line 66, in handle
    executor.run_migrations(tenants=[self.PUBLIC_SCHEMA_NAME])
    ~~~~~~~~~~~~~~~~~~~~~~~^^^^^^^^^^^^^^^^^^^^^^^^^^^^^^^^^^^
  File "/home/rcosta00/dev/SmartQuotation/backend/.venv/lib/python3.13/site-packages/django_tenants/migration_executors/standard.py", line 11, in run_migrations
    run_migrations(self.args, self.options, self.codename, self.PUBLIC_SCHEMA_NAME)
    ~~~~~~~~~~~~~~^^^^^^^^^^^^^^^^^^^^^^^^^^^^^^^^^^^^^^^^^^^^^^^^^^^^^^^^^^^^^^^^^
  File "/home/rcosta00/dev/SmartQuotation/backend/.venv/lib/python3.13/site-packages/django_tenants/migration_executors/base.py", line 51, in run_migrations
    migration_recorder.ensure_schema()
    ~~~~~~~~~~~~~~~~~~~~~~~~~~~~~~~~^^
  File "/home/rcosta00/dev/SmartQuotation/backend/.venv/lib/python3.13/site-packages/django/db/migrations/recorder.py", line 73, in ensure_schema
    if self.has_table():
       ~~~~~~~~~~~~~~^^
  File "/home/rcosta00/dev/SmartQuotation/backend/.venv/lib/python3.13/site-packages/django/db/migrations/recorder.py", line 63, in has_table
    with self.connection.cursor() as cursor:
         ~~~~~~~~~~~~~~~~~~~~~~^^
  File "/home/rcosta00/dev/SmartQuotation/backend/.venv/lib/python3.13/site-packages/django/utils/asyncio.py", line 26, in inner
    return func(*args, **kwargs)
  File "/home/rcosta00/dev/SmartQuotation/backend/.venv/lib/python3.13/site-packages/django/db/backends/base/base.py", line 320, in cursor
    return self._cursor()
           ~~~~~~~~~~~~^^
  File "/home/rcosta00/dev/SmartQuotation/backend/.venv/lib/python3.13/site-packages/django_tenants/postgresql_backend/base.py", line 144, in _cursor
    cursor = super()._cursor()
  File "/home/rcosta00/dev/SmartQuotation/backend/.venv/lib/python3.13/site-packages/django/db/backends/base/base.py", line 297, in _cursor
    with self.wrap_database_errors:
         ^^^^^^^^^^^^^^^^^^^^^^^^^
  File "/home/rcosta00/dev/SmartQuotation/backend/.venv/lib/python3.13/site-packages/django/db/utils.py", line 91, in __exit__
    raise dj_exc_value.with_traceback(traceback) from exc_value
  File "/home/rcosta00/dev/SmartQuotation/backend/.venv/lib/python3.13/site-packages/django/db/backends/base/base.py", line 298, in _cursor
    return self._prepare_cursor(self.create_cursor(name))
                                ~~~~~~~~~~~~~~~~~~^^^^^^
  File "/home/rcosta00/dev/SmartQuotation/backend/.venv/lib/python3.13/site-packages/django/utils/asyncio.py", line 26, in inner
    return func(*args, **kwargs)
  File "/home/rcosta00/dev/SmartQuotation/backend/.venv/lib/python3.13/site-packages/django/db/backends/postgresql/base.py", line 429, in create_cursor
    cursor = self.connection.cursor()
django.db.utils.InterfaceError: connection already closed

======================================================================
ERROR: setUpClass (apps.engineering_params.tests.RateVigenteTests)
----------------------------------------------------------------------
Traceback (most recent call last):
  File "/home/rcosta00/dev/SmartQuotation/backend/.venv/lib/python3.13/site-packages/django/db/backends/base/base.py", line 298, in _cursor
    return self._prepare_cursor(self.create_cursor(name))
                                ~~~~~~~~~~~~~~~~~~^^^^^^
  File "/home/rcosta00/dev/SmartQuotation/backend/.venv/lib/python3.13/site-packages/django/utils/asyncio.py", line 26, in inner
    return func(*args, **kwargs)
  File "/home/rcosta00/dev/SmartQuotation/backend/.venv/lib/python3.13/site-packages/django/db/backends/postgresql/base.py", line 429, in create_cursor
    cursor = self.connection.cursor()
psycopg2.InterfaceError: connection already closed

The above exception was the direct cause of the following exception:

Traceback (most recent call last):
  File "/home/rcosta00/dev/SmartQuotation/backend/.venv/lib/python3.13/site-packages/django_tenants/test/cases.py", line 34, in setUpClass
    cls.sync_shared()
    ~~~~~~~~~~~~~~~^^
  File "/home/rcosta00/dev/SmartQuotation/backend/.venv/lib/python3.13/site-packages/django_tenants/test/cases.py", line 76, in sync_shared
    call_command('migrate_schemas',
    ~~~~~~~~~~~~^^^^^^^^^^^^^^^^^^^
                 schema_name=get_public_schema_name(),
                 ^^^^^^^^^^^^^^^^^^^^^^^^^^^^^^^^^^^^^
                 interactive=False,
                 ^^^^^^^^^^^^^^^^^^
                 verbosity=0)
                 ^^^^^^^^^^^^
  File "/home/rcosta00/dev/SmartQuotation/backend/.venv/lib/python3.13/site-packages/django/core/management/__init__.py", line 194, in call_command
    return command.execute(*args, **defaults)
           ~~~~~~~~~~~~~~~^^^^^^^^^^^^^^^^^^^
  File "/home/rcosta00/dev/SmartQuotation/backend/.venv/lib/python3.13/site-packages/django/core/management/base.py", line 460, in execute
    output = self.handle(*args, **options)
  File "/home/rcosta00/dev/SmartQuotation/backend/.venv/lib/python3.13/site-packages/django_tenants/management/commands/migrate_schemas.py", line 66, in handle
    executor.run_migrations(tenants=[self.PUBLIC_SCHEMA_NAME])
    ~~~~~~~~~~~~~~~~~~~~~~~^^^^^^^^^^^^^^^^^^^^^^^^^^^^^^^^^^^
  File "/home/rcosta00/dev/SmartQuotation/backend/.venv/lib/python3.13/site-packages/django_tenants/migration_executors/standard.py", line 11, in run_migrations
    run_migrations(self.args, self.options, self.codename, self.PUBLIC_SCHEMA_NAME)
    ~~~~~~~~~~~~~~^^^^^^^^^^^^^^^^^^^^^^^^^^^^^^^^^^^^^^^^^^^^^^^^^^^^^^^^^^^^^^^^^
  File "/home/rcosta00/dev/SmartQuotation/backend/.venv/lib/python3.13/site-packages/django_tenants/migration_executors/base.py", line 51, in run_migrations
    migration_recorder.ensure_schema()
    ~~~~~~~~~~~~~~~~~~~~~~~~~~~~~~~~^^
  File "/home/rcosta00/dev/SmartQuotation/backend/.venv/lib/python3.13/site-packages/django/db/migrations/recorder.py", line 73, in ensure_schema
    if self.has_table():
       ~~~~~~~~~~~~~~^^
  File "/home/rcosta00/dev/SmartQuotation/backend/.venv/lib/python3.13/site-packages/django/db/migrations/recorder.py", line 63, in has_table
    with self.connection.cursor() as cursor:
         ~~~~~~~~~~~~~~~~~~~~~~^^
  File "/home/rcosta00/dev/SmartQuotation/backend/.venv/lib/python3.13/site-packages/django/utils/asyncio.py", line 26, in inner
    return func(*args, **kwargs)
  File "/home/rcosta00/dev/SmartQuotation/backend/.venv/lib/python3.13/site-packages/django/db/backends/base/base.py", line 320, in cursor
    return self._cursor()
           ~~~~~~~~~~~~^^
  File "/home/rcosta00/dev/SmartQuotation/backend/.venv/lib/python3.13/site-packages/django_tenants/postgresql_backend/base.py", line 144, in _cursor
    cursor = super()._cursor()
  File "/home/rcosta00/dev/SmartQuotation/backend/.venv/lib/python3.13/site-packages/django/db/backends/base/base.py", line 297, in _cursor
    with self.wrap_database_errors:
         ^^^^^^^^^^^^^^^^^^^^^^^^^
  File "/home/rcosta00/dev/SmartQuotation/backend/.venv/lib/python3.13/site-packages/django/db/utils.py", line 91, in __exit__
    raise dj_exc_value.with_traceback(traceback) from exc_value
  File "/home/rcosta00/dev/SmartQuotation/backend/.venv/lib/python3.13/site-packages/django/db/backends/base/base.py", line 298, in _cursor
    return self._prepare_cursor(self.create_cursor(name))
                                ~~~~~~~~~~~~~~~~~~^^^^^^
  File "/home/rcosta00/dev/SmartQuotation/backend/.venv/lib/python3.13/site-packages/django/utils/asyncio.py", line 26, in inner
    return func(*args, **kwargs)
  File "/home/rcosta00/dev/SmartQuotation/backend/.venv/lib/python3.13/site-packages/django/db/backends/postgresql/base.py", line 429, in create_cursor
    cursor = self.connection.cursor()
django.db.utils.InterfaceError: connection already closed

======================================================================
ERROR: setUpClass (apps.engineering_params.tests.TenantParamConfigTests)
----------------------------------------------------------------------
Traceback (most recent call last):
  File "/home/rcosta00/dev/SmartQuotation/backend/.venv/lib/python3.13/site-packages/django/db/backends/base/base.py", line 298, in _cursor
    return self._prepare_cursor(self.create_cursor(name))
                                ~~~~~~~~~~~~~~~~~~^^^^^^
  File "/home/rcosta00/dev/SmartQuotation/backend/.venv/lib/python3.13/site-packages/django/utils/asyncio.py", line 26, in inner
    return func(*args, **kwargs)
  File "/home/rcosta00/dev/SmartQuotation/backend/.venv/lib/python3.13/site-packages/django/db/backends/postgresql/base.py", line 429, in create_cursor
    cursor = self.connection.cursor()
psycopg2.InterfaceError: connection already closed

The above exception was the direct cause of the following exception:

Traceback (most recent call last):
  File "/home/rcosta00/dev/SmartQuotation/backend/.venv/lib/python3.13/site-packages/django_tenants/test/cases.py", line 34, in setUpClass
    cls.sync_shared()
    ~~~~~~~~~~~~~~~^^
  File "/home/rcosta00/dev/SmartQuotation/backend/.venv/lib/python3.13/site-packages/django_tenants/test/cases.py", line 76, in sync_shared
    call_command('migrate_schemas',
    ~~~~~~~~~~~~^^^^^^^^^^^^^^^^^^^
                 schema_name=get_public_schema_name(),
                 ^^^^^^^^^^^^^^^^^^^^^^^^^^^^^^^^^^^^^
                 interactive=False,
                 ^^^^^^^^^^^^^^^^^^
                 verbosity=0)
                 ^^^^^^^^^^^^
  File "/home/rcosta00/dev/SmartQuotation/backend/.venv/lib/python3.13/site-packages/django/core/management/__init__.py", line 194, in call_command
    return command.execute(*args, **defaults)
           ~~~~~~~~~~~~~~~^^^^^^^^^^^^^^^^^^^
  File "/home/rcosta00/dev/SmartQuotation/backend/.venv/lib/python3.13/site-packages/django/core/management/base.py", line 460, in execute
    output = self.handle(*args, **options)
  File "/home/rcosta00/dev/SmartQuotation/backend/.venv/lib/python3.13/site-packages/django_tenants/management/commands/migrate_schemas.py", line 66, in handle
    executor.run_migrations(tenants=[self.PUBLIC_SCHEMA_NAME])
    ~~~~~~~~~~~~~~~~~~~~~~~^^^^^^^^^^^^^^^^^^^^^^^^^^^^^^^^^^^
  File "/home/rcosta00/dev/SmartQuotation/backend/.venv/lib/python3.13/site-packages/django_tenants/migration_executors/standard.py", line 11, in run_migrations
    run_migrations(self.args, self.options, self.codename, self.PUBLIC_SCHEMA_NAME)
    ~~~~~~~~~~~~~~^^^^^^^^^^^^^^^^^^^^^^^^^^^^^^^^^^^^^^^^^^^^^^^^^^^^^^^^^^^^^^^^^
  File "/home/rcosta00/dev/SmartQuotation/backend/.venv/lib/python3.13/site-packages/django_tenants/migration_executors/base.py", line 51, in run_migrations
    migration_recorder.ensure_schema()
    ~~~~~~~~~~~~~~~~~~~~~~~~~~~~~~~~^^
  File "/home/rcosta00/dev/SmartQuotation/backend/.venv/lib/python3.13/site-packages/django/db/migrations/recorder.py", line 73, in ensure_schema
    if self.has_table():
       ~~~~~~~~~~~~~~^^
  File "/home/rcosta00/dev/SmartQuotation/backend/.venv/lib/python3.13/site-packages/django/db/migrations/recorder.py", line 63, in has_table
    with self.connection.cursor() as cursor:
         ~~~~~~~~~~~~~~~~~~~~~~^^
  File "/home/rcosta00/dev/SmartQuotation/backend/.venv/lib/python3.13/site-packages/django/utils/asyncio.py", line 26, in inner
    return func(*args, **kwargs)
  File "/home/rcosta00/dev/SmartQuotation/backend/.venv/lib/python3.13/site-packages/django/db/backends/base/base.py", line 320, in cursor
    return self._cursor()
           ~~~~~~~~~~~~^^
  File "/home/rcosta00/dev/SmartQuotation/backend/.venv/lib/python3.13/site-packages/django_tenants/postgresql_backend/base.py", line 144, in _cursor
    cursor = super()._cursor()
  File "/home/rcosta00/dev/SmartQuotation/backend/.venv/lib/python3.13/site-packages/django/db/backends/base/base.py", line 297, in _cursor
    with self.wrap_database_errors:
         ^^^^^^^^^^^^^^^^^^^^^^^^^
  File "/home/rcosta00/dev/SmartQuotation/backend/.venv/lib/python3.13/site-packages/django/db/utils.py", line 91, in __exit__
    raise dj_exc_value.with_traceback(traceback) from exc_value
  File "/home/rcosta00/dev/SmartQuotation/backend/.venv/lib/python3.13/site-packages/django/db/backends/base/base.py", line 298, in _cursor
    return self._prepare_cursor(self.create_cursor(name))
                                ~~~~~~~~~~~~~~~~~~^^^^^^
  File "/home/rcosta00/dev/SmartQuotation/backend/.venv/lib/python3.13/site-packages/django/utils/asyncio.py", line 26, in inner
    return func(*args, **kwargs)
  File "/home/rcosta00/dev/SmartQuotation/backend/.venv/lib/python3.13/site-packages/django/db/backends/postgresql/base.py", line 429, in create_cursor
    cursor = self.connection.cursor()
django.db.utils.InterfaceError: connection already closed

======================================================================
ERROR: setUpClass (apps.engineering_params.tests_knob_proposals.KnobProposalServiceTests)
----------------------------------------------------------------------
Traceback (most recent call last):
  File "/home/rcosta00/dev/SmartQuotation/backend/.venv/lib/python3.13/site-packages/django/db/backends/base/base.py", line 298, in _cursor
    return self._prepare_cursor(self.create_cursor(name))
                                ~~~~~~~~~~~~~~~~~~^^^^^^
  File "/home/rcosta00/dev/SmartQuotation/backend/.venv/lib/python3.13/site-packages/django/utils/asyncio.py", line 26, in inner
    return func(*args, **kwargs)
  File "/home/rcosta00/dev/SmartQuotation/backend/.venv/lib/python3.13/site-packages/django/db/backends/postgresql/base.py", line 429, in create_cursor
    cursor = self.connection.cursor()
psycopg2.InterfaceError: connection already closed

The above exception was the direct cause of the following exception:

Traceback (most recent call last):
  File "/home/rcosta00/dev/SmartQuotation/backend/.venv/lib/python3.13/site-packages/django_tenants/test/cases.py", line 34, in setUpClass
    cls.sync_shared()
    ~~~~~~~~~~~~~~~^^
  File "/home/rcosta00/dev/SmartQuotation/backend/.venv/lib/python3.13/site-packages/django_tenants/test/cases.py", line 76, in sync_shared
    call_command('migrate_schemas',
    ~~~~~~~~~~~~^^^^^^^^^^^^^^^^^^^
                 schema_name=get_public_schema_name(),
                 ^^^^^^^^^^^^^^^^^^^^^^^^^^^^^^^^^^^^^
                 interactive=False,
                 ^^^^^^^^^^^^^^^^^^
                 verbosity=0)
                 ^^^^^^^^^^^^
  File "/home/rcosta00/dev/SmartQuotation/backend/.venv/lib/python3.13/site-packages/django/core/management/__init__.py", line 194, in call_command
    return command.execute(*args, **defaults)
           ~~~~~~~~~~~~~~~^^^^^^^^^^^^^^^^^^^
  File "/home/rcosta00/dev/SmartQuotation/backend/.venv/lib/python3.13/site-packages/django/core/management/base.py", line 460, in execute
    output = self.handle(*args, **options)
  File "/home/rcosta00/dev/SmartQuotation/backend/.venv/lib/python3.13/site-packages/django_tenants/management/commands/migrate_schemas.py", line 66, in handle
    executor.run_migrations(tenants=[self.PUBLIC_SCHEMA_NAME])
    ~~~~~~~~~~~~~~~~~~~~~~~^^^^^^^^^^^^^^^^^^^^^^^^^^^^^^^^^^^
  File "/home/rcosta00/dev/SmartQuotation/backend/.venv/lib/python3.13/site-packages/django_tenants/migration_executors/standard.py", line 11, in run_migrations
    run_migrations(self.args, self.options, self.codename, self.PUBLIC_SCHEMA_NAME)
    ~~~~~~~~~~~~~~^^^^^^^^^^^^^^^^^^^^^^^^^^^^^^^^^^^^^^^^^^^^^^^^^^^^^^^^^^^^^^^^^
  File "/home/rcosta00/dev/SmartQuotation/backend/.venv/lib/python3.13/site-packages/django_tenants/migration_executors/base.py", line 51, in run_migrations
    migration_recorder.ensure_schema()
    ~~~~~~~~~~~~~~~~~~~~~~~~~~~~~~~~^^
  File "/home/rcosta00/dev/SmartQuotation/backend/.venv/lib/python3.13/site-packages/django/db/migrations/recorder.py", line 73, in ensure_schema
    if self.has_table():
       ~~~~~~~~~~~~~~^^
  File "/home/rcosta00/dev/SmartQuotation/backend/.venv/lib/python3.13/site-packages/django/db/migrations/recorder.py", line 63, in has_table
    with self.connection.cursor() as cursor:
         ~~~~~~~~~~~~~~~~~~~~~~^^
  File "/home/rcosta00/dev/SmartQuotation/backend/.venv/lib/python3.13/site-packages/django/utils/asyncio.py", line 26, in inner
    return func(*args, **kwargs)
  File "/home/rcosta00/dev/SmartQuotation/backend/.venv/lib/python3.13/site-packages/django/db/backends/base/base.py", line 320, in cursor
    return self._cursor()
           ~~~~~~~~~~~~^^
  File "/home/rcosta00/dev/SmartQuotation/backend/.venv/lib/python3.13/site-packages/django_tenants/postgresql_backend/base.py", line 144, in _cursor
    cursor = super()._cursor()
  File "/home/rcosta00/dev/SmartQuotation/backend/.venv/lib/python3.13/site-packages/django/db/backends/base/base.py", line 297, in _cursor
    with self.wrap_database_errors:
         ^^^^^^^^^^^^^^^^^^^^^^^^^
  File "/home/rcosta00/dev/SmartQuotation/backend/.venv/lib/python3.13/site-packages/django/db/utils.py", line 91, in __exit__
    raise dj_exc_value.with_traceback(traceback) from exc_value
  File "/home/rcosta00/dev/SmartQuotation/backend/.venv/lib/python3.13/site-packages/django/db/backends/base/base.py", line 298, in _cursor
    return self._prepare_cursor(self.create_cursor(name))
                                ~~~~~~~~~~~~~~~~~~^^^^^^
  File "/home/rcosta00/dev/SmartQuotation/backend/.venv/lib/python3.13/site-packages/django/utils/asyncio.py", line 26, in inner
    return func(*args, **kwargs)
  File "/home/rcosta00/dev/SmartQuotation/backend/.venv/lib/python3.13/site-packages/django/db/backends/postgresql/base.py", line 429, in create_cursor
    cursor = self.connection.cursor()
django.db.utils.InterfaceError: connection already closed

======================================================================
ERROR: setUpClass (apps.engineering_params.tests_knob_template.ExportTemplateServiceTests)
----------------------------------------------------------------------
Traceback (most recent call last):
  File "/home/rcosta00/dev/SmartQuotation/backend/.venv/lib/python3.13/site-packages/django/db/backends/base/base.py", line 298, in _cursor
    return self._prepare_cursor(self.create_cursor(name))
                                ~~~~~~~~~~~~~~~~~~^^^^^^
  File "/home/rcosta00/dev/SmartQuotation/backend/.venv/lib/python3.13/site-packages/django/utils/asyncio.py", line 26, in inner
    return func(*args, **kwargs)
  File "/home/rcosta00/dev/SmartQuotation/backend/.venv/lib/python3.13/site-packages/django/db/backends/postgresql/base.py", line 429, in create_cursor
    cursor = self.connection.cursor()
psycopg2.InterfaceError: connection already closed

The above exception was the direct cause of the following exception:

Traceback (most recent call last):
  File "/home/rcosta00/dev/SmartQuotation/backend/.venv/lib/python3.13/site-packages/django_tenants/test/cases.py", line 34, in setUpClass
    cls.sync_shared()
    ~~~~~~~~~~~~~~~^^
  File "/home/rcosta00/dev/SmartQuotation/backend/.venv/lib/python3.13/site-packages/django_tenants/test/cases.py", line 76, in sync_shared
    call_command('migrate_schemas',
    ~~~~~~~~~~~~^^^^^^^^^^^^^^^^^^^
                 schema_name=get_public_schema_name(),
                 ^^^^^^^^^^^^^^^^^^^^^^^^^^^^^^^^^^^^^
                 interactive=False,
                 ^^^^^^^^^^^^^^^^^^
                 verbosity=0)
                 ^^^^^^^^^^^^
  File "/home/rcosta00/dev/SmartQuotation/backend/.venv/lib/python3.13/site-packages/django/core/management/__init__.py", line 194, in call_command
    return command.execute(*args, **defaults)
           ~~~~~~~~~~~~~~~^^^^^^^^^^^^^^^^^^^
  File "/home/rcosta00/dev/SmartQuotation/backend/.venv/lib/python3.13/site-packages/django/core/management/base.py", line 460, in execute
    output = self.handle(*args, **options)
  File "/home/rcosta00/dev/SmartQuotation/backend/.venv/lib/python3.13/site-packages/django_tenants/management/commands/migrate_schemas.py", line 66, in handle
    executor.run_migrations(tenants=[self.PUBLIC_SCHEMA_NAME])
    ~~~~~~~~~~~~~~~~~~~~~~~^^^^^^^^^^^^^^^^^^^^^^^^^^^^^^^^^^^
  File "/home/rcosta00/dev/SmartQuotation/backend/.venv/lib/python3.13/site-packages/django_tenants/migration_executors/standard.py", line 11, in run_migrations
    run_migrations(self.args, self.options, self.codename, self.PUBLIC_SCHEMA_NAME)
    ~~~~~~~~~~~~~~^^^^^^^^^^^^^^^^^^^^^^^^^^^^^^^^^^^^^^^^^^^^^^^^^^^^^^^^^^^^^^^^^
  File "/home/rcosta00/dev/SmartQuotation/backend/.venv/lib/python3.13/site-packages/django_tenants/migration_executors/base.py", line 51, in run_migrations
    migration_recorder.ensure_schema()
    ~~~~~~~~~~~~~~~~~~~~~~~~~~~~~~~~^^
  File "/home/rcosta00/dev/SmartQuotation/backend/.venv/lib/python3.13/site-packages/django/db/migrations/recorder.py", line 73, in ensure_schema
    if self.has_table():
       ~~~~~~~~~~~~~~^^
  File "/home/rcosta00/dev/SmartQuotation/backend/.venv/lib/python3.13/site-packages/django/db/migrations/recorder.py", line 63, in has_table
    with self.connection.cursor() as cursor:
         ~~~~~~~~~~~~~~~~~~~~~~^^
  File "/home/rcosta00/dev/SmartQuotation/backend/.venv/lib/python3.13/site-packages/django/utils/asyncio.py", line 26, in inner
    return func(*args, **kwargs)
  File "/home/rcosta00/dev/SmartQuotation/backend/.venv/lib/python3.13/site-packages/django/db/backends/base/base.py", line 320, in cursor
    return self._cursor()
           ~~~~~~~~~~~~^^
  File "/home/rcosta00/dev/SmartQuotation/backend/.venv/lib/python3.13/site-packages/django_tenants/postgresql_backend/base.py", line 144, in _cursor
    cursor = super()._cursor()
  File "/home/rcosta00/dev/SmartQuotation/backend/.venv/lib/python3.13/site-packages/django/db/backends/base/base.py", line 297, in _cursor
    with self.wrap_database_errors:
         ^^^^^^^^^^^^^^^^^^^^^^^^^
  File "/home/rcosta00/dev/SmartQuotation/backend/.venv/lib/python3.13/site-packages/django/db/utils.py", line 91, in __exit__
    raise dj_exc_value.with_traceback(traceback) from exc_value
  File "/home/rcosta00/dev/SmartQuotation/backend/.venv/lib/python3.13/site-packages/django/db/backends/base/base.py", line 298, in _cursor
    return self._prepare_cursor(self.create_cursor(name))
                                ~~~~~~~~~~~~~~~~~~^^^^^^
  File "/home/rcosta00/dev/SmartQuotation/backend/.venv/lib/python3.13/site-packages/django/utils/asyncio.py", line 26, in inner
    return func(*args, **kwargs)
  File "/home/rcosta00/dev/SmartQuotation/backend/.venv/lib/python3.13/site-packages/django/db/backends/postgresql/base.py", line 429, in create_cursor
    cursor = self.connection.cursor()
django.db.utils.InterfaceError: connection already closed

======================================================================
ERROR: setUpClass (apps.engineering_params.tests_knob_template.ExportViewTests)
----------------------------------------------------------------------
Traceback (most recent call last):
  File "/home/rcosta00/dev/SmartQuotation/backend/.venv/lib/python3.13/site-packages/django/db/backends/base/base.py", line 298, in _cursor
    return self._prepare_cursor(self.create_cursor(name))
                                ~~~~~~~~~~~~~~~~~~^^^^^^
  File "/home/rcosta00/dev/SmartQuotation/backend/.venv/lib/python3.13/site-packages/django/utils/asyncio.py", line 26, in inner
    return func(*args, **kwargs)
  File "/home/rcosta00/dev/SmartQuotation/backend/.venv/lib/python3.13/site-packages/django/db/backends/postgresql/base.py", line 429, in create_cursor
    cursor = self.connection.cursor()
psycopg2.InterfaceError: connection already closed

The above exception was the direct cause of the following exception:

Traceback (most recent call last):
  File "/home/rcosta00/dev/SmartQuotation/backend/.venv/lib/python3.13/site-packages/django_tenants/test/cases.py", line 34, in setUpClass
    cls.sync_shared()
    ~~~~~~~~~~~~~~~^^
  File "/home/rcosta00/dev/SmartQuotation/backend/.venv/lib/python3.13/site-packages/django_tenants/test/cases.py", line 76, in sync_shared
    call_command('migrate_schemas',
    ~~~~~~~~~~~~^^^^^^^^^^^^^^^^^^^
                 schema_name=get_public_schema_name(),
                 ^^^^^^^^^^^^^^^^^^^^^^^^^^^^^^^^^^^^^
                 interactive=False,
                 ^^^^^^^^^^^^^^^^^^
                 verbosity=0)
                 ^^^^^^^^^^^^
  File "/home/rcosta00/dev/SmartQuotation/backend/.venv/lib/python3.13/site-packages/django/core/management/__init__.py", line 194, in call_command
    return command.execute(*args, **defaults)
           ~~~~~~~~~~~~~~~^^^^^^^^^^^^^^^^^^^
  File "/home/rcosta00/dev/SmartQuotation/backend/.venv/lib/python3.13/site-packages/django/core/management/base.py", line 460, in execute
    output = self.handle(*args, **options)
  File "/home/rcosta00/dev/SmartQuotation/backend/.venv/lib/python3.13/site-packages/django_tenants/management/commands/migrate_schemas.py", line 66, in handle
    executor.run_migrations(tenants=[self.PUBLIC_SCHEMA_NAME])
    ~~~~~~~~~~~~~~~~~~~~~~~^^^^^^^^^^^^^^^^^^^^^^^^^^^^^^^^^^^
  File "/home/rcosta00/dev/SmartQuotation/backend/.venv/lib/python3.13/site-packages/django_tenants/migration_executors/standard.py", line 11, in run_migrations
    run_migrations(self.args, self.options, self.codename, self.PUBLIC_SCHEMA_NAME)
    ~~~~~~~~~~~~~~^^^^^^^^^^^^^^^^^^^^^^^^^^^^^^^^^^^^^^^^^^^^^^^^^^^^^^^^^^^^^^^^^
  File "/home/rcosta00/dev/SmartQuotation/backend/.venv/lib/python3.13/site-packages/django_tenants/migration_executors/base.py", line 51, in run_migrations
    migration_recorder.ensure_schema()
    ~~~~~~~~~~~~~~~~~~~~~~~~~~~~~~~~^^
  File "/home/rcosta00/dev/SmartQuotation/backend/.venv/lib/python3.13/site-packages/django/db/migrations/recorder.py", line 73, in ensure_schema
    if self.has_table():
       ~~~~~~~~~~~~~~^^
  File "/home/rcosta00/dev/SmartQuotation/backend/.venv/lib/python3.13/site-packages/django/db/migrations/recorder.py", line 63, in has_table
    with self.connection.cursor() as cursor:
         ~~~~~~~~~~~~~~~~~~~~~~^^
  File "/home/rcosta00/dev/SmartQuotation/backend/.venv/lib/python3.13/site-packages/django/utils/asyncio.py", line 26, in inner
    return func(*args, **kwargs)
  File "/home/rcosta00/dev/SmartQuotation/backend/.venv/lib/python3.13/site-packages/django/db/backends/base/base.py", line 320, in cursor
    return self._cursor()
           ~~~~~~~~~~~~^^
  File "/home/rcosta00/dev/SmartQuotation/backend/.venv/lib/python3.13/site-packages/django_tenants/postgresql_backend/base.py", line 144, in _cursor
    cursor = super()._cursor()
  File "/home/rcosta00/dev/SmartQuotation/backend/.venv/lib/python3.13/site-packages/django/db/backends/base/base.py", line 297, in _cursor
    with self.wrap_database_errors:
         ^^^^^^^^^^^^^^^^^^^^^^^^^
  File "/home/rcosta00/dev/SmartQuotation/backend/.venv/lib/python3.13/site-packages/django/db/utils.py", line 91, in __exit__
    raise dj_exc_value.with_traceback(traceback) from exc_value
  File "/home/rcosta00/dev/SmartQuotation/backend/.venv/lib/python3.13/site-packages/django/db/backends/base/base.py", line 298, in _cursor
    return self._prepare_cursor(self.create_cursor(name))
                                ~~~~~~~~~~~~~~~~~~^^^^^^
  File "/home/rcosta00/dev/SmartQuotation/backend/.venv/lib/python3.13/site-packages/django/utils/asyncio.py", line 26, in inner
    return func(*args, **kwargs)
  File "/home/rcosta00/dev/SmartQuotation/backend/.venv/lib/python3.13/site-packages/django/db/backends/postgresql/base.py", line 429, in create_cursor
    cursor = self.connection.cursor()
django.db.utils.InterfaceError: connection already closed

======================================================================
ERROR: setUpClass (apps.engineering_params.tests_knob_template.ImportTemplateServiceTests)
----------------------------------------------------------------------
Traceback (most recent call last):
  File "/home/rcosta00/dev/SmartQuotation/backend/.venv/lib/python3.13/site-packages/django/db/backends/base/base.py", line 298, in _cursor
    return self._prepare_cursor(self.create_cursor(name))
                                ~~~~~~~~~~~~~~~~~~^^^^^^
  File "/home/rcosta00/dev/SmartQuotation/backend/.venv/lib/python3.13/site-packages/django/utils/asyncio.py", line 26, in inner
    return func(*args, **kwargs)
  File "/home/rcosta00/dev/SmartQuotation/backend/.venv/lib/python3.13/site-packages/django/db/backends/postgresql/base.py", line 429, in create_cursor
    cursor = self.connection.cursor()
psycopg2.InterfaceError: connection already closed

The above exception was the direct cause of the following exception:

Traceback (most recent call last):
  File "/home/rcosta00/dev/SmartQuotation/backend/.venv/lib/python3.13/site-packages/django_tenants/test/cases.py", line 34, in setUpClass
    cls.sync_shared()
    ~~~~~~~~~~~~~~~^^
  File "/home/rcosta00/dev/SmartQuotation/backend/.venv/lib/python3.13/site-packages/django_tenants/test/cases.py", line 76, in sync_shared
    call_command('migrate_schemas',
    ~~~~~~~~~~~~^^^^^^^^^^^^^^^^^^^
                 schema_name=get_public_schema_name(),
                 ^^^^^^^^^^^^^^^^^^^^^^^^^^^^^^^^^^^^^
                 interactive=False,
                 ^^^^^^^^^^^^^^^^^^
                 verbosity=0)
                 ^^^^^^^^^^^^
  File "/home/rcosta00/dev/SmartQuotation/backend/.venv/lib/python3.13/site-packages/django/core/management/__init__.py", line 194, in call_command
    return command.execute(*args, **defaults)
           ~~~~~~~~~~~~~~~^^^^^^^^^^^^^^^^^^^
  File "/home/rcosta00/dev/SmartQuotation/backend/.venv/lib/python3.13/site-packages/django/core/management/base.py", line 460, in execute
    output = self.handle(*args, **options)
  File "/home/rcosta00/dev/SmartQuotation/backend/.venv/lib/python3.13/site-packages/django_tenants/management/commands/migrate_schemas.py", line 66, in handle
    executor.run_migrations(tenants=[self.PUBLIC_SCHEMA_NAME])
    ~~~~~~~~~~~~~~~~~~~~~~~^^^^^^^^^^^^^^^^^^^^^^^^^^^^^^^^^^^
  File "/home/rcosta00/dev/SmartQuotation/backend/.venv/lib/python3.13/site-packages/django_tenants/migration_executors/standard.py", line 11, in run_migrations
    run_migrations(self.args, self.options, self.codename, self.PUBLIC_SCHEMA_NAME)
    ~~~~~~~~~~~~~~^^^^^^^^^^^^^^^^^^^^^^^^^^^^^^^^^^^^^^^^^^^^^^^^^^^^^^^^^^^^^^^^^
  File "/home/rcosta00/dev/SmartQuotation/backend/.venv/lib/python3.13/site-packages/django_tenants/migration_executors/base.py", line 51, in run_migrations
    migration_recorder.ensure_schema()
    ~~~~~~~~~~~~~~~~~~~~~~~~~~~~~~~~^^
  File "/home/rcosta00/dev/SmartQuotation/backend/.venv/lib/python3.13/site-packages/django/db/migrations/recorder.py", line 73, in ensure_schema
    if self.has_table():
       ~~~~~~~~~~~~~~^^
  File "/home/rcosta00/dev/SmartQuotation/backend/.venv/lib/python3.13/site-packages/django/db/migrations/recorder.py", line 63, in has_table
    with self.connection.cursor() as cursor:
         ~~~~~~~~~~~~~~~~~~~~~~^^
  File "/home/rcosta00/dev/SmartQuotation/backend/.venv/lib/python3.13/site-packages/django/utils/asyncio.py", line 26, in inner
    return func(*args, **kwargs)
  File "/home/rcosta00/dev/SmartQuotation/backend/.venv/lib/python3.13/site-packages/django/db/backends/base/base.py", line 320, in cursor
    return self._cursor()
           ~~~~~~~~~~~~^^
  File "/home/rcosta00/dev/SmartQuotation/backend/.venv/lib/python3.13/site-packages/django_tenants/postgresql_backend/base.py", line 144, in _cursor
    cursor = super()._cursor()
  File "/home/rcosta00/dev/SmartQuotation/backend/.venv/lib/python3.13/site-packages/django/db/backends/base/base.py", line 297, in _cursor
    with self.wrap_database_errors:
         ^^^^^^^^^^^^^^^^^^^^^^^^^
  File "/home/rcosta00/dev/SmartQuotation/backend/.venv/lib/python3.13/site-packages/django/db/utils.py", line 91, in __exit__
    raise dj_exc_value.with_traceback(traceback) from exc_value
  File "/home/rcosta00/dev/SmartQuotation/backend/.venv/lib/python3.13/site-packages/django/db/backends/base/base.py", line 298, in _cursor
    return self._prepare_cursor(self.create_cursor(name))
                                ~~~~~~~~~~~~~~~~~~^^^^^^
  File "/home/rcosta00/dev/SmartQuotation/backend/.venv/lib/python3.13/site-packages/django/utils/asyncio.py", line 26, in inner
    return func(*args, **kwargs)
  File "/home/rcosta00/dev/SmartQuotation/backend/.venv/lib/python3.13/site-packages/django/db/backends/postgresql/base.py", line 429, in create_cursor
    cursor = self.connection.cursor()
django.db.utils.InterfaceError: connection already closed

======================================================================
ERROR: setUpClass (apps.engineering_params.tests_knob_template.ImportVersionedTests)
----------------------------------------------------------------------
Traceback (most recent call last):
  File "/home/rcosta00/dev/SmartQuotation/backend/.venv/lib/python3.13/site-packages/django/db/backends/base/base.py", line 298, in _cursor
    return self._prepare_cursor(self.create_cursor(name))
                                ~~~~~~~~~~~~~~~~~~^^^^^^
  File "/home/rcosta00/dev/SmartQuotation/backend/.venv/lib/python3.13/site-packages/django/utils/asyncio.py", line 26, in inner
    return func(*args, **kwargs)
  File "/home/rcosta00/dev/SmartQuotation/backend/.venv/lib/python3.13/site-packages/django/db/backends/postgresql/base.py", line 429, in create_cursor
    cursor = self.connection.cursor()
psycopg2.InterfaceError: connection already closed

The above exception was the direct cause of the following exception:

Traceback (most recent call last):
  File "/home/rcosta00/dev/SmartQuotation/backend/.venv/lib/python3.13/site-packages/django_tenants/test/cases.py", line 34, in setUpClass
    cls.sync_shared()
    ~~~~~~~~~~~~~~~^^
  File "/home/rcosta00/dev/SmartQuotation/backend/.venv/lib/python3.13/site-packages/django_tenants/test/cases.py", line 76, in sync_shared
    call_command('migrate_schemas',
    ~~~~~~~~~~~~^^^^^^^^^^^^^^^^^^^
                 schema_name=get_public_schema_name(),
                 ^^^^^^^^^^^^^^^^^^^^^^^^^^^^^^^^^^^^^
                 interactive=False,
                 ^^^^^^^^^^^^^^^^^^
                 verbosity=0)
                 ^^^^^^^^^^^^
  File "/home/rcosta00/dev/SmartQuotation/backend/.venv/lib/python3.13/site-packages/django/core/management/__init__.py", line 194, in call_command
    return command.execute(*args, **defaults)
           ~~~~~~~~~~~~~~~^^^^^^^^^^^^^^^^^^^
  File "/home/rcosta00/dev/SmartQuotation/backend/.venv/lib/python3.13/site-packages/django/core/management/base.py", line 460, in execute
    output = self.handle(*args, **options)
  File "/home/rcosta00/dev/SmartQuotation/backend/.venv/lib/python3.13/site-packages/django_tenants/management/commands/migrate_schemas.py", line 66, in handle
    executor.run_migrations(tenants=[self.PUBLIC_SCHEMA_NAME])
    ~~~~~~~~~~~~~~~~~~~~~~~^^^^^^^^^^^^^^^^^^^^^^^^^^^^^^^^^^^
  File "/home/rcosta00/dev/SmartQuotation/backend/.venv/lib/python3.13/site-packages/django_tenants/migration_executors/standard.py", line 11, in run_migrations
    run_migrations(self.args, self.options, self.codename, self.PUBLIC_SCHEMA_NAME)
    ~~~~~~~~~~~~~~^^^^^^^^^^^^^^^^^^^^^^^^^^^^^^^^^^^^^^^^^^^^^^^^^^^^^^^^^^^^^^^^^
  File "/home/rcosta00/dev/SmartQuotation/backend/.venv/lib/python3.13/site-packages/django_tenants/migration_executors/base.py", line 51, in run_migrations
    migration_recorder.ensure_schema()
    ~~~~~~~~~~~~~~~~~~~~~~~~~~~~~~~~^^
  File "/home/rcosta00/dev/SmartQuotation/backend/.venv/lib/python3.13/site-packages/django/db/migrations/recorder.py", line 73, in ensure_schema
    if self.has_table():
       ~~~~~~~~~~~~~~^^
  File "/home/rcosta00/dev/SmartQuotation/backend/.venv/lib/python3.13/site-packages/django/db/migrations/recorder.py", line 63, in has_table
    with self.connection.cursor() as cursor:
         ~~~~~~~~~~~~~~~~~~~~~~^^
  File "/home/rcosta00/dev/SmartQuotation/backend/.venv/lib/python3.13/site-packages/django/utils/asyncio.py", line 26, in inner
    return func(*args, **kwargs)
  File "/home/rcosta00/dev/SmartQuotation/backend/.venv/lib/python3.13/site-packages/django/db/backends/base/base.py", line 320, in cursor
    return self._cursor()
           ~~~~~~~~~~~~^^
  File "/home/rcosta00/dev/SmartQuotation/backend/.venv/lib/python3.13/site-packages/django_tenants/postgresql_backend/base.py", line 144, in _cursor
    cursor = super()._cursor()
  File "/home/rcosta00/dev/SmartQuotation/backend/.venv/lib/python3.13/site-packages/django/db/backends/base/base.py", line 297, in _cursor
    with self.wrap_database_errors:
         ^^^^^^^^^^^^^^^^^^^^^^^^^
  File "/home/rcosta00/dev/SmartQuotation/backend/.venv/lib/python3.13/site-packages/django/db/utils.py", line 91, in __exit__
    raise dj_exc_value.with_traceback(traceback) from exc_value
  File "/home/rcosta00/dev/SmartQuotation/backend/.venv/lib/python3.13/site-packages/django/db/backends/base/base.py", line 298, in _cursor
    return self._prepare_cursor(self.create_cursor(name))
                                ~~~~~~~~~~~~~~~~~~^^^^^^
  File "/home/rcosta00/dev/SmartQuotation/backend/.venv/lib/python3.13/site-packages/django/utils/asyncio.py", line 26, in inner
    return func(*args, **kwargs)
  File "/home/rcosta00/dev/SmartQuotation/backend/.venv/lib/python3.13/site-packages/django/db/backends/postgresql/base.py", line 429, in create_cursor
    cursor = self.connection.cursor()
django.db.utils.InterfaceError: connection already closed

======================================================================
ERROR: setUpClass (apps.engineering_params.tests_knob_template.ImportVersionedViewTests)
----------------------------------------------------------------------
Traceback (most recent call last):
  File "/home/rcosta00/dev/SmartQuotation/backend/.venv/lib/python3.13/site-packages/django/db/backends/base/base.py", line 298, in _cursor
    return self._prepare_cursor(self.create_cursor(name))
                                ~~~~~~~~~~~~~~~~~~^^^^^^
  File "/home/rcosta00/dev/SmartQuotation/backend/.venv/lib/python3.13/site-packages/django/utils/asyncio.py", line 26, in inner
    return func(*args, **kwargs)
  File "/home/rcosta00/dev/SmartQuotation/backend/.venv/lib/python3.13/site-packages/django/db/backends/postgresql/base.py", line 429, in create_cursor
    cursor = self.connection.cursor()
psycopg2.InterfaceError: connection already closed

The above exception was the direct cause of the following exception:

Traceback (most recent call last):
  File "/home/rcosta00/dev/SmartQuotation/backend/.venv/lib/python3.13/site-packages/django_tenants/test/cases.py", line 34, in setUpClass
    cls.sync_shared()
    ~~~~~~~~~~~~~~~^^
  File "/home/rcosta00/dev/SmartQuotation/backend/.venv/lib/python3.13/site-packages/django_tenants/test/cases.py", line 76, in sync_shared
    call_command('migrate_schemas',
    ~~~~~~~~~~~~^^^^^^^^^^^^^^^^^^^
                 schema_name=get_public_schema_name(),
                 ^^^^^^^^^^^^^^^^^^^^^^^^^^^^^^^^^^^^^
                 interactive=False,
                 ^^^^^^^^^^^^^^^^^^
                 verbosity=0)
                 ^^^^^^^^^^^^
  File "/home/rcosta00/dev/SmartQuotation/backend/.venv/lib/python3.13/site-packages/django/core/management/__init__.py", line 194, in call_command
    return command.execute(*args, **defaults)
           ~~~~~~~~~~~~~~~^^^^^^^^^^^^^^^^^^^
  File "/home/rcosta00/dev/SmartQuotation/backend/.venv/lib/python3.13/site-packages/django/core/management/base.py", line 460, in execute
    output = self.handle(*args, **options)
  File "/home/rcosta00/dev/SmartQuotation/backend/.venv/lib/python3.13/site-packages/django_tenants/management/commands/migrate_schemas.py", line 66, in handle
    executor.run_migrations(tenants=[self.PUBLIC_SCHEMA_NAME])
    ~~~~~~~~~~~~~~~~~~~~~~~^^^^^^^^^^^^^^^^^^^^^^^^^^^^^^^^^^^
  File "/home/rcosta00/dev/SmartQuotation/backend/.venv/lib/python3.13/site-packages/django_tenants/migration_executors/standard.py", line 11, in run_migrations
    run_migrations(self.args, self.options, self.codename, self.PUBLIC_SCHEMA_NAME)
    ~~~~~~~~~~~~~~^^^^^^^^^^^^^^^^^^^^^^^^^^^^^^^^^^^^^^^^^^^^^^^^^^^^^^^^^^^^^^^^^
  File "/home/rcosta00/dev/SmartQuotation/backend/.venv/lib/python3.13/site-packages/django_tenants/migration_executors/base.py", line 51, in run_migrations
    migration_recorder.ensure_schema()
    ~~~~~~~~~~~~~~~~~~~~~~~~~~~~~~~~^^
  File "/home/rcosta00/dev/SmartQuotation/backend/.venv/lib/python3.13/site-packages/django/db/migrations/recorder.py", line 73, in ensure_schema
    if self.has_table():
       ~~~~~~~~~~~~~~^^
  File "/home/rcosta00/dev/SmartQuotation/backend/.venv/lib/python3.13/site-packages/django/db/migrations/recorder.py", line 63, in has_table
    with self.connection.cursor() as cursor:
         ~~~~~~~~~~~~~~~~~~~~~~^^
  File "/home/rcosta00/dev/SmartQuotation/backend/.venv/lib/python3.13/site-packages/django/utils/asyncio.py", line 26, in inner
    return func(*args, **kwargs)
  File "/home/rcosta00/dev/SmartQuotation/backend/.venv/lib/python3.13/site-packages/django/db/backends/base/base.py", line 320, in cursor
    return self._cursor()
           ~~~~~~~~~~~~^^
  File "/home/rcosta00/dev/SmartQuotation/backend/.venv/lib/python3.13/site-packages/django_tenants/postgresql_backend/base.py", line 144, in _cursor
    cursor = super()._cursor()
  File "/home/rcosta00/dev/SmartQuotation/backend/.venv/lib/python3.13/site-packages/django/db/backends/base/base.py", line 297, in _cursor
    with self.wrap_database_errors:
         ^^^^^^^^^^^^^^^^^^^^^^^^^
  File "/home/rcosta00/dev/SmartQuotation/backend/.venv/lib/python3.13/site-packages/django/db/utils.py", line 91, in __exit__
    raise dj_exc_value.with_traceback(traceback) from exc_value
  File "/home/rcosta00/dev/SmartQuotation/backend/.venv/lib/python3.13/site-packages/django/db/backends/base/base.py", line 298, in _cursor
    return self._prepare_cursor(self.create_cursor(name))
                                ~~~~~~~~~~~~~~~~~~^^^^^^
  File "/home/rcosta00/dev/SmartQuotation/backend/.venv/lib/python3.13/site-packages/django/utils/asyncio.py", line 26, in inner
    return func(*args, **kwargs)
  File "/home/rcosta00/dev/SmartQuotation/backend/.venv/lib/python3.13/site-packages/django/db/backends/postgresql/base.py", line 429, in create_cursor
    cursor = self.connection.cursor()
django.db.utils.InterfaceError: connection already closed

======================================================================
ERROR: setUpClass (apps.engineering_params.tests_knob_template.ImportViewTests)
----------------------------------------------------------------------
Traceback (most recent call last):
  File "/home/rcosta00/dev/SmartQuotation/backend/.venv/lib/python3.13/site-packages/django/db/backends/base/base.py", line 298, in _cursor
    return self._prepare_cursor(self.create_cursor(name))
                                ~~~~~~~~~~~~~~~~~~^^^^^^
  File "/home/rcosta00/dev/SmartQuotation/backend/.venv/lib/python3.13/site-packages/django/utils/asyncio.py", line 26, in inner
    return func(*args, **kwargs)
  File "/home/rcosta00/dev/SmartQuotation/backend/.venv/lib/python3.13/site-packages/django/db/backends/postgresql/base.py", line 429, in create_cursor
    cursor = self.connection.cursor()
psycopg2.InterfaceError: connection already closed

The above exception was the direct cause of the following exception:

Traceback (most recent call last):
  File "/home/rcosta00/dev/SmartQuotation/backend/.venv/lib/python3.13/site-packages/django_tenants/test/cases.py", line 34, in setUpClass
    cls.sync_shared()
    ~~~~~~~~~~~~~~~^^
  File "/home/rcosta00/dev/SmartQuotation/backend/.venv/lib/python3.13/site-packages/django_tenants/test/cases.py", line 76, in sync_shared
    call_command('migrate_schemas',
    ~~~~~~~~~~~~^^^^^^^^^^^^^^^^^^^
                 schema_name=get_public_schema_name(),
                 ^^^^^^^^^^^^^^^^^^^^^^^^^^^^^^^^^^^^^
                 interactive=False,
                 ^^^^^^^^^^^^^^^^^^
                 verbosity=0)
                 ^^^^^^^^^^^^
  File "/home/rcosta00/dev/SmartQuotation/backend/.venv/lib/python3.13/site-packages/django/core/management/__init__.py", line 194, in call_command
    return command.execute(*args, **defaults)
           ~~~~~~~~~~~~~~~^^^^^^^^^^^^^^^^^^^
  File "/home/rcosta00/dev/SmartQuotation/backend/.venv/lib/python3.13/site-packages/django/core/management/base.py", line 460, in execute
    output = self.handle(*args, **options)
  File "/home/rcosta00/dev/SmartQuotation/backend/.venv/lib/python3.13/site-packages/django_tenants/management/commands/migrate_schemas.py", line 66, in handle
    executor.run_migrations(tenants=[self.PUBLIC_SCHEMA_NAME])
    ~~~~~~~~~~~~~~~~~~~~~~~^^^^^^^^^^^^^^^^^^^^^^^^^^^^^^^^^^^
  File "/home/rcosta00/dev/SmartQuotation/backend/.venv/lib/python3.13/site-packages/django_tenants/migration_executors/standard.py", line 11, in run_migrations
    run_migrations(self.args, self.options, self.codename, self.PUBLIC_SCHEMA_NAME)
    ~~~~~~~~~~~~~~^^^^^^^^^^^^^^^^^^^^^^^^^^^^^^^^^^^^^^^^^^^^^^^^^^^^^^^^^^^^^^^^^
  File "/home/rcosta00/dev/SmartQuotation/backend/.venv/lib/python3.13/site-packages/django_tenants/migration_executors/base.py", line 51, in run_migrations
    migration_recorder.ensure_schema()
    ~~~~~~~~~~~~~~~~~~~~~~~~~~~~~~~~^^
  File "/home/rcosta00/dev/SmartQuotation/backend/.venv/lib/python3.13/site-packages/django/db/migrations/recorder.py", line 73, in ensure_schema
    if self.has_table():
       ~~~~~~~~~~~~~~^^
  File "/home/rcosta00/dev/SmartQuotation/backend/.venv/lib/python3.13/site-packages/django/db/migrations/recorder.py", line 63, in has_table
    with self.connection.cursor() as cursor:
         ~~~~~~~~~~~~~~~~~~~~~~^^
  File "/home/rcosta00/dev/SmartQuotation/backend/.venv/lib/python3.13/site-packages/django/utils/asyncio.py", line 26, in inner
    return func(*args, **kwargs)
  File "/home/rcosta00/dev/SmartQuotation/backend/.venv/lib/python3.13/site-packages/django/db/backends/base/base.py", line 320, in cursor
    return self._cursor()
           ~~~~~~~~~~~~^^
  File "/home/rcosta00/dev/SmartQuotation/backend/.venv/lib/python3.13/site-packages/django_tenants/postgresql_backend/base.py", line 144, in _cursor
    cursor = super()._cursor()
  File "/home/rcosta00/dev/SmartQuotation/backend/.venv/lib/python3.13/site-packages/django/db/backends/base/base.py", line 297, in _cursor
    with self.wrap_database_errors:
         ^^^^^^^^^^^^^^^^^^^^^^^^^
  File "/home/rcosta00/dev/SmartQuotation/backend/.venv/lib/python3.13/site-packages/django/db/utils.py", line 91, in __exit__
    raise dj_exc_value.with_traceback(traceback) from exc_value
  File "/home/rcosta00/dev/SmartQuotation/backend/.venv/lib/python3.13/site-packages/django/db/backends/base/base.py", line 298, in _cursor
    return self._prepare_cursor(self.create_cursor(name))
                                ~~~~~~~~~~~~~~~~~~^^^^^^
  File "/home/rcosta00/dev/SmartQuotation/backend/.venv/lib/python3.13/site-packages/django/utils/asyncio.py", line 26, in inner
    return func(*args, **kwargs)
  File "/home/rcosta00/dev/SmartQuotation/backend/.venv/lib/python3.13/site-packages/django/db/backends/postgresql/base.py", line 429, in create_cursor
    cursor = self.connection.cursor()
django.db.utils.InterfaceError: connection already closed

======================================================================
ERROR: setUpClass (apps.engineering_params.tests_knobs.KnobsUITests)
----------------------------------------------------------------------
Traceback (most recent call last):
  File "/home/rcosta00/dev/SmartQuotation/backend/.venv/lib/python3.13/site-packages/django/db/backends/base/base.py", line 298, in _cursor
    return self._prepare_cursor(self.create_cursor(name))
                                ~~~~~~~~~~~~~~~~~~^^^^^^
  File "/home/rcosta00/dev/SmartQuotation/backend/.venv/lib/python3.13/site-packages/django/utils/asyncio.py", line 26, in inner
    return func(*args, **kwargs)
  File "/home/rcosta00/dev/SmartQuotation/backend/.venv/lib/python3.13/site-packages/django/db/backends/postgresql/base.py", line 429, in create_cursor
    cursor = self.connection.cursor()
psycopg2.InterfaceError: connection already closed

The above exception was the direct cause of the following exception:

Traceback (most recent call last):
  File "/home/rcosta00/dev/SmartQuotation/backend/.venv/lib/python3.13/site-packages/django_tenants/test/cases.py", line 34, in setUpClass
    cls.sync_shared()
    ~~~~~~~~~~~~~~~^^
  File "/home/rcosta00/dev/SmartQuotation/backend/.venv/lib/python3.13/site-packages/django_tenants/test/cases.py", line 76, in sync_shared
    call_command('migrate_schemas',
    ~~~~~~~~~~~~^^^^^^^^^^^^^^^^^^^
                 schema_name=get_public_schema_name(),
                 ^^^^^^^^^^^^^^^^^^^^^^^^^^^^^^^^^^^^^
                 interactive=False,
                 ^^^^^^^^^^^^^^^^^^
                 verbosity=0)
                 ^^^^^^^^^^^^
  File "/home/rcosta00/dev/SmartQuotation/backend/.venv/lib/python3.13/site-packages/django/core/management/__init__.py", line 194, in call_command
    return command.execute(*args, **defaults)
           ~~~~~~~~~~~~~~~^^^^^^^^^^^^^^^^^^^
  File "/home/rcosta00/dev/SmartQuotation/backend/.venv/lib/python3.13/site-packages/django/core/management/base.py", line 460, in execute
    output = self.handle(*args, **options)
  File "/home/rcosta00/dev/SmartQuotation/backend/.venv/lib/python3.13/site-packages/django_tenants/management/commands/migrate_schemas.py", line 66, in handle
    executor.run_migrations(tenants=[self.PUBLIC_SCHEMA_NAME])
    ~~~~~~~~~~~~~~~~~~~~~~~^^^^^^^^^^^^^^^^^^^^^^^^^^^^^^^^^^^
  File "/home/rcosta00/dev/SmartQuotation/backend/.venv/lib/python3.13/site-packages/django_tenants/migration_executors/standard.py", line 11, in run_migrations
    run_migrations(self.args, self.options, self.codename, self.PUBLIC_SCHEMA_NAME)
    ~~~~~~~~~~~~~~^^^^^^^^^^^^^^^^^^^^^^^^^^^^^^^^^^^^^^^^^^^^^^^^^^^^^^^^^^^^^^^^^
  File "/home/rcosta00/dev/SmartQuotation/backend/.venv/lib/python3.13/site-packages/django_tenants/migration_executors/base.py", line 51, in run_migrations
    migration_recorder.ensure_schema()
    ~~~~~~~~~~~~~~~~~~~~~~~~~~~~~~~~^^
  File "/home/rcosta00/dev/SmartQuotation/backend/.venv/lib/python3.13/site-packages/django/db/migrations/recorder.py", line 73, in ensure_schema
    if self.has_table():
       ~~~~~~~~~~~~~~^^
  File "/home/rcosta00/dev/SmartQuotation/backend/.venv/lib/python3.13/site-packages/django/db/migrations/recorder.py", line 63, in has_table
    with self.connection.cursor() as cursor:
         ~~~~~~~~~~~~~~~~~~~~~~^^
  File "/home/rcosta00/dev/SmartQuotation/backend/.venv/lib/python3.13/site-packages/django/utils/asyncio.py", line 26, in inner
    return func(*args, **kwargs)
  File "/home/rcosta00/dev/SmartQuotation/backend/.venv/lib/python3.13/site-packages/django/db/backends/base/base.py", line 320, in cursor
    return self._cursor()
           ~~~~~~~~~~~~^^
  File "/home/rcosta00/dev/SmartQuotation/backend/.venv/lib/python3.13/site-packages/django_tenants/postgresql_backend/base.py", line 144, in _cursor
    cursor = super()._cursor()
  File "/home/rcosta00/dev/SmartQuotation/backend/.venv/lib/python3.13/site-packages/django/db/backends/base/base.py", line 297, in _cursor
    with self.wrap_database_errors:
         ^^^^^^^^^^^^^^^^^^^^^^^^^
  File "/home/rcosta00/dev/SmartQuotation/backend/.venv/lib/python3.13/site-packages/django/db/utils.py", line 91, in __exit__
    raise dj_exc_value.with_traceback(traceback) from exc_value
  File "/home/rcosta00/dev/SmartQuotation/backend/.venv/lib/python3.13/site-packages/django/db/backends/base/base.py", line 298, in _cursor
    return self._prepare_cursor(self.create_cursor(name))
                                ~~~~~~~~~~~~~~~~~~^^^^^^
  File "/home/rcosta00/dev/SmartQuotation/backend/.venv/lib/python3.13/site-packages/django/utils/asyncio.py", line 26, in inner
    return func(*args, **kwargs)
  File "/home/rcosta00/dev/SmartQuotation/backend/.venv/lib/python3.13/site-packages/django/db/backends/postgresql/base.py", line 429, in create_cursor
    cursor = self.connection.cursor()
django.db.utils.InterfaceError: connection already closed

======================================================================
ERROR: setUpClass (apps.health.tests.HealthCheckViewTests)
----------------------------------------------------------------------
Traceback (most recent call last):
  File "/home/rcosta00/dev/SmartQuotation/backend/.venv/lib/python3.13/site-packages/django/db/backends/base/base.py", line 298, in _cursor
    return self._prepare_cursor(self.create_cursor(name))
                                ~~~~~~~~~~~~~~~~~~^^^^^^
  File "/home/rcosta00/dev/SmartQuotation/backend/.venv/lib/python3.13/site-packages/django/utils/asyncio.py", line 26, in inner
    return func(*args, **kwargs)
  File "/home/rcosta00/dev/SmartQuotation/backend/.venv/lib/python3.13/site-packages/django/db/backends/postgresql/base.py", line 429, in create_cursor
    cursor = self.connection.cursor()
psycopg2.InterfaceError: connection already closed

The above exception was the direct cause of the following exception:

Traceback (most recent call last):
  File "/home/rcosta00/dev/SmartQuotation/backend/.venv/lib/python3.13/site-packages/django_tenants/test/cases.py", line 34, in setUpClass
    cls.sync_shared()
    ~~~~~~~~~~~~~~~^^
  File "/home/rcosta00/dev/SmartQuotation/backend/.venv/lib/python3.13/site-packages/django_tenants/test/cases.py", line 76, in sync_shared
    call_command('migrate_schemas',
    ~~~~~~~~~~~~^^^^^^^^^^^^^^^^^^^
                 schema_name=get_public_schema_name(),
                 ^^^^^^^^^^^^^^^^^^^^^^^^^^^^^^^^^^^^^
                 interactive=False,
                 ^^^^^^^^^^^^^^^^^^
                 verbosity=0)
                 ^^^^^^^^^^^^
  File "/home/rcosta00/dev/SmartQuotation/backend/.venv/lib/python3.13/site-packages/django/core/management/__init__.py", line 194, in call_command
    return command.execute(*args, **defaults)
           ~~~~~~~~~~~~~~~^^^^^^^^^^^^^^^^^^^
  File "/home/rcosta00/dev/SmartQuotation/backend/.venv/lib/python3.13/site-packages/django/core/management/base.py", line 460, in execute
    output = self.handle(*args, **options)
  File "/home/rcosta00/dev/SmartQuotation/backend/.venv/lib/python3.13/site-packages/django_tenants/management/commands/migrate_schemas.py", line 66, in handle
    executor.run_migrations(tenants=[self.PUBLIC_SCHEMA_NAME])
    ~~~~~~~~~~~~~~~~~~~~~~~^^^^^^^^^^^^^^^^^^^^^^^^^^^^^^^^^^^
  File "/home/rcosta00/dev/SmartQuotation/backend/.venv/lib/python3.13/site-packages/django_tenants/migration_executors/standard.py", line 11, in run_migrations
    run_migrations(self.args, self.options, self.codename, self.PUBLIC_SCHEMA_NAME)
    ~~~~~~~~~~~~~~^^^^^^^^^^^^^^^^^^^^^^^^^^^^^^^^^^^^^^^^^^^^^^^^^^^^^^^^^^^^^^^^^
  File "/home/rcosta00/dev/SmartQuotation/backend/.venv/lib/python3.13/site-packages/django_tenants/migration_executors/base.py", line 51, in run_migrations
    migration_recorder.ensure_schema()
    ~~~~~~~~~~~~~~~~~~~~~~~~~~~~~~~~^^
  File "/home/rcosta00/dev/SmartQuotation/backend/.venv/lib/python3.13/site-packages/django/db/migrations/recorder.py", line 73, in ensure_schema
    if self.has_table():
       ~~~~~~~~~~~~~~^^
  File "/home/rcosta00/dev/SmartQuotation/backend/.venv/lib/python3.13/site-packages/django/db/migrations/recorder.py", line 63, in has_table
    with self.connection.cursor() as cursor:
         ~~~~~~~~~~~~~~~~~~~~~~^^
  File "/home/rcosta00/dev/SmartQuotation/backend/.venv/lib/python3.13/site-packages/django/utils/asyncio.py", line 26, in inner
    return func(*args, **kwargs)
  File "/home/rcosta00/dev/SmartQuotation/backend/.venv/lib/python3.13/site-packages/django/db/backends/base/base.py", line 320, in cursor
    return self._cursor()
           ~~~~~~~~~~~~^^
  File "/home/rcosta00/dev/SmartQuotation/backend/.venv/lib/python3.13/site-packages/django_tenants/postgresql_backend/base.py", line 144, in _cursor
    cursor = super()._cursor()
  File "/home/rcosta00/dev/SmartQuotation/backend/.venv/lib/python3.13/site-packages/django/db/backends/base/base.py", line 297, in _cursor
    with self.wrap_database_errors:
         ^^^^^^^^^^^^^^^^^^^^^^^^^
  File "/home/rcosta00/dev/SmartQuotation/backend/.venv/lib/python3.13/site-packages/django/db/utils.py", line 91, in __exit__
    raise dj_exc_value.with_traceback(traceback) from exc_value
  File "/home/rcosta00/dev/SmartQuotation/backend/.venv/lib/python3.13/site-packages/django/db/backends/base/base.py", line 298, in _cursor
    return self._prepare_cursor(self.create_cursor(name))
                                ~~~~~~~~~~~~~~~~~~^^^^^^
  File "/home/rcosta00/dev/SmartQuotation/backend/.venv/lib/python3.13/site-packages/django/utils/asyncio.py", line 26, in inner
    return func(*args, **kwargs)
  File "/home/rcosta00/dev/SmartQuotation/backend/.venv/lib/python3.13/site-packages/django/db/backends/postgresql/base.py", line 429, in create_cursor
    cursor = self.connection.cursor()
django.db.utils.InterfaceError: connection already closed

======================================================================
ERROR: setUpClass (apps.integrations.bling.tests.BlingAdminActionTests)
----------------------------------------------------------------------
Traceback (most recent call last):
  File "/home/rcosta00/dev/SmartQuotation/backend/.venv/lib/python3.13/site-packages/django/db/backends/base/base.py", line 298, in _cursor
    return self._prepare_cursor(self.create_cursor(name))
                                ~~~~~~~~~~~~~~~~~~^^^^^^
  File "/home/rcosta00/dev/SmartQuotation/backend/.venv/lib/python3.13/site-packages/django/utils/asyncio.py", line 26, in inner
    return func(*args, **kwargs)
  File "/home/rcosta00/dev/SmartQuotation/backend/.venv/lib/python3.13/site-packages/django/db/backends/postgresql/base.py", line 429, in create_cursor
    cursor = self.connection.cursor()
psycopg2.InterfaceError: connection already closed

The above exception was the direct cause of the following exception:

Traceback (most recent call last):
  File "/home/rcosta00/dev/SmartQuotation/backend/.venv/lib/python3.13/site-packages/django_tenants/test/cases.py", line 34, in setUpClass
    cls.sync_shared()
    ~~~~~~~~~~~~~~~^^
  File "/home/rcosta00/dev/SmartQuotation/backend/.venv/lib/python3.13/site-packages/django_tenants/test/cases.py", line 76, in sync_shared
    call_command('migrate_schemas',
    ~~~~~~~~~~~~^^^^^^^^^^^^^^^^^^^
                 schema_name=get_public_schema_name(),
                 ^^^^^^^^^^^^^^^^^^^^^^^^^^^^^^^^^^^^^
                 interactive=False,
                 ^^^^^^^^^^^^^^^^^^
                 verbosity=0)
                 ^^^^^^^^^^^^
  File "/home/rcosta00/dev/SmartQuotation/backend/.venv/lib/python3.13/site-packages/django/core/management/__init__.py", line 194, in call_command
    return command.execute(*args, **defaults)
           ~~~~~~~~~~~~~~~^^^^^^^^^^^^^^^^^^^
  File "/home/rcosta00/dev/SmartQuotation/backend/.venv/lib/python3.13/site-packages/django/core/management/base.py", line 460, in execute
    output = self.handle(*args, **options)
  File "/home/rcosta00/dev/SmartQuotation/backend/.venv/lib/python3.13/site-packages/django_tenants/management/commands/migrate_schemas.py", line 66, in handle
    executor.run_migrations(tenants=[self.PUBLIC_SCHEMA_NAME])
    ~~~~~~~~~~~~~~~~~~~~~~~^^^^^^^^^^^^^^^^^^^^^^^^^^^^^^^^^^^
  File "/home/rcosta00/dev/SmartQuotation/backend/.venv/lib/python3.13/site-packages/django_tenants/migration_executors/standard.py", line 11, in run_migrations
    run_migrations(self.args, self.options, self.codename, self.PUBLIC_SCHEMA_NAME)
    ~~~~~~~~~~~~~~^^^^^^^^^^^^^^^^^^^^^^^^^^^^^^^^^^^^^^^^^^^^^^^^^^^^^^^^^^^^^^^^^
  File "/home/rcosta00/dev/SmartQuotation/backend/.venv/lib/python3.13/site-packages/django_tenants/migration_executors/base.py", line 51, in run_migrations
    migration_recorder.ensure_schema()
    ~~~~~~~~~~~~~~~~~~~~~~~~~~~~~~~~^^
  File "/home/rcosta00/dev/SmartQuotation/backend/.venv/lib/python3.13/site-packages/django/db/migrations/recorder.py", line 73, in ensure_schema
    if self.has_table():
       ~~~~~~~~~~~~~~^^
  File "/home/rcosta00/dev/SmartQuotation/backend/.venv/lib/python3.13/site-packages/django/db/migrations/recorder.py", line 63, in has_table
    with self.connection.cursor() as cursor:
         ~~~~~~~~~~~~~~~~~~~~~~^^
  File "/home/rcosta00/dev/SmartQuotation/backend/.venv/lib/python3.13/site-packages/django/utils/asyncio.py", line 26, in inner
    return func(*args, **kwargs)
  File "/home/rcosta00/dev/SmartQuotation/backend/.venv/lib/python3.13/site-packages/django/db/backends/base/base.py", line 320, in cursor
    return self._cursor()
           ~~~~~~~~~~~~^^
  File "/home/rcosta00/dev/SmartQuotation/backend/.venv/lib/python3.13/site-packages/django_tenants/postgresql_backend/base.py", line 144, in _cursor
    cursor = super()._cursor()
  File "/home/rcosta00/dev/SmartQuotation/backend/.venv/lib/python3.13/site-packages/django/db/backends/base/base.py", line 297, in _cursor
    with self.wrap_database_errors:
         ^^^^^^^^^^^^^^^^^^^^^^^^^
  File "/home/rcosta00/dev/SmartQuotation/backend/.venv/lib/python3.13/site-packages/django/db/utils.py", line 91, in __exit__
    raise dj_exc_value.with_traceback(traceback) from exc_value
  File "/home/rcosta00/dev/SmartQuotation/backend/.venv/lib/python3.13/site-packages/django/db/backends/base/base.py", line 298, in _cursor
    return self._prepare_cursor(self.create_cursor(name))
                                ~~~~~~~~~~~~~~~~~~^^^^^^
  File "/home/rcosta00/dev/SmartQuotation/backend/.venv/lib/python3.13/site-packages/django/utils/asyncio.py", line 26, in inner
    return func(*args, **kwargs)
  File "/home/rcosta00/dev/SmartQuotation/backend/.venv/lib/python3.13/site-packages/django/db/backends/postgresql/base.py", line 429, in create_cursor
    cursor = self.connection.cursor()
django.db.utils.InterfaceError: connection already closed

======================================================================
ERROR: setUpClass (apps.integrations.bling.tests.BlingClientTests)
----------------------------------------------------------------------
Traceback (most recent call last):
  File "/home/rcosta00/dev/SmartQuotation/backend/.venv/lib/python3.13/site-packages/django/db/backends/base/base.py", line 298, in _cursor
    return self._prepare_cursor(self.create_cursor(name))
                                ~~~~~~~~~~~~~~~~~~^^^^^^
  File "/home/rcosta00/dev/SmartQuotation/backend/.venv/lib/python3.13/site-packages/django/utils/asyncio.py", line 26, in inner
    return func(*args, **kwargs)
  File "/home/rcosta00/dev/SmartQuotation/backend/.venv/lib/python3.13/site-packages/django/db/backends/postgresql/base.py", line 429, in create_cursor
    cursor = self.connection.cursor()
psycopg2.InterfaceError: connection already closed

The above exception was the direct cause of the following exception:

Traceback (most recent call last):
  File "/home/rcosta00/dev/SmartQuotation/backend/.venv/lib/python3.13/site-packages/django_tenants/test/cases.py", line 34, in setUpClass
    cls.sync_shared()
    ~~~~~~~~~~~~~~~^^
  File "/home/rcosta00/dev/SmartQuotation/backend/.venv/lib/python3.13/site-packages/django_tenants/test/cases.py", line 76, in sync_shared
    call_command('migrate_schemas',
    ~~~~~~~~~~~~^^^^^^^^^^^^^^^^^^^
                 schema_name=get_public_schema_name(),
                 ^^^^^^^^^^^^^^^^^^^^^^^^^^^^^^^^^^^^^
                 interactive=False,
                 ^^^^^^^^^^^^^^^^^^
                 verbosity=0)
                 ^^^^^^^^^^^^
  File "/home/rcosta00/dev/SmartQuotation/backend/.venv/lib/python3.13/site-packages/django/core/management/__init__.py", line 194, in call_command
    return command.execute(*args, **defaults)
           ~~~~~~~~~~~~~~~^^^^^^^^^^^^^^^^^^^
  File "/home/rcosta00/dev/SmartQuotation/backend/.venv/lib/python3.13/site-packages/django/core/management/base.py", line 460, in execute
    output = self.handle(*args, **options)
  File "/home/rcosta00/dev/SmartQuotation/backend/.venv/lib/python3.13/site-packages/django_tenants/management/commands/migrate_schemas.py", line 66, in handle
    executor.run_migrations(tenants=[self.PUBLIC_SCHEMA_NAME])
    ~~~~~~~~~~~~~~~~~~~~~~~^^^^^^^^^^^^^^^^^^^^^^^^^^^^^^^^^^^
  File "/home/rcosta00/dev/SmartQuotation/backend/.venv/lib/python3.13/site-packages/django_tenants/migration_executors/standard.py", line 11, in run_migrations
    run_migrations(self.args, self.options, self.codename, self.PUBLIC_SCHEMA_NAME)
    ~~~~~~~~~~~~~~^^^^^^^^^^^^^^^^^^^^^^^^^^^^^^^^^^^^^^^^^^^^^^^^^^^^^^^^^^^^^^^^^
  File "/home/rcosta00/dev/SmartQuotation/backend/.venv/lib/python3.13/site-packages/django_tenants/migration_executors/base.py", line 51, in run_migrations
    migration_recorder.ensure_schema()
    ~~~~~~~~~~~~~~~~~~~~~~~~~~~~~~~~^^
  File "/home/rcosta00/dev/SmartQuotation/backend/.venv/lib/python3.13/site-packages/django/db/migrations/recorder.py", line 73, in ensure_schema
    if self.has_table():
       ~~~~~~~~~~~~~~^^
  File "/home/rcosta00/dev/SmartQuotation/backend/.venv/lib/python3.13/site-packages/django/db/migrations/recorder.py", line 63, in has_table
    with self.connection.cursor() as cursor:
         ~~~~~~~~~~~~~~~~~~~~~~^^
  File "/home/rcosta00/dev/SmartQuotation/backend/.venv/lib/python3.13/site-packages/django/utils/asyncio.py", line 26, in inner
    return func(*args, **kwargs)
  File "/home/rcosta00/dev/SmartQuotation/backend/.venv/lib/python3.13/site-packages/django/db/backends/base/base.py", line 320, in cursor
    return self._cursor()
           ~~~~~~~~~~~~^^
  File "/home/rcosta00/dev/SmartQuotation/backend/.venv/lib/python3.13/site-packages/django_tenants/postgresql_backend/base.py", line 144, in _cursor
    cursor = super()._cursor()
  File "/home/rcosta00/dev/SmartQuotation/backend/.venv/lib/python3.13/site-packages/django/db/backends/base/base.py", line 297, in _cursor
    with self.wrap_database_errors:
         ^^^^^^^^^^^^^^^^^^^^^^^^^
  File "/home/rcosta00/dev/SmartQuotation/backend/.venv/lib/python3.13/site-packages/django/db/utils.py", line 91, in __exit__
    raise dj_exc_value.with_traceback(traceback) from exc_value
  File "/home/rcosta00/dev/SmartQuotation/backend/.venv/lib/python3.13/site-packages/django/db/backends/base/base.py", line 298, in _cursor
    return self._prepare_cursor(self.create_cursor(name))
                                ~~~~~~~~~~~~~~~~~~^^^^^^
  File "/home/rcosta00/dev/SmartQuotation/backend/.venv/lib/python3.13/site-packages/django/utils/asyncio.py", line 26, in inner
    return func(*args, **kwargs)
  File "/home/rcosta00/dev/SmartQuotation/backend/.venv/lib/python3.13/site-packages/django/db/backends/postgresql/base.py", line 429, in create_cursor
    cursor = self.connection.cursor()
django.db.utils.InterfaceError: connection already closed

======================================================================
ERROR: setUpClass (apps.integrations.bling.tests.BlingClientTokenAutoRefreshTests)
----------------------------------------------------------------------
Traceback (most recent call last):
  File "/home/rcosta00/dev/SmartQuotation/backend/.venv/lib/python3.13/site-packages/django/db/backends/base/base.py", line 298, in _cursor
    return self._prepare_cursor(self.create_cursor(name))
                                ~~~~~~~~~~~~~~~~~~^^^^^^
  File "/home/rcosta00/dev/SmartQuotation/backend/.venv/lib/python3.13/site-packages/django/utils/asyncio.py", line 26, in inner
    return func(*args, **kwargs)
  File "/home/rcosta00/dev/SmartQuotation/backend/.venv/lib/python3.13/site-packages/django/db/backends/postgresql/base.py", line 429, in create_cursor
    cursor = self.connection.cursor()
psycopg2.InterfaceError: connection already closed

The above exception was the direct cause of the following exception:

Traceback (most recent call last):
  File "/home/rcosta00/dev/SmartQuotation/backend/.venv/lib/python3.13/site-packages/django_tenants/test/cases.py", line 34, in setUpClass
    cls.sync_shared()
    ~~~~~~~~~~~~~~~^^
  File "/home/rcosta00/dev/SmartQuotation/backend/.venv/lib/python3.13/site-packages/django_tenants/test/cases.py", line 76, in sync_shared
    call_command('migrate_schemas',
    ~~~~~~~~~~~~^^^^^^^^^^^^^^^^^^^
                 schema_name=get_public_schema_name(),
                 ^^^^^^^^^^^^^^^^^^^^^^^^^^^^^^^^^^^^^
                 interactive=False,
                 ^^^^^^^^^^^^^^^^^^
                 verbosity=0)
                 ^^^^^^^^^^^^
  File "/home/rcosta00/dev/SmartQuotation/backend/.venv/lib/python3.13/site-packages/django/core/management/__init__.py", line 194, in call_command
    return command.execute(*args, **defaults)
           ~~~~~~~~~~~~~~~^^^^^^^^^^^^^^^^^^^
  File "/home/rcosta00/dev/SmartQuotation/backend/.venv/lib/python3.13/site-packages/django/core/management/base.py", line 460, in execute
    output = self.handle(*args, **options)
  File "/home/rcosta00/dev/SmartQuotation/backend/.venv/lib/python3.13/site-packages/django_tenants/management/commands/migrate_schemas.py", line 66, in handle
    executor.run_migrations(tenants=[self.PUBLIC_SCHEMA_NAME])
    ~~~~~~~~~~~~~~~~~~~~~~~^^^^^^^^^^^^^^^^^^^^^^^^^^^^^^^^^^^
  File "/home/rcosta00/dev/SmartQuotation/backend/.venv/lib/python3.13/site-packages/django_tenants/migration_executors/standard.py", line 11, in run_migrations
    run_migrations(self.args, self.options, self.codename, self.PUBLIC_SCHEMA_NAME)
    ~~~~~~~~~~~~~~^^^^^^^^^^^^^^^^^^^^^^^^^^^^^^^^^^^^^^^^^^^^^^^^^^^^^^^^^^^^^^^^^
  File "/home/rcosta00/dev/SmartQuotation/backend/.venv/lib/python3.13/site-packages/django_tenants/migration_executors/base.py", line 51, in run_migrations
    migration_recorder.ensure_schema()
    ~~~~~~~~~~~~~~~~~~~~~~~~~~~~~~~~^^
  File "/home/rcosta00/dev/SmartQuotation/backend/.venv/lib/python3.13/site-packages/django/db/migrations/recorder.py", line 73, in ensure_schema
    if self.has_table():
       ~~~~~~~~~~~~~~^^
  File "/home/rcosta00/dev/SmartQuotation/backend/.venv/lib/python3.13/site-packages/django/db/migrations/recorder.py", line 63, in has_table
    with self.connection.cursor() as cursor:
         ~~~~~~~~~~~~~~~~~~~~~~^^
  File "/home/rcosta00/dev/SmartQuotation/backend/.venv/lib/python3.13/site-packages/django/utils/asyncio.py", line 26, in inner
    return func(*args, **kwargs)
  File "/home/rcosta00/dev/SmartQuotation/backend/.venv/lib/python3.13/site-packages/django/db/backends/base/base.py", line 320, in cursor
    return self._cursor()
           ~~~~~~~~~~~~^^
  File "/home/rcosta00/dev/SmartQuotation/backend/.venv/lib/python3.13/site-packages/django_tenants/postgresql_backend/base.py", line 144, in _cursor
    cursor = super()._cursor()
  File "/home/rcosta00/dev/SmartQuotation/backend/.venv/lib/python3.13/site-packages/django/db/backends/base/base.py", line 297, in _cursor
    with self.wrap_database_errors:
         ^^^^^^^^^^^^^^^^^^^^^^^^^
  File "/home/rcosta00/dev/SmartQuotation/backend/.venv/lib/python3.13/site-packages/django/db/utils.py", line 91, in __exit__
    raise dj_exc_value.with_traceback(traceback) from exc_value
  File "/home/rcosta00/dev/SmartQuotation/backend/.venv/lib/python3.13/site-packages/django/db/backends/base/base.py", line 298, in _cursor
    return self._prepare_cursor(self.create_cursor(name))
                                ~~~~~~~~~~~~~~~~~~^^^^^^
  File "/home/rcosta00/dev/SmartQuotation/backend/.venv/lib/python3.13/site-packages/django/utils/asyncio.py", line 26, in inner
    return func(*args, **kwargs)
  File "/home/rcosta00/dev/SmartQuotation/backend/.venv/lib/python3.13/site-packages/django/db/backends/postgresql/base.py", line 429, in create_cursor
    cursor = self.connection.cursor()
django.db.utils.InterfaceError: connection already closed

======================================================================
ERROR: setUpClass (apps.integrations.bling.tests.BlingExportLogTests)
----------------------------------------------------------------------
Traceback (most recent call last):
  File "/home/rcosta00/dev/SmartQuotation/backend/.venv/lib/python3.13/site-packages/django/db/backends/base/base.py", line 298, in _cursor
    return self._prepare_cursor(self.create_cursor(name))
                                ~~~~~~~~~~~~~~~~~~^^^^^^
  File "/home/rcosta00/dev/SmartQuotation/backend/.venv/lib/python3.13/site-packages/django/utils/asyncio.py", line 26, in inner
    return func(*args, **kwargs)
  File "/home/rcosta00/dev/SmartQuotation/backend/.venv/lib/python3.13/site-packages/django/db/backends/postgresql/base.py", line 429, in create_cursor
    cursor = self.connection.cursor()
psycopg2.InterfaceError: connection already closed

The above exception was the direct cause of the following exception:

Traceback (most recent call last):
  File "/home/rcosta00/dev/SmartQuotation/backend/.venv/lib/python3.13/site-packages/django_tenants/test/cases.py", line 34, in setUpClass
    cls.sync_shared()
    ~~~~~~~~~~~~~~~^^
  File "/home/rcosta00/dev/SmartQuotation/backend/.venv/lib/python3.13/site-packages/django_tenants/test/cases.py", line 76, in sync_shared
    call_command('migrate_schemas',
    ~~~~~~~~~~~~^^^^^^^^^^^^^^^^^^^
                 schema_name=get_public_schema_name(),
                 ^^^^^^^^^^^^^^^^^^^^^^^^^^^^^^^^^^^^^
                 interactive=False,
                 ^^^^^^^^^^^^^^^^^^
                 verbosity=0)
                 ^^^^^^^^^^^^
  File "/home/rcosta00/dev/SmartQuotation/backend/.venv/lib/python3.13/site-packages/django/core/management/__init__.py", line 194, in call_command
    return command.execute(*args, **defaults)
           ~~~~~~~~~~~~~~~^^^^^^^^^^^^^^^^^^^
  File "/home/rcosta00/dev/SmartQuotation/backend/.venv/lib/python3.13/site-packages/django/core/management/base.py", line 460, in execute
    output = self.handle(*args, **options)
  File "/home/rcosta00/dev/SmartQuotation/backend/.venv/lib/python3.13/site-packages/django_tenants/management/commands/migrate_schemas.py", line 66, in handle
    executor.run_migrations(tenants=[self.PUBLIC_SCHEMA_NAME])
    ~~~~~~~~~~~~~~~~~~~~~~~^^^^^^^^^^^^^^^^^^^^^^^^^^^^^^^^^^^
  File "/home/rcosta00/dev/SmartQuotation/backend/.venv/lib/python3.13/site-packages/django_tenants/migration_executors/standard.py", line 11, in run_migrations
    run_migrations(self.args, self.options, self.codename, self.PUBLIC_SCHEMA_NAME)
    ~~~~~~~~~~~~~~^^^^^^^^^^^^^^^^^^^^^^^^^^^^^^^^^^^^^^^^^^^^^^^^^^^^^^^^^^^^^^^^^
  File "/home/rcosta00/dev/SmartQuotation/backend/.venv/lib/python3.13/site-packages/django_tenants/migration_executors/base.py", line 51, in run_migrations
    migration_recorder.ensure_schema()
    ~~~~~~~~~~~~~~~~~~~~~~~~~~~~~~~~^^
  File "/home/rcosta00/dev/SmartQuotation/backend/.venv/lib/python3.13/site-packages/django/db/migrations/recorder.py", line 73, in ensure_schema
    if self.has_table():
       ~~~~~~~~~~~~~~^^
  File "/home/rcosta00/dev/SmartQuotation/backend/.venv/lib/python3.13/site-packages/django/db/migrations/recorder.py", line 63, in has_table
    with self.connection.cursor() as cursor:
         ~~~~~~~~~~~~~~~~~~~~~~^^
  File "/home/rcosta00/dev/SmartQuotation/backend/.venv/lib/python3.13/site-packages/django/utils/asyncio.py", line 26, in inner
    return func(*args, **kwargs)
  File "/home/rcosta00/dev/SmartQuotation/backend/.venv/lib/python3.13/site-packages/django/db/backends/base/base.py", line 320, in cursor
    return self._cursor()
           ~~~~~~~~~~~~^^
  File "/home/rcosta00/dev/SmartQuotation/backend/.venv/lib/python3.13/site-packages/django_tenants/postgresql_backend/base.py", line 144, in _cursor
    cursor = super()._cursor()
  File "/home/rcosta00/dev/SmartQuotation/backend/.venv/lib/python3.13/site-packages/django/db/backends/base/base.py", line 297, in _cursor
    with self.wrap_database_errors:
         ^^^^^^^^^^^^^^^^^^^^^^^^^
  File "/home/rcosta00/dev/SmartQuotation/backend/.venv/lib/python3.13/site-packages/django/db/utils.py", line 91, in __exit__
    raise dj_exc_value.with_traceback(traceback) from exc_value
  File "/home/rcosta00/dev/SmartQuotation/backend/.venv/lib/python3.13/site-packages/django/db/backends/base/base.py", line 298, in _cursor
    return self._prepare_cursor(self.create_cursor(name))
                                ~~~~~~~~~~~~~~~~~~^^^^^^
  File "/home/rcosta00/dev/SmartQuotation/backend/.venv/lib/python3.13/site-packages/django/utils/asyncio.py", line 26, in inner
    return func(*args, **kwargs)
  File "/home/rcosta00/dev/SmartQuotation/backend/.venv/lib/python3.13/site-packages/django/db/backends/postgresql/base.py", line 429, in create_cursor
    cursor = self.connection.cursor()
django.db.utils.InterfaceError: connection already closed

======================================================================
ERROR: setUpClass (apps.integrations.bling.tests.BlingExportTaskTests)
----------------------------------------------------------------------
Traceback (most recent call last):
  File "/home/rcosta00/dev/SmartQuotation/backend/.venv/lib/python3.13/site-packages/django/db/backends/base/base.py", line 298, in _cursor
    return self._prepare_cursor(self.create_cursor(name))
                                ~~~~~~~~~~~~~~~~~~^^^^^^
  File "/home/rcosta00/dev/SmartQuotation/backend/.venv/lib/python3.13/site-packages/django/utils/asyncio.py", line 26, in inner
    return func(*args, **kwargs)
  File "/home/rcosta00/dev/SmartQuotation/backend/.venv/lib/python3.13/site-packages/django/db/backends/postgresql/base.py", line 429, in create_cursor
    cursor = self.connection.cursor()
psycopg2.InterfaceError: connection already closed

The above exception was the direct cause of the following exception:

Traceback (most recent call last):
  File "/home/rcosta00/dev/SmartQuotation/backend/.venv/lib/python3.13/site-packages/django_tenants/test/cases.py", line 34, in setUpClass
    cls.sync_shared()
    ~~~~~~~~~~~~~~~^^
  File "/home/rcosta00/dev/SmartQuotation/backend/.venv/lib/python3.13/site-packages/django_tenants/test/cases.py", line 76, in sync_shared
    call_command('migrate_schemas',
    ~~~~~~~~~~~~^^^^^^^^^^^^^^^^^^^
                 schema_name=get_public_schema_name(),
                 ^^^^^^^^^^^^^^^^^^^^^^^^^^^^^^^^^^^^^
                 interactive=False,
                 ^^^^^^^^^^^^^^^^^^
                 verbosity=0)
                 ^^^^^^^^^^^^
  File "/home/rcosta00/dev/SmartQuotation/backend/.venv/lib/python3.13/site-packages/django/core/management/__init__.py", line 194, in call_command
    return command.execute(*args, **defaults)
           ~~~~~~~~~~~~~~~^^^^^^^^^^^^^^^^^^^
  File "/home/rcosta00/dev/SmartQuotation/backend/.venv/lib/python3.13/site-packages/django/core/management/base.py", line 460, in execute
    output = self.handle(*args, **options)
  File "/home/rcosta00/dev/SmartQuotation/backend/.venv/lib/python3.13/site-packages/django_tenants/management/commands/migrate_schemas.py", line 66, in handle
    executor.run_migrations(tenants=[self.PUBLIC_SCHEMA_NAME])
    ~~~~~~~~~~~~~~~~~~~~~~~^^^^^^^^^^^^^^^^^^^^^^^^^^^^^^^^^^^
  File "/home/rcosta00/dev/SmartQuotation/backend/.venv/lib/python3.13/site-packages/django_tenants/migration_executors/standard.py", line 11, in run_migrations
    run_migrations(self.args, self.options, self.codename, self.PUBLIC_SCHEMA_NAME)
    ~~~~~~~~~~~~~~^^^^^^^^^^^^^^^^^^^^^^^^^^^^^^^^^^^^^^^^^^^^^^^^^^^^^^^^^^^^^^^^^
  File "/home/rcosta00/dev/SmartQuotation/backend/.venv/lib/python3.13/site-packages/django_tenants/migration_executors/base.py", line 51, in run_migrations
    migration_recorder.ensure_schema()
    ~~~~~~~~~~~~~~~~~~~~~~~~~~~~~~~~^^
  File "/home/rcosta00/dev/SmartQuotation/backend/.venv/lib/python3.13/site-packages/django/db/migrations/recorder.py", line 73, in ensure_schema
    if self.has_table():
       ~~~~~~~~~~~~~~^^
  File "/home/rcosta00/dev/SmartQuotation/backend/.venv/lib/python3.13/site-packages/django/db/migrations/recorder.py", line 63, in has_table
    with self.connection.cursor() as cursor:
         ~~~~~~~~~~~~~~~~~~~~~~^^
  File "/home/rcosta00/dev/SmartQuotation/backend/.venv/lib/python3.13/site-packages/django/utils/asyncio.py", line 26, in inner
    return func(*args, **kwargs)
  File "/home/rcosta00/dev/SmartQuotation/backend/.venv/lib/python3.13/site-packages/django/db/backends/base/base.py", line 320, in cursor
    return self._cursor()
           ~~~~~~~~~~~~^^
  File "/home/rcosta00/dev/SmartQuotation/backend/.venv/lib/python3.13/site-packages/django_tenants/postgresql_backend/base.py", line 144, in _cursor
    cursor = super()._cursor()
  File "/home/rcosta00/dev/SmartQuotation/backend/.venv/lib/python3.13/site-packages/django/db/backends/base/base.py", line 297, in _cursor
    with self.wrap_database_errors:
         ^^^^^^^^^^^^^^^^^^^^^^^^^
  File "/home/rcosta00/dev/SmartQuotation/backend/.venv/lib/python3.13/site-packages/django/db/utils.py", line 91, in __exit__
    raise dj_exc_value.with_traceback(traceback) from exc_value
  File "/home/rcosta00/dev/SmartQuotation/backend/.venv/lib/python3.13/site-packages/django/db/backends/base/base.py", line 298, in _cursor
    return self._prepare_cursor(self.create_cursor(name))
                                ~~~~~~~~~~~~~~~~~~^^^^^^
  File "/home/rcosta00/dev/SmartQuotation/backend/.venv/lib/python3.13/site-packages/django/utils/asyncio.py", line 26, in inner
    return func(*args, **kwargs)
  File "/home/rcosta00/dev/SmartQuotation/backend/.venv/lib/python3.13/site-packages/django/db/backends/postgresql/base.py", line 429, in create_cursor
    cursor = self.connection.cursor()
django.db.utils.InterfaceError: connection already closed

======================================================================
ERROR: setUpClass (apps.integrations.bling.tests.BlingFakeClientTests)
----------------------------------------------------------------------
Traceback (most recent call last):
  File "/home/rcosta00/dev/SmartQuotation/backend/.venv/lib/python3.13/site-packages/django/db/backends/base/base.py", line 298, in _cursor
    return self._prepare_cursor(self.create_cursor(name))
                                ~~~~~~~~~~~~~~~~~~^^^^^^
  File "/home/rcosta00/dev/SmartQuotation/backend/.venv/lib/python3.13/site-packages/django/utils/asyncio.py", line 26, in inner
    return func(*args, **kwargs)
  File "/home/rcosta00/dev/SmartQuotation/backend/.venv/lib/python3.13/site-packages/django/db/backends/postgresql/base.py", line 429, in create_cursor
    cursor = self.connection.cursor()
psycopg2.InterfaceError: connection already closed

The above exception was the direct cause of the following exception:

Traceback (most recent call last):
  File "/home/rcosta00/dev/SmartQuotation/backend/.venv/lib/python3.13/site-packages/django_tenants/test/cases.py", line 34, in setUpClass
    cls.sync_shared()
    ~~~~~~~~~~~~~~~^^
  File "/home/rcosta00/dev/SmartQuotation/backend/.venv/lib/python3.13/site-packages/django_tenants/test/cases.py", line 76, in sync_shared
    call_command('migrate_schemas',
    ~~~~~~~~~~~~^^^^^^^^^^^^^^^^^^^
                 schema_name=get_public_schema_name(),
                 ^^^^^^^^^^^^^^^^^^^^^^^^^^^^^^^^^^^^^
                 interactive=False,
                 ^^^^^^^^^^^^^^^^^^
                 verbosity=0)
                 ^^^^^^^^^^^^
  File "/home/rcosta00/dev/SmartQuotation/backend/.venv/lib/python3.13/site-packages/django/core/management/__init__.py", line 194, in call_command
    return command.execute(*args, **defaults)
           ~~~~~~~~~~~~~~~^^^^^^^^^^^^^^^^^^^
  File "/home/rcosta00/dev/SmartQuotation/backend/.venv/lib/python3.13/site-packages/django/core/management/base.py", line 460, in execute
    output = self.handle(*args, **options)
  File "/home/rcosta00/dev/SmartQuotation/backend/.venv/lib/python3.13/site-packages/django_tenants/management/commands/migrate_schemas.py", line 66, in handle
    executor.run_migrations(tenants=[self.PUBLIC_SCHEMA_NAME])
    ~~~~~~~~~~~~~~~~~~~~~~~^^^^^^^^^^^^^^^^^^^^^^^^^^^^^^^^^^^
  File "/home/rcosta00/dev/SmartQuotation/backend/.venv/lib/python3.13/site-packages/django_tenants/migration_executors/standard.py", line 11, in run_migrations
    run_migrations(self.args, self.options, self.codename, self.PUBLIC_SCHEMA_NAME)
    ~~~~~~~~~~~~~~^^^^^^^^^^^^^^^^^^^^^^^^^^^^^^^^^^^^^^^^^^^^^^^^^^^^^^^^^^^^^^^^^
  File "/home/rcosta00/dev/SmartQuotation/backend/.venv/lib/python3.13/site-packages/django_tenants/migration_executors/base.py", line 51, in run_migrations
    migration_recorder.ensure_schema()
    ~~~~~~~~~~~~~~~~~~~~~~~~~~~~~~~~^^
  File "/home/rcosta00/dev/SmartQuotation/backend/.venv/lib/python3.13/site-packages/django/db/migrations/recorder.py", line 73, in ensure_schema
    if self.has_table():
       ~~~~~~~~~~~~~~^^
  File "/home/rcosta00/dev/SmartQuotation/backend/.venv/lib/python3.13/site-packages/django/db/migrations/recorder.py", line 63, in has_table
    with self.connection.cursor() as cursor:
         ~~~~~~~~~~~~~~~~~~~~~~^^
  File "/home/rcosta00/dev/SmartQuotation/backend/.venv/lib/python3.13/site-packages/django/utils/asyncio.py", line 26, in inner
    return func(*args, **kwargs)
  File "/home/rcosta00/dev/SmartQuotation/backend/.venv/lib/python3.13/site-packages/django/db/backends/base/base.py", line 320, in cursor
    return self._cursor()
           ~~~~~~~~~~~~^^
  File "/home/rcosta00/dev/SmartQuotation/backend/.venv/lib/python3.13/site-packages/django_tenants/postgresql_backend/base.py", line 144, in _cursor
    cursor = super()._cursor()
  File "/home/rcosta00/dev/SmartQuotation/backend/.venv/lib/python3.13/site-packages/django/db/backends/base/base.py", line 297, in _cursor
    with self.wrap_database_errors:
         ^^^^^^^^^^^^^^^^^^^^^^^^^
  File "/home/rcosta00/dev/SmartQuotation/backend/.venv/lib/python3.13/site-packages/django/db/utils.py", line 91, in __exit__
    raise dj_exc_value.with_traceback(traceback) from exc_value
  File "/home/rcosta00/dev/SmartQuotation/backend/.venv/lib/python3.13/site-packages/django/db/backends/base/base.py", line 298, in _cursor
    return self._prepare_cursor(self.create_cursor(name))
                                ~~~~~~~~~~~~~~~~~~^^^^^^
  File "/home/rcosta00/dev/SmartQuotation/backend/.venv/lib/python3.13/site-packages/django/utils/asyncio.py", line 26, in inner
    return func(*args, **kwargs)
  File "/home/rcosta00/dev/SmartQuotation/backend/.venv/lib/python3.13/site-packages/django/db/backends/postgresql/base.py", line 429, in create_cursor
    cursor = self.connection.cursor()
django.db.utils.InterfaceError: connection already closed

======================================================================
ERROR: setUpClass (apps.integrations.bling.tests.BlingHealthCheckAdminTests)
----------------------------------------------------------------------
Traceback (most recent call last):
  File "/home/rcosta00/dev/SmartQuotation/backend/.venv/lib/python3.13/site-packages/django/db/backends/base/base.py", line 298, in _cursor
    return self._prepare_cursor(self.create_cursor(name))
                                ~~~~~~~~~~~~~~~~~~^^^^^^
  File "/home/rcosta00/dev/SmartQuotation/backend/.venv/lib/python3.13/site-packages/django/utils/asyncio.py", line 26, in inner
    return func(*args, **kwargs)
  File "/home/rcosta00/dev/SmartQuotation/backend/.venv/lib/python3.13/site-packages/django/db/backends/postgresql/base.py", line 429, in create_cursor
    cursor = self.connection.cursor()
psycopg2.InterfaceError: connection already closed

The above exception was the direct cause of the following exception:

Traceback (most recent call last):
  File "/home/rcosta00/dev/SmartQuotation/backend/.venv/lib/python3.13/site-packages/django_tenants/test/cases.py", line 34, in setUpClass
    cls.sync_shared()
    ~~~~~~~~~~~~~~~^^
  File "/home/rcosta00/dev/SmartQuotation/backend/.venv/lib/python3.13/site-packages/django_tenants/test/cases.py", line 76, in sync_shared
    call_command('migrate_schemas',
    ~~~~~~~~~~~~^^^^^^^^^^^^^^^^^^^
                 schema_name=get_public_schema_name(),
                 ^^^^^^^^^^^^^^^^^^^^^^^^^^^^^^^^^^^^^
                 interactive=False,
                 ^^^^^^^^^^^^^^^^^^
                 verbosity=0)
                 ^^^^^^^^^^^^
  File "/home/rcosta00/dev/SmartQuotation/backend/.venv/lib/python3.13/site-packages/django/core/management/__init__.py", line 194, in call_command
    return command.execute(*args, **defaults)
           ~~~~~~~~~~~~~~~^^^^^^^^^^^^^^^^^^^
  File "/home/rcosta00/dev/SmartQuotation/backend/.venv/lib/python3.13/site-packages/django/core/management/base.py", line 460, in execute
    output = self.handle(*args, **options)
  File "/home/rcosta00/dev/SmartQuotation/backend/.venv/lib/python3.13/site-packages/django_tenants/management/commands/migrate_schemas.py", line 66, in handle
    executor.run_migrations(tenants=[self.PUBLIC_SCHEMA_NAME])
    ~~~~~~~~~~~~~~~~~~~~~~~^^^^^^^^^^^^^^^^^^^^^^^^^^^^^^^^^^^
  File "/home/rcosta00/dev/SmartQuotation/backend/.venv/lib/python3.13/site-packages/django_tenants/migration_executors/standard.py", line 11, in run_migrations
    run_migrations(self.args, self.options, self.codename, self.PUBLIC_SCHEMA_NAME)
    ~~~~~~~~~~~~~~^^^^^^^^^^^^^^^^^^^^^^^^^^^^^^^^^^^^^^^^^^^^^^^^^^^^^^^^^^^^^^^^^
  File "/home/rcosta00/dev/SmartQuotation/backend/.venv/lib/python3.13/site-packages/django_tenants/migration_executors/base.py", line 51, in run_migrations
    migration_recorder.ensure_schema()
    ~~~~~~~~~~~~~~~~~~~~~~~~~~~~~~~~^^
  File "/home/rcosta00/dev/SmartQuotation/backend/.venv/lib/python3.13/site-packages/django/db/migrations/recorder.py", line 73, in ensure_schema
    if self.has_table():
       ~~~~~~~~~~~~~~^^
  File "/home/rcosta00/dev/SmartQuotation/backend/.venv/lib/python3.13/site-packages/django/db/migrations/recorder.py", line 63, in has_table
    with self.connection.cursor() as cursor:
         ~~~~~~~~~~~~~~~~~~~~~~^^
  File "/home/rcosta00/dev/SmartQuotation/backend/.venv/lib/python3.13/site-packages/django/utils/asyncio.py", line 26, in inner
    return func(*args, **kwargs)
  File "/home/rcosta00/dev/SmartQuotation/backend/.venv/lib/python3.13/site-packages/django/db/backends/base/base.py", line 320, in cursor
    return self._cursor()
           ~~~~~~~~~~~~^^
  File "/home/rcosta00/dev/SmartQuotation/backend/.venv/lib/python3.13/site-packages/django_tenants/postgresql_backend/base.py", line 144, in _cursor
    cursor = super()._cursor()
  File "/home/rcosta00/dev/SmartQuotation/backend/.venv/lib/python3.13/site-packages/django/db/backends/base/base.py", line 297, in _cursor
    with self.wrap_database_errors:
         ^^^^^^^^^^^^^^^^^^^^^^^^^
  File "/home/rcosta00/dev/SmartQuotation/backend/.venv/lib/python3.13/site-packages/django/db/utils.py", line 91, in __exit__
    raise dj_exc_value.with_traceback(traceback) from exc_value
  File "/home/rcosta00/dev/SmartQuotation/backend/.venv/lib/python3.13/site-packages/django/db/backends/base/base.py", line 298, in _cursor
    return self._prepare_cursor(self.create_cursor(name))
                                ~~~~~~~~~~~~~~~~~~^^^^^^
  File "/home/rcosta00/dev/SmartQuotation/backend/.venv/lib/python3.13/site-packages/django/utils/asyncio.py", line 26, in inner
    return func(*args, **kwargs)
  File "/home/rcosta00/dev/SmartQuotation/backend/.venv/lib/python3.13/site-packages/django/db/backends/postgresql/base.py", line 429, in create_cursor
    cursor = self.connection.cursor()
django.db.utils.InterfaceError: connection already closed

======================================================================
ERROR: setUpClass (apps.integrations.bling.tests.BlingIdempotencyTests)
----------------------------------------------------------------------
Traceback (most recent call last):
  File "/home/rcosta00/dev/SmartQuotation/backend/.venv/lib/python3.13/site-packages/django/db/backends/base/base.py", line 298, in _cursor
    return self._prepare_cursor(self.create_cursor(name))
                                ~~~~~~~~~~~~~~~~~~^^^^^^
  File "/home/rcosta00/dev/SmartQuotation/backend/.venv/lib/python3.13/site-packages/django/utils/asyncio.py", line 26, in inner
    return func(*args, **kwargs)
  File "/home/rcosta00/dev/SmartQuotation/backend/.venv/lib/python3.13/site-packages/django/db/backends/postgresql/base.py", line 429, in create_cursor
    cursor = self.connection.cursor()
psycopg2.InterfaceError: connection already closed

The above exception was the direct cause of the following exception:

Traceback (most recent call last):
  File "/home/rcosta00/dev/SmartQuotation/backend/.venv/lib/python3.13/site-packages/django_tenants/test/cases.py", line 34, in setUpClass
    cls.sync_shared()
    ~~~~~~~~~~~~~~~^^
  File "/home/rcosta00/dev/SmartQuotation/backend/.venv/lib/python3.13/site-packages/django_tenants/test/cases.py", line 76, in sync_shared
    call_command('migrate_schemas',
    ~~~~~~~~~~~~^^^^^^^^^^^^^^^^^^^
                 schema_name=get_public_schema_name(),
                 ^^^^^^^^^^^^^^^^^^^^^^^^^^^^^^^^^^^^^
                 interactive=False,
                 ^^^^^^^^^^^^^^^^^^
                 verbosity=0)
                 ^^^^^^^^^^^^
  File "/home/rcosta00/dev/SmartQuotation/backend/.venv/lib/python3.13/site-packages/django/core/management/__init__.py", line 194, in call_command
    return command.execute(*args, **defaults)
           ~~~~~~~~~~~~~~~^^^^^^^^^^^^^^^^^^^
  File "/home/rcosta00/dev/SmartQuotation/backend/.venv/lib/python3.13/site-packages/django/core/management/base.py", line 460, in execute
    output = self.handle(*args, **options)
  File "/home/rcosta00/dev/SmartQuotation/backend/.venv/lib/python3.13/site-packages/django_tenants/management/commands/migrate_schemas.py", line 66, in handle
    executor.run_migrations(tenants=[self.PUBLIC_SCHEMA_NAME])
    ~~~~~~~~~~~~~~~~~~~~~~~^^^^^^^^^^^^^^^^^^^^^^^^^^^^^^^^^^^
  File "/home/rcosta00/dev/SmartQuotation/backend/.venv/lib/python3.13/site-packages/django_tenants/migration_executors/standard.py", line 11, in run_migrations
    run_migrations(self.args, self.options, self.codename, self.PUBLIC_SCHEMA_NAME)
    ~~~~~~~~~~~~~~^^^^^^^^^^^^^^^^^^^^^^^^^^^^^^^^^^^^^^^^^^^^^^^^^^^^^^^^^^^^^^^^^
  File "/home/rcosta00/dev/SmartQuotation/backend/.venv/lib/python3.13/site-packages/django_tenants/migration_executors/base.py", line 51, in run_migrations
    migration_recorder.ensure_schema()
    ~~~~~~~~~~~~~~~~~~~~~~~~~~~~~~~~^^
  File "/home/rcosta00/dev/SmartQuotation/backend/.venv/lib/python3.13/site-packages/django/db/migrations/recorder.py", line 73, in ensure_schema
    if self.has_table():
       ~~~~~~~~~~~~~~^^
  File "/home/rcosta00/dev/SmartQuotation/backend/.venv/lib/python3.13/site-packages/django/db/migrations/recorder.py", line 63, in has_table
    with self.connection.cursor() as cursor:
         ~~~~~~~~~~~~~~~~~~~~~~^^
  File "/home/rcosta00/dev/SmartQuotation/backend/.venv/lib/python3.13/site-packages/django/utils/asyncio.py", line 26, in inner
    return func(*args, **kwargs)
  File "/home/rcosta00/dev/SmartQuotation/backend/.venv/lib/python3.13/site-packages/django/db/backends/base/base.py", line 320, in cursor
    return self._cursor()
           ~~~~~~~~~~~~^^
  File "/home/rcosta00/dev/SmartQuotation/backend/.venv/lib/python3.13/site-packages/django_tenants/postgresql_backend/base.py", line 144, in _cursor
    cursor = super()._cursor()
  File "/home/rcosta00/dev/SmartQuotation/backend/.venv/lib/python3.13/site-packages/django/db/backends/base/base.py", line 297, in _cursor
    with self.wrap_database_errors:
         ^^^^^^^^^^^^^^^^^^^^^^^^^
  File "/home/rcosta00/dev/SmartQuotation/backend/.venv/lib/python3.13/site-packages/django/db/utils.py", line 91, in __exit__
    raise dj_exc_value.with_traceback(traceback) from exc_value
  File "/home/rcosta00/dev/SmartQuotation/backend/.venv/lib/python3.13/site-packages/django/db/backends/base/base.py", line 298, in _cursor
    return self._prepare_cursor(self.create_cursor(name))
                                ~~~~~~~~~~~~~~~~~~^^^^^^
  File "/home/rcosta00/dev/SmartQuotation/backend/.venv/lib/python3.13/site-packages/django/utils/asyncio.py", line 26, in inner
    return func(*args, **kwargs)
  File "/home/rcosta00/dev/SmartQuotation/backend/.venv/lib/python3.13/site-packages/django/db/backends/postgresql/base.py", line 429, in create_cursor
    cursor = self.connection.cursor()
django.db.utils.InterfaceError: connection already closed

======================================================================
ERROR: setUpClass (apps.integrations.bling.tests.BlingInitModuleTests)
----------------------------------------------------------------------
Traceback (most recent call last):
  File "/home/rcosta00/dev/SmartQuotation/backend/.venv/lib/python3.13/site-packages/django/db/backends/base/base.py", line 298, in _cursor
    return self._prepare_cursor(self.create_cursor(name))
                                ~~~~~~~~~~~~~~~~~~^^^^^^
  File "/home/rcosta00/dev/SmartQuotation/backend/.venv/lib/python3.13/site-packages/django/utils/asyncio.py", line 26, in inner
    return func(*args, **kwargs)
  File "/home/rcosta00/dev/SmartQuotation/backend/.venv/lib/python3.13/site-packages/django/db/backends/postgresql/base.py", line 429, in create_cursor
    cursor = self.connection.cursor()
psycopg2.InterfaceError: connection already closed

The above exception was the direct cause of the following exception:

Traceback (most recent call last):
  File "/home/rcosta00/dev/SmartQuotation/backend/.venv/lib/python3.13/site-packages/django_tenants/test/cases.py", line 34, in setUpClass
    cls.sync_shared()
    ~~~~~~~~~~~~~~~^^
  File "/home/rcosta00/dev/SmartQuotation/backend/.venv/lib/python3.13/site-packages/django_tenants/test/cases.py", line 76, in sync_shared
    call_command('migrate_schemas',
    ~~~~~~~~~~~~^^^^^^^^^^^^^^^^^^^
                 schema_name=get_public_schema_name(),
                 ^^^^^^^^^^^^^^^^^^^^^^^^^^^^^^^^^^^^^
                 interactive=False,
                 ^^^^^^^^^^^^^^^^^^
                 verbosity=0)
                 ^^^^^^^^^^^^
  File "/home/rcosta00/dev/SmartQuotation/backend/.venv/lib/python3.13/site-packages/django/core/management/__init__.py", line 194, in call_command
    return command.execute(*args, **defaults)
           ~~~~~~~~~~~~~~~^^^^^^^^^^^^^^^^^^^
  File "/home/rcosta00/dev/SmartQuotation/backend/.venv/lib/python3.13/site-packages/django/core/management/base.py", line 460, in execute
    output = self.handle(*args, **options)
  File "/home/rcosta00/dev/SmartQuotation/backend/.venv/lib/python3.13/site-packages/django_tenants/management/commands/migrate_schemas.py", line 66, in handle
    executor.run_migrations(tenants=[self.PUBLIC_SCHEMA_NAME])
    ~~~~~~~~~~~~~~~~~~~~~~~^^^^^^^^^^^^^^^^^^^^^^^^^^^^^^^^^^^
  File "/home/rcosta00/dev/SmartQuotation/backend/.venv/lib/python3.13/site-packages/django_tenants/migration_executors/standard.py", line 11, in run_migrations
    run_migrations(self.args, self.options, self.codename, self.PUBLIC_SCHEMA_NAME)
    ~~~~~~~~~~~~~~^^^^^^^^^^^^^^^^^^^^^^^^^^^^^^^^^^^^^^^^^^^^^^^^^^^^^^^^^^^^^^^^^
  File "/home/rcosta00/dev/SmartQuotation/backend/.venv/lib/python3.13/site-packages/django_tenants/migration_executors/base.py", line 51, in run_migrations
    migration_recorder.ensure_schema()
    ~~~~~~~~~~~~~~~~~~~~~~~~~~~~~~~~^^
  File "/home/rcosta00/dev/SmartQuotation/backend/.venv/lib/python3.13/site-packages/django/db/migrations/recorder.py", line 73, in ensure_schema
    if self.has_table():
       ~~~~~~~~~~~~~~^^
  File "/home/rcosta00/dev/SmartQuotation/backend/.venv/lib/python3.13/site-packages/django/db/migrations/recorder.py", line 63, in has_table
    with self.connection.cursor() as cursor:
         ~~~~~~~~~~~~~~~~~~~~~~^^
  File "/home/rcosta00/dev/SmartQuotation/backend/.venv/lib/python3.13/site-packages/django/utils/asyncio.py", line 26, in inner
    return func(*args, **kwargs)
  File "/home/rcosta00/dev/SmartQuotation/backend/.venv/lib/python3.13/site-packages/django/db/backends/base/base.py", line 320, in cursor
    return self._cursor()
           ~~~~~~~~~~~~^^
  File "/home/rcosta00/dev/SmartQuotation/backend/.venv/lib/python3.13/site-packages/django_tenants/postgresql_backend/base.py", line 144, in _cursor
    cursor = super()._cursor()
  File "/home/rcosta00/dev/SmartQuotation/backend/.venv/lib/python3.13/site-packages/django/db/backends/base/base.py", line 297, in _cursor
    with self.wrap_database_errors:
         ^^^^^^^^^^^^^^^^^^^^^^^^^
  File "/home/rcosta00/dev/SmartQuotation/backend/.venv/lib/python3.13/site-packages/django/db/utils.py", line 91, in __exit__
    raise dj_exc_value.with_traceback(traceback) from exc_value
  File "/home/rcosta00/dev/SmartQuotation/backend/.venv/lib/python3.13/site-packages/django/db/backends/base/base.py", line 298, in _cursor
    return self._prepare_cursor(self.create_cursor(name))
                                ~~~~~~~~~~~~~~~~~~^^^^^^
  File "/home/rcosta00/dev/SmartQuotation/backend/.venv/lib/python3.13/site-packages/django/utils/asyncio.py", line 26, in inner
    return func(*args, **kwargs)
  File "/home/rcosta00/dev/SmartQuotation/backend/.venv/lib/python3.13/site-packages/django/db/backends/postgresql/base.py", line 429, in create_cursor
    cursor = self.connection.cursor()
django.db.utils.InterfaceError: connection already closed

======================================================================
ERROR: setUpClass (apps.integrations.bling.tests.BlingIntegrationConfigTests)
----------------------------------------------------------------------
Traceback (most recent call last):
  File "/home/rcosta00/dev/SmartQuotation/backend/.venv/lib/python3.13/site-packages/django/db/backends/base/base.py", line 298, in _cursor
    return self._prepare_cursor(self.create_cursor(name))
                                ~~~~~~~~~~~~~~~~~~^^^^^^
  File "/home/rcosta00/dev/SmartQuotation/backend/.venv/lib/python3.13/site-packages/django/utils/asyncio.py", line 26, in inner
    return func(*args, **kwargs)
  File "/home/rcosta00/dev/SmartQuotation/backend/.venv/lib/python3.13/site-packages/django/db/backends/postgresql/base.py", line 429, in create_cursor
    cursor = self.connection.cursor()
psycopg2.InterfaceError: connection already closed

The above exception was the direct cause of the following exception:

Traceback (most recent call last):
  File "/home/rcosta00/dev/SmartQuotation/backend/.venv/lib/python3.13/site-packages/django_tenants/test/cases.py", line 34, in setUpClass
    cls.sync_shared()
    ~~~~~~~~~~~~~~~^^
  File "/home/rcosta00/dev/SmartQuotation/backend/.venv/lib/python3.13/site-packages/django_tenants/test/cases.py", line 76, in sync_shared
    call_command('migrate_schemas',
    ~~~~~~~~~~~~^^^^^^^^^^^^^^^^^^^
                 schema_name=get_public_schema_name(),
                 ^^^^^^^^^^^^^^^^^^^^^^^^^^^^^^^^^^^^^
                 interactive=False,
                 ^^^^^^^^^^^^^^^^^^
                 verbosity=0)
                 ^^^^^^^^^^^^
  File "/home/rcosta00/dev/SmartQuotation/backend/.venv/lib/python3.13/site-packages/django/core/management/__init__.py", line 194, in call_command
    return command.execute(*args, **defaults)
           ~~~~~~~~~~~~~~~^^^^^^^^^^^^^^^^^^^
  File "/home/rcosta00/dev/SmartQuotation/backend/.venv/lib/python3.13/site-packages/django/core/management/base.py", line 460, in execute
    output = self.handle(*args, **options)
  File "/home/rcosta00/dev/SmartQuotation/backend/.venv/lib/python3.13/site-packages/django_tenants/management/commands/migrate_schemas.py", line 66, in handle
    executor.run_migrations(tenants=[self.PUBLIC_SCHEMA_NAME])
    ~~~~~~~~~~~~~~~~~~~~~~~^^^^^^^^^^^^^^^^^^^^^^^^^^^^^^^^^^^
  File "/home/rcosta00/dev/SmartQuotation/backend/.venv/lib/python3.13/site-packages/django_tenants/migration_executors/standard.py", line 11, in run_migrations
    run_migrations(self.args, self.options, self.codename, self.PUBLIC_SCHEMA_NAME)
    ~~~~~~~~~~~~~~^^^^^^^^^^^^^^^^^^^^^^^^^^^^^^^^^^^^^^^^^^^^^^^^^^^^^^^^^^^^^^^^^
  File "/home/rcosta00/dev/SmartQuotation/backend/.venv/lib/python3.13/site-packages/django_tenants/migration_executors/base.py", line 51, in run_migrations
    migration_recorder.ensure_schema()
    ~~~~~~~~~~~~~~~~~~~~~~~~~~~~~~~~^^
  File "/home/rcosta00/dev/SmartQuotation/backend/.venv/lib/python3.13/site-packages/django/db/migrations/recorder.py", line 73, in ensure_schema
    if self.has_table():
       ~~~~~~~~~~~~~~^^
  File "/home/rcosta00/dev/SmartQuotation/backend/.venv/lib/python3.13/site-packages/django/db/migrations/recorder.py", line 63, in has_table
    with self.connection.cursor() as cursor:
         ~~~~~~~~~~~~~~~~~~~~~~^^
  File "/home/rcosta00/dev/SmartQuotation/backend/.venv/lib/python3.13/site-packages/django/utils/asyncio.py", line 26, in inner
    return func(*args, **kwargs)
  File "/home/rcosta00/dev/SmartQuotation/backend/.venv/lib/python3.13/site-packages/django/db/backends/base/base.py", line 320, in cursor
    return self._cursor()
           ~~~~~~~~~~~~^^
  File "/home/rcosta00/dev/SmartQuotation/backend/.venv/lib/python3.13/site-packages/django_tenants/postgresql_backend/base.py", line 144, in _cursor
    cursor = super()._cursor()
  File "/home/rcosta00/dev/SmartQuotation/backend/.venv/lib/python3.13/site-packages/django/db/backends/base/base.py", line 297, in _cursor
    with self.wrap_database_errors:
         ^^^^^^^^^^^^^^^^^^^^^^^^^
  File "/home/rcosta00/dev/SmartQuotation/backend/.venv/lib/python3.13/site-packages/django/db/utils.py", line 91, in __exit__
    raise dj_exc_value.with_traceback(traceback) from exc_value
  File "/home/rcosta00/dev/SmartQuotation/backend/.venv/lib/python3.13/site-packages/django/db/backends/base/base.py", line 298, in _cursor
    return self._prepare_cursor(self.create_cursor(name))
                                ~~~~~~~~~~~~~~~~~~^^^^^^
  File "/home/rcosta00/dev/SmartQuotation/backend/.venv/lib/python3.13/site-packages/django/utils/asyncio.py", line 26, in inner
    return func(*args, **kwargs)
  File "/home/rcosta00/dev/SmartQuotation/backend/.venv/lib/python3.13/site-packages/django/db/backends/postgresql/base.py", line 429, in create_cursor
    cursor = self.connection.cursor()
django.db.utils.InterfaceError: connection already closed

======================================================================
ERROR: setUpClass (apps.integrations.nomus.tests.NomusE2EAcceptanceTests)
----------------------------------------------------------------------
Traceback (most recent call last):
  File "/home/rcosta00/dev/SmartQuotation/backend/.venv/lib/python3.13/site-packages/django/db/backends/base/base.py", line 298, in _cursor
    return self._prepare_cursor(self.create_cursor(name))
                                ~~~~~~~~~~~~~~~~~~^^^^^^
  File "/home/rcosta00/dev/SmartQuotation/backend/.venv/lib/python3.13/site-packages/django/utils/asyncio.py", line 26, in inner
    return func(*args, **kwargs)
  File "/home/rcosta00/dev/SmartQuotation/backend/.venv/lib/python3.13/site-packages/django/db/backends/postgresql/base.py", line 429, in create_cursor
    cursor = self.connection.cursor()
psycopg2.InterfaceError: connection already closed

The above exception was the direct cause of the following exception:

Traceback (most recent call last):
  File "/home/rcosta00/dev/SmartQuotation/backend/.venv/lib/python3.13/site-packages/django_tenants/test/cases.py", line 34, in setUpClass
    cls.sync_shared()
    ~~~~~~~~~~~~~~~^^
  File "/home/rcosta00/dev/SmartQuotation/backend/.venv/lib/python3.13/site-packages/django_tenants/test/cases.py", line 76, in sync_shared
    call_command('migrate_schemas',
    ~~~~~~~~~~~~^^^^^^^^^^^^^^^^^^^
                 schema_name=get_public_schema_name(),
                 ^^^^^^^^^^^^^^^^^^^^^^^^^^^^^^^^^^^^^
                 interactive=False,
                 ^^^^^^^^^^^^^^^^^^
                 verbosity=0)
                 ^^^^^^^^^^^^
  File "/home/rcosta00/dev/SmartQuotation/backend/.venv/lib/python3.13/site-packages/django/core/management/__init__.py", line 194, in call_command
    return command.execute(*args, **defaults)
           ~~~~~~~~~~~~~~~^^^^^^^^^^^^^^^^^^^
  File "/home/rcosta00/dev/SmartQuotation/backend/.venv/lib/python3.13/site-packages/django/core/management/base.py", line 460, in execute
    output = self.handle(*args, **options)
  File "/home/rcosta00/dev/SmartQuotation/backend/.venv/lib/python3.13/site-packages/django_tenants/management/commands/migrate_schemas.py", line 66, in handle
    executor.run_migrations(tenants=[self.PUBLIC_SCHEMA_NAME])
    ~~~~~~~~~~~~~~~~~~~~~~~^^^^^^^^^^^^^^^^^^^^^^^^^^^^^^^^^^^
  File "/home/rcosta00/dev/SmartQuotation/backend/.venv/lib/python3.13/site-packages/django_tenants/migration_executors/standard.py", line 11, in run_migrations
    run_migrations(self.args, self.options, self.codename, self.PUBLIC_SCHEMA_NAME)
    ~~~~~~~~~~~~~~^^^^^^^^^^^^^^^^^^^^^^^^^^^^^^^^^^^^^^^^^^^^^^^^^^^^^^^^^^^^^^^^^
  File "/home/rcosta00/dev/SmartQuotation/backend/.venv/lib/python3.13/site-packages/django_tenants/migration_executors/base.py", line 51, in run_migrations
    migration_recorder.ensure_schema()
    ~~~~~~~~~~~~~~~~~~~~~~~~~~~~~~~~^^
  File "/home/rcosta00/dev/SmartQuotation/backend/.venv/lib/python3.13/site-packages/django/db/migrations/recorder.py", line 73, in ensure_schema
    if self.has_table():
       ~~~~~~~~~~~~~~^^
  File "/home/rcosta00/dev/SmartQuotation/backend/.venv/lib/python3.13/site-packages/django/db/migrations/recorder.py", line 63, in has_table
    with self.connection.cursor() as cursor:
         ~~~~~~~~~~~~~~~~~~~~~~^^
  File "/home/rcosta00/dev/SmartQuotation/backend/.venv/lib/python3.13/site-packages/django/utils/asyncio.py", line 26, in inner
    return func(*args, **kwargs)
  File "/home/rcosta00/dev/SmartQuotation/backend/.venv/lib/python3.13/site-packages/django/db/backends/base/base.py", line 320, in cursor
    return self._cursor()
           ~~~~~~~~~~~~^^
  File "/home/rcosta00/dev/SmartQuotation/backend/.venv/lib/python3.13/site-packages/django_tenants/postgresql_backend/base.py", line 144, in _cursor
    cursor = super()._cursor()
  File "/home/rcosta00/dev/SmartQuotation/backend/.venv/lib/python3.13/site-packages/django/db/backends/base/base.py", line 297, in _cursor
    with self.wrap_database_errors:
         ^^^^^^^^^^^^^^^^^^^^^^^^^
  File "/home/rcosta00/dev/SmartQuotation/backend/.venv/lib/python3.13/site-packages/django/db/utils.py", line 91, in __exit__
    raise dj_exc_value.with_traceback(traceback) from exc_value
  File "/home/rcosta00/dev/SmartQuotation/backend/.venv/lib/python3.13/site-packages/django/db/backends/base/base.py", line 298, in _cursor
    return self._prepare_cursor(self.create_cursor(name))
                                ~~~~~~~~~~~~~~~~~~^^^^^^
  File "/home/rcosta00/dev/SmartQuotation/backend/.venv/lib/python3.13/site-packages/django/utils/asyncio.py", line 26, in inner
    return func(*args, **kwargs)
  File "/home/rcosta00/dev/SmartQuotation/backend/.venv/lib/python3.13/site-packages/django/db/backends/postgresql/base.py", line 429, in create_cursor
    cursor = self.connection.cursor()
django.db.utils.InterfaceError: connection already closed

======================================================================
ERROR: setUpClass (apps.integrations.nomus.tests.NomusExportPanelViewTests)
----------------------------------------------------------------------
Traceback (most recent call last):
  File "/home/rcosta00/dev/SmartQuotation/backend/.venv/lib/python3.13/site-packages/django/db/backends/base/base.py", line 298, in _cursor
    return self._prepare_cursor(self.create_cursor(name))
                                ~~~~~~~~~~~~~~~~~~^^^^^^
  File "/home/rcosta00/dev/SmartQuotation/backend/.venv/lib/python3.13/site-packages/django/utils/asyncio.py", line 26, in inner
    return func(*args, **kwargs)
  File "/home/rcosta00/dev/SmartQuotation/backend/.venv/lib/python3.13/site-packages/django/db/backends/postgresql/base.py", line 429, in create_cursor
    cursor = self.connection.cursor()
psycopg2.InterfaceError: connection already closed

The above exception was the direct cause of the following exception:

Traceback (most recent call last):
  File "/home/rcosta00/dev/SmartQuotation/backend/.venv/lib/python3.13/site-packages/django_tenants/test/cases.py", line 34, in setUpClass
    cls.sync_shared()
    ~~~~~~~~~~~~~~~^^
  File "/home/rcosta00/dev/SmartQuotation/backend/.venv/lib/python3.13/site-packages/django_tenants/test/cases.py", line 76, in sync_shared
    call_command('migrate_schemas',
    ~~~~~~~~~~~~^^^^^^^^^^^^^^^^^^^
                 schema_name=get_public_schema_name(),
                 ^^^^^^^^^^^^^^^^^^^^^^^^^^^^^^^^^^^^^
                 interactive=False,
                 ^^^^^^^^^^^^^^^^^^
                 verbosity=0)
                 ^^^^^^^^^^^^
  File "/home/rcosta00/dev/SmartQuotation/backend/.venv/lib/python3.13/site-packages/django/core/management/__init__.py", line 194, in call_command
    return command.execute(*args, **defaults)
           ~~~~~~~~~~~~~~~^^^^^^^^^^^^^^^^^^^
  File "/home/rcosta00/dev/SmartQuotation/backend/.venv/lib/python3.13/site-packages/django/core/management/base.py", line 460, in execute
    output = self.handle(*args, **options)
  File "/home/rcosta00/dev/SmartQuotation/backend/.venv/lib/python3.13/site-packages/django_tenants/management/commands/migrate_schemas.py", line 66, in handle
    executor.run_migrations(tenants=[self.PUBLIC_SCHEMA_NAME])
    ~~~~~~~~~~~~~~~~~~~~~~~^^^^^^^^^^^^^^^^^^^^^^^^^^^^^^^^^^^
  File "/home/rcosta00/dev/SmartQuotation/backend/.venv/lib/python3.13/site-packages/django_tenants/migration_executors/standard.py", line 11, in run_migrations
    run_migrations(self.args, self.options, self.codename, self.PUBLIC_SCHEMA_NAME)
    ~~~~~~~~~~~~~~^^^^^^^^^^^^^^^^^^^^^^^^^^^^^^^^^^^^^^^^^^^^^^^^^^^^^^^^^^^^^^^^^
  File "/home/rcosta00/dev/SmartQuotation/backend/.venv/lib/python3.13/site-packages/django_tenants/migration_executors/base.py", line 51, in run_migrations
    migration_recorder.ensure_schema()
    ~~~~~~~~~~~~~~~~~~~~~~~~~~~~~~~~^^
  File "/home/rcosta00/dev/SmartQuotation/backend/.venv/lib/python3.13/site-packages/django/db/migrations/recorder.py", line 73, in ensure_schema
    if self.has_table():
       ~~~~~~~~~~~~~~^^
  File "/home/rcosta00/dev/SmartQuotation/backend/.venv/lib/python3.13/site-packages/django/db/migrations/recorder.py", line 63, in has_table
    with self.connection.cursor() as cursor:
         ~~~~~~~~~~~~~~~~~~~~~~^^
  File "/home/rcosta00/dev/SmartQuotation/backend/.venv/lib/python3.13/site-packages/django/utils/asyncio.py", line 26, in inner
    return func(*args, **kwargs)
  File "/home/rcosta00/dev/SmartQuotation/backend/.venv/lib/python3.13/site-packages/django/db/backends/base/base.py", line 320, in cursor
    return self._cursor()
           ~~~~~~~~~~~~^^
  File "/home/rcosta00/dev/SmartQuotation/backend/.venv/lib/python3.13/site-packages/django_tenants/postgresql_backend/base.py", line 144, in _cursor
    cursor = super()._cursor()
  File "/home/rcosta00/dev/SmartQuotation/backend/.venv/lib/python3.13/site-packages/django/db/backends/base/base.py", line 297, in _cursor
    with self.wrap_database_errors:
         ^^^^^^^^^^^^^^^^^^^^^^^^^
  File "/home/rcosta00/dev/SmartQuotation/backend/.venv/lib/python3.13/site-packages/django/db/utils.py", line 91, in __exit__
    raise dj_exc_value.with_traceback(traceback) from exc_value
  File "/home/rcosta00/dev/SmartQuotation/backend/.venv/lib/python3.13/site-packages/django/db/backends/base/base.py", line 298, in _cursor
    return self._prepare_cursor(self.create_cursor(name))
                                ~~~~~~~~~~~~~~~~~~^^^^^^
  File "/home/rcosta00/dev/SmartQuotation/backend/.venv/lib/python3.13/site-packages/django/utils/asyncio.py", line 26, in inner
    return func(*args, **kwargs)
  File "/home/rcosta00/dev/SmartQuotation/backend/.venv/lib/python3.13/site-packages/django/db/backends/postgresql/base.py", line 429, in create_cursor
    cursor = self.connection.cursor()
django.db.utils.InterfaceError: connection already closed

======================================================================
ERROR: setUpClass (apps.integrations.nomus.tests.NomusIntegrationModelsTests)
----------------------------------------------------------------------
Traceback (most recent call last):
  File "/home/rcosta00/dev/SmartQuotation/backend/.venv/lib/python3.13/site-packages/django/db/backends/base/base.py", line 298, in _cursor
    return self._prepare_cursor(self.create_cursor(name))
                                ~~~~~~~~~~~~~~~~~~^^^^^^
  File "/home/rcosta00/dev/SmartQuotation/backend/.venv/lib/python3.13/site-packages/django/utils/asyncio.py", line 26, in inner
    return func(*args, **kwargs)
  File "/home/rcosta00/dev/SmartQuotation/backend/.venv/lib/python3.13/site-packages/django/db/backends/postgresql/base.py", line 429, in create_cursor
    cursor = self.connection.cursor()
psycopg2.InterfaceError: connection already closed

The above exception was the direct cause of the following exception:

Traceback (most recent call last):
  File "/home/rcosta00/dev/SmartQuotation/backend/.venv/lib/python3.13/site-packages/django_tenants/test/cases.py", line 34, in setUpClass
    cls.sync_shared()
    ~~~~~~~~~~~~~~~^^
  File "/home/rcosta00/dev/SmartQuotation/backend/.venv/lib/python3.13/site-packages/django_tenants/test/cases.py", line 76, in sync_shared
    call_command('migrate_schemas',
    ~~~~~~~~~~~~^^^^^^^^^^^^^^^^^^^
                 schema_name=get_public_schema_name(),
                 ^^^^^^^^^^^^^^^^^^^^^^^^^^^^^^^^^^^^^
                 interactive=False,
                 ^^^^^^^^^^^^^^^^^^
                 verbosity=0)
                 ^^^^^^^^^^^^
  File "/home/rcosta00/dev/SmartQuotation/backend/.venv/lib/python3.13/site-packages/django/core/management/__init__.py", line 194, in call_command
    return command.execute(*args, **defaults)
           ~~~~~~~~~~~~~~~^^^^^^^^^^^^^^^^^^^
  File "/home/rcosta00/dev/SmartQuotation/backend/.venv/lib/python3.13/site-packages/django/core/management/base.py", line 460, in execute
    output = self.handle(*args, **options)
  File "/home/rcosta00/dev/SmartQuotation/backend/.venv/lib/python3.13/site-packages/django_tenants/management/commands/migrate_schemas.py", line 66, in handle
    executor.run_migrations(tenants=[self.PUBLIC_SCHEMA_NAME])
    ~~~~~~~~~~~~~~~~~~~~~~~^^^^^^^^^^^^^^^^^^^^^^^^^^^^^^^^^^^
  File "/home/rcosta00/dev/SmartQuotation/backend/.venv/lib/python3.13/site-packages/django_tenants/migration_executors/standard.py", line 11, in run_migrations
    run_migrations(self.args, self.options, self.codename, self.PUBLIC_SCHEMA_NAME)
    ~~~~~~~~~~~~~~^^^^^^^^^^^^^^^^^^^^^^^^^^^^^^^^^^^^^^^^^^^^^^^^^^^^^^^^^^^^^^^^^
  File "/home/rcosta00/dev/SmartQuotation/backend/.venv/lib/python3.13/site-packages/django_tenants/migration_executors/base.py", line 51, in run_migrations
    migration_recorder.ensure_schema()
    ~~~~~~~~~~~~~~~~~~~~~~~~~~~~~~~~^^
  File "/home/rcosta00/dev/SmartQuotation/backend/.venv/lib/python3.13/site-packages/django/db/migrations/recorder.py", line 73, in ensure_schema
    if self.has_table():
       ~~~~~~~~~~~~~~^^
  File "/home/rcosta00/dev/SmartQuotation/backend/.venv/lib/python3.13/site-packages/django/db/migrations/recorder.py", line 63, in has_table
    with self.connection.cursor() as cursor:
         ~~~~~~~~~~~~~~~~~~~~~~^^
  File "/home/rcosta00/dev/SmartQuotation/backend/.venv/lib/python3.13/site-packages/django/utils/asyncio.py", line 26, in inner
    return func(*args, **kwargs)
  File "/home/rcosta00/dev/SmartQuotation/backend/.venv/lib/python3.13/site-packages/django/db/backends/base/base.py", line 320, in cursor
    return self._cursor()
           ~~~~~~~~~~~~^^
  File "/home/rcosta00/dev/SmartQuotation/backend/.venv/lib/python3.13/site-packages/django_tenants/postgresql_backend/base.py", line 144, in _cursor
    cursor = super()._cursor()
  File "/home/rcosta00/dev/SmartQuotation/backend/.venv/lib/python3.13/site-packages/django/db/backends/base/base.py", line 297, in _cursor
    with self.wrap_database_errors:
         ^^^^^^^^^^^^^^^^^^^^^^^^^
  File "/home/rcosta00/dev/SmartQuotation/backend/.venv/lib/python3.13/site-packages/django/db/utils.py", line 91, in __exit__
    raise dj_exc_value.with_traceback(traceback) from exc_value
  File "/home/rcosta00/dev/SmartQuotation/backend/.venv/lib/python3.13/site-packages/django/db/backends/base/base.py", line 298, in _cursor
    return self._prepare_cursor(self.create_cursor(name))
                                ~~~~~~~~~~~~~~~~~~^^^^^^
  File "/home/rcosta00/dev/SmartQuotation/backend/.venv/lib/python3.13/site-packages/django/utils/asyncio.py", line 26, in inner
    return func(*args, **kwargs)
  File "/home/rcosta00/dev/SmartQuotation/backend/.venv/lib/python3.13/site-packages/django/db/backends/postgresql/base.py", line 429, in create_cursor
    cursor = self.connection.cursor()
django.db.utils.InterfaceError: connection already closed

======================================================================
ERROR: setUpClass (apps.integrations.nomus.tests.NomusServicesTests)
----------------------------------------------------------------------
Traceback (most recent call last):
  File "/home/rcosta00/dev/SmartQuotation/backend/.venv/lib/python3.13/site-packages/django/db/backends/base/base.py", line 298, in _cursor
    return self._prepare_cursor(self.create_cursor(name))
                                ~~~~~~~~~~~~~~~~~~^^^^^^
  File "/home/rcosta00/dev/SmartQuotation/backend/.venv/lib/python3.13/site-packages/django/utils/asyncio.py", line 26, in inner
    return func(*args, **kwargs)
  File "/home/rcosta00/dev/SmartQuotation/backend/.venv/lib/python3.13/site-packages/django/db/backends/postgresql/base.py", line 429, in create_cursor
    cursor = self.connection.cursor()
psycopg2.InterfaceError: connection already closed

The above exception was the direct cause of the following exception:

Traceback (most recent call last):
  File "/home/rcosta00/dev/SmartQuotation/backend/.venv/lib/python3.13/site-packages/django_tenants/test/cases.py", line 34, in setUpClass
    cls.sync_shared()
    ~~~~~~~~~~~~~~~^^
  File "/home/rcosta00/dev/SmartQuotation/backend/.venv/lib/python3.13/site-packages/django_tenants/test/cases.py", line 76, in sync_shared
    call_command('migrate_schemas',
    ~~~~~~~~~~~~^^^^^^^^^^^^^^^^^^^
                 schema_name=get_public_schema_name(),
                 ^^^^^^^^^^^^^^^^^^^^^^^^^^^^^^^^^^^^^
                 interactive=False,
                 ^^^^^^^^^^^^^^^^^^
                 verbosity=0)
                 ^^^^^^^^^^^^
  File "/home/rcosta00/dev/SmartQuotation/backend/.venv/lib/python3.13/site-packages/django/core/management/__init__.py", line 194, in call_command
    return command.execute(*args, **defaults)
           ~~~~~~~~~~~~~~~^^^^^^^^^^^^^^^^^^^
  File "/home/rcosta00/dev/SmartQuotation/backend/.venv/lib/python3.13/site-packages/django/core/management/base.py", line 460, in execute
    output = self.handle(*args, **options)
  File "/home/rcosta00/dev/SmartQuotation/backend/.venv/lib/python3.13/site-packages/django_tenants/management/commands/migrate_schemas.py", line 66, in handle
    executor.run_migrations(tenants=[self.PUBLIC_SCHEMA_NAME])
    ~~~~~~~~~~~~~~~~~~~~~~~^^^^^^^^^^^^^^^^^^^^^^^^^^^^^^^^^^^
  File "/home/rcosta00/dev/SmartQuotation/backend/.venv/lib/python3.13/site-packages/django_tenants/migration_executors/standard.py", line 11, in run_migrations
    run_migrations(self.args, self.options, self.codename, self.PUBLIC_SCHEMA_NAME)
    ~~~~~~~~~~~~~~^^^^^^^^^^^^^^^^^^^^^^^^^^^^^^^^^^^^^^^^^^^^^^^^^^^^^^^^^^^^^^^^^
  File "/home/rcosta00/dev/SmartQuotation/backend/.venv/lib/python3.13/site-packages/django_tenants/migration_executors/base.py", line 51, in run_migrations
    migration_recorder.ensure_schema()
    ~~~~~~~~~~~~~~~~~~~~~~~~~~~~~~~~^^
  File "/home/rcosta00/dev/SmartQuotation/backend/.venv/lib/python3.13/site-packages/django/db/migrations/recorder.py", line 73, in ensure_schema
    if self.has_table():
       ~~~~~~~~~~~~~~^^
  File "/home/rcosta00/dev/SmartQuotation/backend/.venv/lib/python3.13/site-packages/django/db/migrations/recorder.py", line 63, in has_table
    with self.connection.cursor() as cursor:
         ~~~~~~~~~~~~~~~~~~~~~~^^
  File "/home/rcosta00/dev/SmartQuotation/backend/.venv/lib/python3.13/site-packages/django/utils/asyncio.py", line 26, in inner
    return func(*args, **kwargs)
  File "/home/rcosta00/dev/SmartQuotation/backend/.venv/lib/python3.13/site-packages/django/db/backends/base/base.py", line 320, in cursor
    return self._cursor()
           ~~~~~~~~~~~~^^
  File "/home/rcosta00/dev/SmartQuotation/backend/.venv/lib/python3.13/site-packages/django_tenants/postgresql_backend/base.py", line 144, in _cursor
    cursor = super()._cursor()
  File "/home/rcosta00/dev/SmartQuotation/backend/.venv/lib/python3.13/site-packages/django/db/backends/base/base.py", line 297, in _cursor
    with self.wrap_database_errors:
         ^^^^^^^^^^^^^^^^^^^^^^^^^
  File "/home/rcosta00/dev/SmartQuotation/backend/.venv/lib/python3.13/site-packages/django/db/utils.py", line 91, in __exit__
    raise dj_exc_value.with_traceback(traceback) from exc_value
  File "/home/rcosta00/dev/SmartQuotation/backend/.venv/lib/python3.13/site-packages/django/db/backends/base/base.py", line 298, in _cursor
    return self._prepare_cursor(self.create_cursor(name))
                                ~~~~~~~~~~~~~~~~~~^^^^^^
  File "/home/rcosta00/dev/SmartQuotation/backend/.venv/lib/python3.13/site-packages/django/utils/asyncio.py", line 26, in inner
    return func(*args, **kwargs)
  File "/home/rcosta00/dev/SmartQuotation/backend/.venv/lib/python3.13/site-packages/django/db/backends/postgresql/base.py", line 429, in create_cursor
    cursor = self.connection.cursor()
django.db.utils.InterfaceError: connection already closed

======================================================================
ERROR: setUpClass (apps.integrations.nomus.tests.NomusTasksTests)
----------------------------------------------------------------------
Traceback (most recent call last):
  File "/home/rcosta00/dev/SmartQuotation/backend/.venv/lib/python3.13/site-packages/django/db/backends/base/base.py", line 298, in _cursor
    return self._prepare_cursor(self.create_cursor(name))
                                ~~~~~~~~~~~~~~~~~~^^^^^^
  File "/home/rcosta00/dev/SmartQuotation/backend/.venv/lib/python3.13/site-packages/django/utils/asyncio.py", line 26, in inner
    return func(*args, **kwargs)
  File "/home/rcosta00/dev/SmartQuotation/backend/.venv/lib/python3.13/site-packages/django/db/backends/postgresql/base.py", line 429, in create_cursor
    cursor = self.connection.cursor()
psycopg2.InterfaceError: connection already closed

The above exception was the direct cause of the following exception:

Traceback (most recent call last):
  File "/home/rcosta00/dev/SmartQuotation/backend/.venv/lib/python3.13/site-packages/django_tenants/test/cases.py", line 34, in setUpClass
    cls.sync_shared()
    ~~~~~~~~~~~~~~~^^
  File "/home/rcosta00/dev/SmartQuotation/backend/.venv/lib/python3.13/site-packages/django_tenants/test/cases.py", line 76, in sync_shared
    call_command('migrate_schemas',
    ~~~~~~~~~~~~^^^^^^^^^^^^^^^^^^^
                 schema_name=get_public_schema_name(),
                 ^^^^^^^^^^^^^^^^^^^^^^^^^^^^^^^^^^^^^
                 interactive=False,
                 ^^^^^^^^^^^^^^^^^^
                 verbosity=0)
                 ^^^^^^^^^^^^
  File "/home/rcosta00/dev/SmartQuotation/backend/.venv/lib/python3.13/site-packages/django/core/management/__init__.py", line 194, in call_command
    return command.execute(*args, **defaults)
           ~~~~~~~~~~~~~~~^^^^^^^^^^^^^^^^^^^
  File "/home/rcosta00/dev/SmartQuotation/backend/.venv/lib/python3.13/site-packages/django/core/management/base.py", line 460, in execute
    output = self.handle(*args, **options)
  File "/home/rcosta00/dev/SmartQuotation/backend/.venv/lib/python3.13/site-packages/django_tenants/management/commands/migrate_schemas.py", line 66, in handle
    executor.run_migrations(tenants=[self.PUBLIC_SCHEMA_NAME])
    ~~~~~~~~~~~~~~~~~~~~~~~^^^^^^^^^^^^^^^^^^^^^^^^^^^^^^^^^^^
  File "/home/rcosta00/dev/SmartQuotation/backend/.venv/lib/python3.13/site-packages/django_tenants/migration_executors/standard.py", line 11, in run_migrations
    run_migrations(self.args, self.options, self.codename, self.PUBLIC_SCHEMA_NAME)
    ~~~~~~~~~~~~~~^^^^^^^^^^^^^^^^^^^^^^^^^^^^^^^^^^^^^^^^^^^^^^^^^^^^^^^^^^^^^^^^^
  File "/home/rcosta00/dev/SmartQuotation/backend/.venv/lib/python3.13/site-packages/django_tenants/migration_executors/base.py", line 51, in run_migrations
    migration_recorder.ensure_schema()
    ~~~~~~~~~~~~~~~~~~~~~~~~~~~~~~~~^^
  File "/home/rcosta00/dev/SmartQuotation/backend/.venv/lib/python3.13/site-packages/django/db/migrations/recorder.py", line 73, in ensure_schema
    if self.has_table():
       ~~~~~~~~~~~~~~^^
  File "/home/rcosta00/dev/SmartQuotation/backend/.venv/lib/python3.13/site-packages/django/db/migrations/recorder.py", line 63, in has_table
    with self.connection.cursor() as cursor:
         ~~~~~~~~~~~~~~~~~~~~~~^^
  File "/home/rcosta00/dev/SmartQuotation/backend/.venv/lib/python3.13/site-packages/django/utils/asyncio.py", line 26, in inner
    return func(*args, **kwargs)
  File "/home/rcosta00/dev/SmartQuotation/backend/.venv/lib/python3.13/site-packages/django/db/backends/base/base.py", line 320, in cursor
    return self._cursor()
           ~~~~~~~~~~~~^^
  File "/home/rcosta00/dev/SmartQuotation/backend/.venv/lib/python3.13/site-packages/django_tenants/postgresql_backend/base.py", line 144, in _cursor
    cursor = super()._cursor()
  File "/home/rcosta00/dev/SmartQuotation/backend/.venv/lib/python3.13/site-packages/django/db/backends/base/base.py", line 297, in _cursor
    with self.wrap_database_errors:
         ^^^^^^^^^^^^^^^^^^^^^^^^^
  File "/home/rcosta00/dev/SmartQuotation/backend/.venv/lib/python3.13/site-packages/django/db/utils.py", line 91, in __exit__
    raise dj_exc_value.with_traceback(traceback) from exc_value
  File "/home/rcosta00/dev/SmartQuotation/backend/.venv/lib/python3.13/site-packages/django/db/backends/base/base.py", line 298, in _cursor
    return self._prepare_cursor(self.create_cursor(name))
                                ~~~~~~~~~~~~~~~~~~^^^^^^
  File "/home/rcosta00/dev/SmartQuotation/backend/.venv/lib/python3.13/site-packages/django/utils/asyncio.py", line 26, in inner
    return func(*args, **kwargs)
  File "/home/rcosta00/dev/SmartQuotation/backend/.venv/lib/python3.13/site-packages/django/db/backends/postgresql/base.py", line 429, in create_cursor
    cursor = self.connection.cursor()
django.db.utils.InterfaceError: connection already closed

======================================================================
ERROR: setUpClass (apps.integrations.omie.tests.OmieAdminHealthViewTests)
----------------------------------------------------------------------
Traceback (most recent call last):
  File "/home/rcosta00/dev/SmartQuotation/backend/.venv/lib/python3.13/site-packages/django/db/backends/base/base.py", line 298, in _cursor
    return self._prepare_cursor(self.create_cursor(name))
                                ~~~~~~~~~~~~~~~~~~^^^^^^
  File "/home/rcosta00/dev/SmartQuotation/backend/.venv/lib/python3.13/site-packages/django/utils/asyncio.py", line 26, in inner
    return func(*args, **kwargs)
  File "/home/rcosta00/dev/SmartQuotation/backend/.venv/lib/python3.13/site-packages/django/db/backends/postgresql/base.py", line 429, in create_cursor
    cursor = self.connection.cursor()
psycopg2.InterfaceError: connection already closed

The above exception was the direct cause of the following exception:

Traceback (most recent call last):
  File "/home/rcosta00/dev/SmartQuotation/backend/.venv/lib/python3.13/site-packages/django_tenants/test/cases.py", line 34, in setUpClass
    cls.sync_shared()
    ~~~~~~~~~~~~~~~^^
  File "/home/rcosta00/dev/SmartQuotation/backend/.venv/lib/python3.13/site-packages/django_tenants/test/cases.py", line 76, in sync_shared
    call_command('migrate_schemas',
    ~~~~~~~~~~~~^^^^^^^^^^^^^^^^^^^
                 schema_name=get_public_schema_name(),
                 ^^^^^^^^^^^^^^^^^^^^^^^^^^^^^^^^^^^^^
                 interactive=False,
                 ^^^^^^^^^^^^^^^^^^
                 verbosity=0)
                 ^^^^^^^^^^^^
  File "/home/rcosta00/dev/SmartQuotation/backend/.venv/lib/python3.13/site-packages/django/core/management/__init__.py", line 194, in call_command
    return command.execute(*args, **defaults)
           ~~~~~~~~~~~~~~~^^^^^^^^^^^^^^^^^^^
  File "/home/rcosta00/dev/SmartQuotation/backend/.venv/lib/python3.13/site-packages/django/core/management/base.py", line 460, in execute
    output = self.handle(*args, **options)
  File "/home/rcosta00/dev/SmartQuotation/backend/.venv/lib/python3.13/site-packages/django_tenants/management/commands/migrate_schemas.py", line 66, in handle
    executor.run_migrations(tenants=[self.PUBLIC_SCHEMA_NAME])
    ~~~~~~~~~~~~~~~~~~~~~~~^^^^^^^^^^^^^^^^^^^^^^^^^^^^^^^^^^^
  File "/home/rcosta00/dev/SmartQuotation/backend/.venv/lib/python3.13/site-packages/django_tenants/migration_executors/standard.py", line 11, in run_migrations
    run_migrations(self.args, self.options, self.codename, self.PUBLIC_SCHEMA_NAME)
    ~~~~~~~~~~~~~~^^^^^^^^^^^^^^^^^^^^^^^^^^^^^^^^^^^^^^^^^^^^^^^^^^^^^^^^^^^^^^^^^
  File "/home/rcosta00/dev/SmartQuotation/backend/.venv/lib/python3.13/site-packages/django_tenants/migration_executors/base.py", line 51, in run_migrations
    migration_recorder.ensure_schema()
    ~~~~~~~~~~~~~~~~~~~~~~~~~~~~~~~~^^
  File "/home/rcosta00/dev/SmartQuotation/backend/.venv/lib/python3.13/site-packages/django/db/migrations/recorder.py", line 73, in ensure_schema
    if self.has_table():
       ~~~~~~~~~~~~~~^^
  File "/home/rcosta00/dev/SmartQuotation/backend/.venv/lib/python3.13/site-packages/django/db/migrations/recorder.py", line 63, in has_table
    with self.connection.cursor() as cursor:
         ~~~~~~~~~~~~~~~~~~~~~~^^
  File "/home/rcosta00/dev/SmartQuotation/backend/.venv/lib/python3.13/site-packages/django/utils/asyncio.py", line 26, in inner
    return func(*args, **kwargs)
  File "/home/rcosta00/dev/SmartQuotation/backend/.venv/lib/python3.13/site-packages/django/db/backends/base/base.py", line 320, in cursor
    return self._cursor()
           ~~~~~~~~~~~~^^
  File "/home/rcosta00/dev/SmartQuotation/backend/.venv/lib/python3.13/site-packages/django_tenants/postgresql_backend/base.py", line 144, in _cursor
    cursor = super()._cursor()
  File "/home/rcosta00/dev/SmartQuotation/backend/.venv/lib/python3.13/site-packages/django/db/backends/base/base.py", line 297, in _cursor
    with self.wrap_database_errors:
         ^^^^^^^^^^^^^^^^^^^^^^^^^
  File "/home/rcosta00/dev/SmartQuotation/backend/.venv/lib/python3.13/site-packages/django/db/utils.py", line 91, in __exit__
    raise dj_exc_value.with_traceback(traceback) from exc_value
  File "/home/rcosta00/dev/SmartQuotation/backend/.venv/lib/python3.13/site-packages/django/db/backends/base/base.py", line 298, in _cursor
    return self._prepare_cursor(self.create_cursor(name))
                                ~~~~~~~~~~~~~~~~~~^^^^^^
  File "/home/rcosta00/dev/SmartQuotation/backend/.venv/lib/python3.13/site-packages/django/utils/asyncio.py", line 26, in inner
    return func(*args, **kwargs)
  File "/home/rcosta00/dev/SmartQuotation/backend/.venv/lib/python3.13/site-packages/django/db/backends/postgresql/base.py", line 429, in create_cursor
    cursor = self.connection.cursor()
django.db.utils.InterfaceError: connection already closed

======================================================================
ERROR: setUpClass (apps.integrations.omie.tests.OmieAdminTests)
----------------------------------------------------------------------
Traceback (most recent call last):
  File "/home/rcosta00/dev/SmartQuotation/backend/.venv/lib/python3.13/site-packages/django/db/backends/base/base.py", line 298, in _cursor
    return self._prepare_cursor(self.create_cursor(name))
                                ~~~~~~~~~~~~~~~~~~^^^^^^
  File "/home/rcosta00/dev/SmartQuotation/backend/.venv/lib/python3.13/site-packages/django/utils/asyncio.py", line 26, in inner
    return func(*args, **kwargs)
  File "/home/rcosta00/dev/SmartQuotation/backend/.venv/lib/python3.13/site-packages/django/db/backends/postgresql/base.py", line 429, in create_cursor
    cursor = self.connection.cursor()
psycopg2.InterfaceError: connection already closed

The above exception was the direct cause of the following exception:

Traceback (most recent call last):
  File "/home/rcosta00/dev/SmartQuotation/backend/.venv/lib/python3.13/site-packages/django_tenants/test/cases.py", line 34, in setUpClass
    cls.sync_shared()
    ~~~~~~~~~~~~~~~^^
  File "/home/rcosta00/dev/SmartQuotation/backend/.venv/lib/python3.13/site-packages/django_tenants/test/cases.py", line 76, in sync_shared
    call_command('migrate_schemas',
    ~~~~~~~~~~~~^^^^^^^^^^^^^^^^^^^
                 schema_name=get_public_schema_name(),
                 ^^^^^^^^^^^^^^^^^^^^^^^^^^^^^^^^^^^^^
                 interactive=False,
                 ^^^^^^^^^^^^^^^^^^
                 verbosity=0)
                 ^^^^^^^^^^^^
  File "/home/rcosta00/dev/SmartQuotation/backend/.venv/lib/python3.13/site-packages/django/core/management/__init__.py", line 194, in call_command
    return command.execute(*args, **defaults)
           ~~~~~~~~~~~~~~~^^^^^^^^^^^^^^^^^^^
  File "/home/rcosta00/dev/SmartQuotation/backend/.venv/lib/python3.13/site-packages/django/core/management/base.py", line 460, in execute
    output = self.handle(*args, **options)
  File "/home/rcosta00/dev/SmartQuotation/backend/.venv/lib/python3.13/site-packages/django_tenants/management/commands/migrate_schemas.py", line 66, in handle
    executor.run_migrations(tenants=[self.PUBLIC_SCHEMA_NAME])
    ~~~~~~~~~~~~~~~~~~~~~~~^^^^^^^^^^^^^^^^^^^^^^^^^^^^^^^^^^^
  File "/home/rcosta00/dev/SmartQuotation/backend/.venv/lib/python3.13/site-packages/django_tenants/migration_executors/standard.py", line 11, in run_migrations
    run_migrations(self.args, self.options, self.codename, self.PUBLIC_SCHEMA_NAME)
    ~~~~~~~~~~~~~~^^^^^^^^^^^^^^^^^^^^^^^^^^^^^^^^^^^^^^^^^^^^^^^^^^^^^^^^^^^^^^^^^
  File "/home/rcosta00/dev/SmartQuotation/backend/.venv/lib/python3.13/site-packages/django_tenants/migration_executors/base.py", line 51, in run_migrations
    migration_recorder.ensure_schema()
    ~~~~~~~~~~~~~~~~~~~~~~~~~~~~~~~~^^
  File "/home/rcosta00/dev/SmartQuotation/backend/.venv/lib/python3.13/site-packages/django/db/migrations/recorder.py", line 73, in ensure_schema
    if self.has_table():
       ~~~~~~~~~~~~~~^^
  File "/home/rcosta00/dev/SmartQuotation/backend/.venv/lib/python3.13/site-packages/django/db/migrations/recorder.py", line 63, in has_table
    with self.connection.cursor() as cursor:
         ~~~~~~~~~~~~~~~~~~~~~~^^
  File "/home/rcosta00/dev/SmartQuotation/backend/.venv/lib/python3.13/site-packages/django/utils/asyncio.py", line 26, in inner
    return func(*args, **kwargs)
  File "/home/rcosta00/dev/SmartQuotation/backend/.venv/lib/python3.13/site-packages/django/db/backends/base/base.py", line 320, in cursor
    return self._cursor()
           ~~~~~~~~~~~~^^
  File "/home/rcosta00/dev/SmartQuotation/backend/.venv/lib/python3.13/site-packages/django_tenants/postgresql_backend/base.py", line 144, in _cursor
    cursor = super()._cursor()
  File "/home/rcosta00/dev/SmartQuotation/backend/.venv/lib/python3.13/site-packages/django/db/backends/base/base.py", line 297, in _cursor
    with self.wrap_database_errors:
         ^^^^^^^^^^^^^^^^^^^^^^^^^
  File "/home/rcosta00/dev/SmartQuotation/backend/.venv/lib/python3.13/site-packages/django/db/utils.py", line 91, in __exit__
    raise dj_exc_value.with_traceback(traceback) from exc_value
  File "/home/rcosta00/dev/SmartQuotation/backend/.venv/lib/python3.13/site-packages/django/db/backends/base/base.py", line 298, in _cursor
    return self._prepare_cursor(self.create_cursor(name))
                                ~~~~~~~~~~~~~~~~~~^^^^^^
  File "/home/rcosta00/dev/SmartQuotation/backend/.venv/lib/python3.13/site-packages/django/utils/asyncio.py", line 26, in inner
    return func(*args, **kwargs)
  File "/home/rcosta00/dev/SmartQuotation/backend/.venv/lib/python3.13/site-packages/django/db/backends/postgresql/base.py", line 429, in create_cursor
    cursor = self.connection.cursor()
django.db.utils.InterfaceError: connection already closed

======================================================================
ERROR: setUpClass (apps.integrations.omie.tests.OmieServicesTests)
----------------------------------------------------------------------
Traceback (most recent call last):
  File "/home/rcosta00/dev/SmartQuotation/backend/.venv/lib/python3.13/site-packages/django/db/backends/base/base.py", line 298, in _cursor
    return self._prepare_cursor(self.create_cursor(name))
                                ~~~~~~~~~~~~~~~~~~^^^^^^
  File "/home/rcosta00/dev/SmartQuotation/backend/.venv/lib/python3.13/site-packages/django/utils/asyncio.py", line 26, in inner
    return func(*args, **kwargs)
  File "/home/rcosta00/dev/SmartQuotation/backend/.venv/lib/python3.13/site-packages/django/db/backends/postgresql/base.py", line 429, in create_cursor
    cursor = self.connection.cursor()
psycopg2.InterfaceError: connection already closed

The above exception was the direct cause of the following exception:

Traceback (most recent call last):
  File "/home/rcosta00/dev/SmartQuotation/backend/.venv/lib/python3.13/site-packages/django_tenants/test/cases.py", line 34, in setUpClass
    cls.sync_shared()
    ~~~~~~~~~~~~~~~^^
  File "/home/rcosta00/dev/SmartQuotation/backend/.venv/lib/python3.13/site-packages/django_tenants/test/cases.py", line 76, in sync_shared
    call_command('migrate_schemas',
    ~~~~~~~~~~~~^^^^^^^^^^^^^^^^^^^
                 schema_name=get_public_schema_name(),
                 ^^^^^^^^^^^^^^^^^^^^^^^^^^^^^^^^^^^^^
                 interactive=False,
                 ^^^^^^^^^^^^^^^^^^
                 verbosity=0)
                 ^^^^^^^^^^^^
  File "/home/rcosta00/dev/SmartQuotation/backend/.venv/lib/python3.13/site-packages/django/core/management/__init__.py", line 194, in call_command
    return command.execute(*args, **defaults)
           ~~~~~~~~~~~~~~~^^^^^^^^^^^^^^^^^^^
  File "/home/rcosta00/dev/SmartQuotation/backend/.venv/lib/python3.13/site-packages/django/core/management/base.py", line 460, in execute
    output = self.handle(*args, **options)
  File "/home/rcosta00/dev/SmartQuotation/backend/.venv/lib/python3.13/site-packages/django_tenants/management/commands/migrate_schemas.py", line 66, in handle
    executor.run_migrations(tenants=[self.PUBLIC_SCHEMA_NAME])
    ~~~~~~~~~~~~~~~~~~~~~~~^^^^^^^^^^^^^^^^^^^^^^^^^^^^^^^^^^^
  File "/home/rcosta00/dev/SmartQuotation/backend/.venv/lib/python3.13/site-packages/django_tenants/migration_executors/standard.py", line 11, in run_migrations
    run_migrations(self.args, self.options, self.codename, self.PUBLIC_SCHEMA_NAME)
    ~~~~~~~~~~~~~~^^^^^^^^^^^^^^^^^^^^^^^^^^^^^^^^^^^^^^^^^^^^^^^^^^^^^^^^^^^^^^^^^
  File "/home/rcosta00/dev/SmartQuotation/backend/.venv/lib/python3.13/site-packages/django_tenants/migration_executors/base.py", line 51, in run_migrations
    migration_recorder.ensure_schema()
    ~~~~~~~~~~~~~~~~~~~~~~~~~~~~~~~~^^
  File "/home/rcosta00/dev/SmartQuotation/backend/.venv/lib/python3.13/site-packages/django/db/migrations/recorder.py", line 73, in ensure_schema
    if self.has_table():
       ~~~~~~~~~~~~~~^^
  File "/home/rcosta00/dev/SmartQuotation/backend/.venv/lib/python3.13/site-packages/django/db/migrations/recorder.py", line 63, in has_table
    with self.connection.cursor() as cursor:
         ~~~~~~~~~~~~~~~~~~~~~~^^
  File "/home/rcosta00/dev/SmartQuotation/backend/.venv/lib/python3.13/site-packages/django/utils/asyncio.py", line 26, in inner
    return func(*args, **kwargs)
  File "/home/rcosta00/dev/SmartQuotation/backend/.venv/lib/python3.13/site-packages/django/db/backends/base/base.py", line 320, in cursor
    return self._cursor()
           ~~~~~~~~~~~~^^
  File "/home/rcosta00/dev/SmartQuotation/backend/.venv/lib/python3.13/site-packages/django_tenants/postgresql_backend/base.py", line 144, in _cursor
    cursor = super()._cursor()
  File "/home/rcosta00/dev/SmartQuotation/backend/.venv/lib/python3.13/site-packages/django/db/backends/base/base.py", line 297, in _cursor
    with self.wrap_database_errors:
         ^^^^^^^^^^^^^^^^^^^^^^^^^
  File "/home/rcosta00/dev/SmartQuotation/backend/.venv/lib/python3.13/site-packages/django/db/utils.py", line 91, in __exit__
    raise dj_exc_value.with_traceback(traceback) from exc_value
  File "/home/rcosta00/dev/SmartQuotation/backend/.venv/lib/python3.13/site-packages/django/db/backends/base/base.py", line 298, in _cursor
    return self._prepare_cursor(self.create_cursor(name))
                                ~~~~~~~~~~~~~~~~~~^^^^^^
  File "/home/rcosta00/dev/SmartQuotation/backend/.venv/lib/python3.13/site-packages/django/utils/asyncio.py", line 26, in inner
    return func(*args, **kwargs)
  File "/home/rcosta00/dev/SmartQuotation/backend/.venv/lib/python3.13/site-packages/django/db/backends/postgresql/base.py", line 429, in create_cursor
    cursor = self.connection.cursor()
django.db.utils.InterfaceError: connection already closed

======================================================================
ERROR: setUpClass (apps.integrations.omie.tests.OmieTasksTests)
----------------------------------------------------------------------
Traceback (most recent call last):
  File "/home/rcosta00/dev/SmartQuotation/backend/.venv/lib/python3.13/site-packages/django/db/backends/base/base.py", line 298, in _cursor
    return self._prepare_cursor(self.create_cursor(name))
                                ~~~~~~~~~~~~~~~~~~^^^^^^
  File "/home/rcosta00/dev/SmartQuotation/backend/.venv/lib/python3.13/site-packages/django/utils/asyncio.py", line 26, in inner
    return func(*args, **kwargs)
  File "/home/rcosta00/dev/SmartQuotation/backend/.venv/lib/python3.13/site-packages/django/db/backends/postgresql/base.py", line 429, in create_cursor
    cursor = self.connection.cursor()
psycopg2.InterfaceError: connection already closed

The above exception was the direct cause of the following exception:

Traceback (most recent call last):
  File "/home/rcosta00/dev/SmartQuotation/backend/.venv/lib/python3.13/site-packages/django_tenants/test/cases.py", line 34, in setUpClass
    cls.sync_shared()
    ~~~~~~~~~~~~~~~^^
  File "/home/rcosta00/dev/SmartQuotation/backend/.venv/lib/python3.13/site-packages/django_tenants/test/cases.py", line 76, in sync_shared
    call_command('migrate_schemas',
    ~~~~~~~~~~~~^^^^^^^^^^^^^^^^^^^
                 schema_name=get_public_schema_name(),
                 ^^^^^^^^^^^^^^^^^^^^^^^^^^^^^^^^^^^^^
                 interactive=False,
                 ^^^^^^^^^^^^^^^^^^
                 verbosity=0)
                 ^^^^^^^^^^^^
  File "/home/rcosta00/dev/SmartQuotation/backend/.venv/lib/python3.13/site-packages/django/core/management/__init__.py", line 194, in call_command
    return command.execute(*args, **defaults)
           ~~~~~~~~~~~~~~~^^^^^^^^^^^^^^^^^^^
  File "/home/rcosta00/dev/SmartQuotation/backend/.venv/lib/python3.13/site-packages/django/core/management/base.py", line 460, in execute
    output = self.handle(*args, **options)
  File "/home/rcosta00/dev/SmartQuotation/backend/.venv/lib/python3.13/site-packages/django_tenants/management/commands/migrate_schemas.py", line 66, in handle
    executor.run_migrations(tenants=[self.PUBLIC_SCHEMA_NAME])
    ~~~~~~~~~~~~~~~~~~~~~~~^^^^^^^^^^^^^^^^^^^^^^^^^^^^^^^^^^^
  File "/home/rcosta00/dev/SmartQuotation/backend/.venv/lib/python3.13/site-packages/django_tenants/migration_executors/standard.py", line 11, in run_migrations
    run_migrations(self.args, self.options, self.codename, self.PUBLIC_SCHEMA_NAME)
    ~~~~~~~~~~~~~~^^^^^^^^^^^^^^^^^^^^^^^^^^^^^^^^^^^^^^^^^^^^^^^^^^^^^^^^^^^^^^^^^
  File "/home/rcosta00/dev/SmartQuotation/backend/.venv/lib/python3.13/site-packages/django_tenants/migration_executors/base.py", line 51, in run_migrations
    migration_recorder.ensure_schema()
    ~~~~~~~~~~~~~~~~~~~~~~~~~~~~~~~~^^
  File "/home/rcosta00/dev/SmartQuotation/backend/.venv/lib/python3.13/site-packages/django/db/migrations/recorder.py", line 73, in ensure_schema
    if self.has_table():
       ~~~~~~~~~~~~~~^^
  File "/home/rcosta00/dev/SmartQuotation/backend/.venv/lib/python3.13/site-packages/django/db/migrations/recorder.py", line 63, in has_table
    with self.connection.cursor() as cursor:
         ~~~~~~~~~~~~~~~~~~~~~~^^
  File "/home/rcosta00/dev/SmartQuotation/backend/.venv/lib/python3.13/site-packages/django/utils/asyncio.py", line 26, in inner
    return func(*args, **kwargs)
  File "/home/rcosta00/dev/SmartQuotation/backend/.venv/lib/python3.13/site-packages/django/db/backends/base/base.py", line 320, in cursor
    return self._cursor()
           ~~~~~~~~~~~~^^
  File "/home/rcosta00/dev/SmartQuotation/backend/.venv/lib/python3.13/site-packages/django_tenants/postgresql_backend/base.py", line 144, in _cursor
    cursor = super()._cursor()
  File "/home/rcosta00/dev/SmartQuotation/backend/.venv/lib/python3.13/site-packages/django/db/backends/base/base.py", line 297, in _cursor
    with self.wrap_database_errors:
         ^^^^^^^^^^^^^^^^^^^^^^^^^
  File "/home/rcosta00/dev/SmartQuotation/backend/.venv/lib/python3.13/site-packages/django/db/utils.py", line 91, in __exit__
    raise dj_exc_value.with_traceback(traceback) from exc_value
  File "/home/rcosta00/dev/SmartQuotation/backend/.venv/lib/python3.13/site-packages/django/db/backends/base/base.py", line 298, in _cursor
    return self._prepare_cursor(self.create_cursor(name))
                                ~~~~~~~~~~~~~~~~~~^^^^^^
  File "/home/rcosta00/dev/SmartQuotation/backend/.venv/lib/python3.13/site-packages/django/utils/asyncio.py", line 26, in inner
    return func(*args, **kwargs)
  File "/home/rcosta00/dev/SmartQuotation/backend/.venv/lib/python3.13/site-packages/django/db/backends/postgresql/base.py", line 429, in create_cursor
    cursor = self.connection.cursor()
django.db.utils.InterfaceError: connection already closed

======================================================================
ERROR: setUpClass (apps.integrations.protheus.tests.HttpProtheusClientTests)
----------------------------------------------------------------------
Traceback (most recent call last):
  File "/home/rcosta00/dev/SmartQuotation/backend/.venv/lib/python3.13/site-packages/django/db/backends/base/base.py", line 298, in _cursor
    return self._prepare_cursor(self.create_cursor(name))
                                ~~~~~~~~~~~~~~~~~~^^^^^^
  File "/home/rcosta00/dev/SmartQuotation/backend/.venv/lib/python3.13/site-packages/django/utils/asyncio.py", line 26, in inner
    return func(*args, **kwargs)
  File "/home/rcosta00/dev/SmartQuotation/backend/.venv/lib/python3.13/site-packages/django/db/backends/postgresql/base.py", line 429, in create_cursor
    cursor = self.connection.cursor()
psycopg2.InterfaceError: connection already closed

The above exception was the direct cause of the following exception:

Traceback (most recent call last):
  File "/home/rcosta00/dev/SmartQuotation/backend/.venv/lib/python3.13/site-packages/django_tenants/test/cases.py", line 34, in setUpClass
    cls.sync_shared()
    ~~~~~~~~~~~~~~~^^
  File "/home/rcosta00/dev/SmartQuotation/backend/.venv/lib/python3.13/site-packages/django_tenants/test/cases.py", line 76, in sync_shared
    call_command('migrate_schemas',
    ~~~~~~~~~~~~^^^^^^^^^^^^^^^^^^^
                 schema_name=get_public_schema_name(),
                 ^^^^^^^^^^^^^^^^^^^^^^^^^^^^^^^^^^^^^
                 interactive=False,
                 ^^^^^^^^^^^^^^^^^^
                 verbosity=0)
                 ^^^^^^^^^^^^
  File "/home/rcosta00/dev/SmartQuotation/backend/.venv/lib/python3.13/site-packages/django/core/management/__init__.py", line 194, in call_command
    return command.execute(*args, **defaults)
           ~~~~~~~~~~~~~~~^^^^^^^^^^^^^^^^^^^
  File "/home/rcosta00/dev/SmartQuotation/backend/.venv/lib/python3.13/site-packages/django/core/management/base.py", line 460, in execute
    output = self.handle(*args, **options)
  File "/home/rcosta00/dev/SmartQuotation/backend/.venv/lib/python3.13/site-packages/django_tenants/management/commands/migrate_schemas.py", line 66, in handle
    executor.run_migrations(tenants=[self.PUBLIC_SCHEMA_NAME])
    ~~~~~~~~~~~~~~~~~~~~~~~^^^^^^^^^^^^^^^^^^^^^^^^^^^^^^^^^^^
  File "/home/rcosta00/dev/SmartQuotation/backend/.venv/lib/python3.13/site-packages/django_tenants/migration_executors/standard.py", line 11, in run_migrations
    run_migrations(self.args, self.options, self.codename, self.PUBLIC_SCHEMA_NAME)
    ~~~~~~~~~~~~~~^^^^^^^^^^^^^^^^^^^^^^^^^^^^^^^^^^^^^^^^^^^^^^^^^^^^^^^^^^^^^^^^^
  File "/home/rcosta00/dev/SmartQuotation/backend/.venv/lib/python3.13/site-packages/django_tenants/migration_executors/base.py", line 51, in run_migrations
    migration_recorder.ensure_schema()
    ~~~~~~~~~~~~~~~~~~~~~~~~~~~~~~~~^^
  File "/home/rcosta00/dev/SmartQuotation/backend/.venv/lib/python3.13/site-packages/django/db/migrations/recorder.py", line 73, in ensure_schema
    if self.has_table():
       ~~~~~~~~~~~~~~^^
  File "/home/rcosta00/dev/SmartQuotation/backend/.venv/lib/python3.13/site-packages/django/db/migrations/recorder.py", line 63, in has_table
    with self.connection.cursor() as cursor:
         ~~~~~~~~~~~~~~~~~~~~~~^^
  File "/home/rcosta00/dev/SmartQuotation/backend/.venv/lib/python3.13/site-packages/django/utils/asyncio.py", line 26, in inner
    return func(*args, **kwargs)
  File "/home/rcosta00/dev/SmartQuotation/backend/.venv/lib/python3.13/site-packages/django/db/backends/base/base.py", line 320, in cursor
    return self._cursor()
           ~~~~~~~~~~~~^^
  File "/home/rcosta00/dev/SmartQuotation/backend/.venv/lib/python3.13/site-packages/django_tenants/postgresql_backend/base.py", line 144, in _cursor
    cursor = super()._cursor()
  File "/home/rcosta00/dev/SmartQuotation/backend/.venv/lib/python3.13/site-packages/django/db/backends/base/base.py", line 297, in _cursor
    with self.wrap_database_errors:
         ^^^^^^^^^^^^^^^^^^^^^^^^^
  File "/home/rcosta00/dev/SmartQuotation/backend/.venv/lib/python3.13/site-packages/django/db/utils.py", line 91, in __exit__
    raise dj_exc_value.with_traceback(traceback) from exc_value
  File "/home/rcosta00/dev/SmartQuotation/backend/.venv/lib/python3.13/site-packages/django/db/backends/base/base.py", line 298, in _cursor
    return self._prepare_cursor(self.create_cursor(name))
                                ~~~~~~~~~~~~~~~~~~^^^^^^
  File "/home/rcosta00/dev/SmartQuotation/backend/.venv/lib/python3.13/site-packages/django/utils/asyncio.py", line 26, in inner
    return func(*args, **kwargs)
  File "/home/rcosta00/dev/SmartQuotation/backend/.venv/lib/python3.13/site-packages/django/db/backends/postgresql/base.py", line 429, in create_cursor
    cursor = self.connection.cursor()
django.db.utils.InterfaceError: connection already closed

======================================================================
ERROR: setUpClass (apps.integrations.protheus.tests.ProtheusAdminHealthViewTests)
----------------------------------------------------------------------
Traceback (most recent call last):
  File "/home/rcosta00/dev/SmartQuotation/backend/.venv/lib/python3.13/site-packages/django/db/backends/base/base.py", line 298, in _cursor
    return self._prepare_cursor(self.create_cursor(name))
                                ~~~~~~~~~~~~~~~~~~^^^^^^
  File "/home/rcosta00/dev/SmartQuotation/backend/.venv/lib/python3.13/site-packages/django/utils/asyncio.py", line 26, in inner
    return func(*args, **kwargs)
  File "/home/rcosta00/dev/SmartQuotation/backend/.venv/lib/python3.13/site-packages/django/db/backends/postgresql/base.py", line 429, in create_cursor
    cursor = self.connection.cursor()
psycopg2.InterfaceError: connection already closed

The above exception was the direct cause of the following exception:

Traceback (most recent call last):
  File "/home/rcosta00/dev/SmartQuotation/backend/.venv/lib/python3.13/site-packages/django_tenants/test/cases.py", line 34, in setUpClass
    cls.sync_shared()
    ~~~~~~~~~~~~~~~^^
  File "/home/rcosta00/dev/SmartQuotation/backend/.venv/lib/python3.13/site-packages/django_tenants/test/cases.py", line 76, in sync_shared
    call_command('migrate_schemas',
    ~~~~~~~~~~~~^^^^^^^^^^^^^^^^^^^
                 schema_name=get_public_schema_name(),
                 ^^^^^^^^^^^^^^^^^^^^^^^^^^^^^^^^^^^^^
                 interactive=False,
                 ^^^^^^^^^^^^^^^^^^
                 verbosity=0)
                 ^^^^^^^^^^^^
  File "/home/rcosta00/dev/SmartQuotation/backend/.venv/lib/python3.13/site-packages/django/core/management/__init__.py", line 194, in call_command
    return command.execute(*args, **defaults)
           ~~~~~~~~~~~~~~~^^^^^^^^^^^^^^^^^^^
  File "/home/rcosta00/dev/SmartQuotation/backend/.venv/lib/python3.13/site-packages/django/core/management/base.py", line 460, in execute
    output = self.handle(*args, **options)
  File "/home/rcosta00/dev/SmartQuotation/backend/.venv/lib/python3.13/site-packages/django_tenants/management/commands/migrate_schemas.py", line 66, in handle
    executor.run_migrations(tenants=[self.PUBLIC_SCHEMA_NAME])
    ~~~~~~~~~~~~~~~~~~~~~~~^^^^^^^^^^^^^^^^^^^^^^^^^^^^^^^^^^^
  File "/home/rcosta00/dev/SmartQuotation/backend/.venv/lib/python3.13/site-packages/django_tenants/migration_executors/standard.py", line 11, in run_migrations
    run_migrations(self.args, self.options, self.codename, self.PUBLIC_SCHEMA_NAME)
    ~~~~~~~~~~~~~~^^^^^^^^^^^^^^^^^^^^^^^^^^^^^^^^^^^^^^^^^^^^^^^^^^^^^^^^^^^^^^^^^
  File "/home/rcosta00/dev/SmartQuotation/backend/.venv/lib/python3.13/site-packages/django_tenants/migration_executors/base.py", line 51, in run_migrations
    migration_recorder.ensure_schema()
    ~~~~~~~~~~~~~~~~~~~~~~~~~~~~~~~~^^
  File "/home/rcosta00/dev/SmartQuotation/backend/.venv/lib/python3.13/site-packages/django/db/migrations/recorder.py", line 73, in ensure_schema
    if self.has_table():
       ~~~~~~~~~~~~~~^^
  File "/home/rcosta00/dev/SmartQuotation/backend/.venv/lib/python3.13/site-packages/django/db/migrations/recorder.py", line 63, in has_table
    with self.connection.cursor() as cursor:
         ~~~~~~~~~~~~~~~~~~~~~~^^
  File "/home/rcosta00/dev/SmartQuotation/backend/.venv/lib/python3.13/site-packages/django/utils/asyncio.py", line 26, in inner
    return func(*args, **kwargs)
  File "/home/rcosta00/dev/SmartQuotation/backend/.venv/lib/python3.13/site-packages/django/db/backends/base/base.py", line 320, in cursor
    return self._cursor()
           ~~~~~~~~~~~~^^
  File "/home/rcosta00/dev/SmartQuotation/backend/.venv/lib/python3.13/site-packages/django_tenants/postgresql_backend/base.py", line 144, in _cursor
    cursor = super()._cursor()
  File "/home/rcosta00/dev/SmartQuotation/backend/.venv/lib/python3.13/site-packages/django/db/backends/base/base.py", line 297, in _cursor
    with self.wrap_database_errors:
         ^^^^^^^^^^^^^^^^^^^^^^^^^
  File "/home/rcosta00/dev/SmartQuotation/backend/.venv/lib/python3.13/site-packages/django/db/utils.py", line 91, in __exit__
    raise dj_exc_value.with_traceback(traceback) from exc_value
  File "/home/rcosta00/dev/SmartQuotation/backend/.venv/lib/python3.13/site-packages/django/db/backends/base/base.py", line 298, in _cursor
    return self._prepare_cursor(self.create_cursor(name))
                                ~~~~~~~~~~~~~~~~~~^^^^^^
  File "/home/rcosta00/dev/SmartQuotation/backend/.venv/lib/python3.13/site-packages/django/utils/asyncio.py", line 26, in inner
    return func(*args, **kwargs)
  File "/home/rcosta00/dev/SmartQuotation/backend/.venv/lib/python3.13/site-packages/django/db/backends/postgresql/base.py", line 429, in create_cursor
    cursor = self.connection.cursor()
django.db.utils.InterfaceError: connection already closed

======================================================================
ERROR: setUpClass (apps.integrations.protheus.tests.ProtheusServicesTests)
----------------------------------------------------------------------
Traceback (most recent call last):
  File "/home/rcosta00/dev/SmartQuotation/backend/.venv/lib/python3.13/site-packages/django/db/backends/base/base.py", line 298, in _cursor
    return self._prepare_cursor(self.create_cursor(name))
                                ~~~~~~~~~~~~~~~~~~^^^^^^
  File "/home/rcosta00/dev/SmartQuotation/backend/.venv/lib/python3.13/site-packages/django/utils/asyncio.py", line 26, in inner
    return func(*args, **kwargs)
  File "/home/rcosta00/dev/SmartQuotation/backend/.venv/lib/python3.13/site-packages/django/db/backends/postgresql/base.py", line 429, in create_cursor
    cursor = self.connection.cursor()
psycopg2.InterfaceError: connection already closed

The above exception was the direct cause of the following exception:

Traceback (most recent call last):
  File "/home/rcosta00/dev/SmartQuotation/backend/.venv/lib/python3.13/site-packages/django_tenants/test/cases.py", line 34, in setUpClass
    cls.sync_shared()
    ~~~~~~~~~~~~~~~^^
  File "/home/rcosta00/dev/SmartQuotation/backend/.venv/lib/python3.13/site-packages/django_tenants/test/cases.py", line 76, in sync_shared
    call_command('migrate_schemas',
    ~~~~~~~~~~~~^^^^^^^^^^^^^^^^^^^
                 schema_name=get_public_schema_name(),
                 ^^^^^^^^^^^^^^^^^^^^^^^^^^^^^^^^^^^^^
                 interactive=False,
                 ^^^^^^^^^^^^^^^^^^
                 verbosity=0)
                 ^^^^^^^^^^^^
  File "/home/rcosta00/dev/SmartQuotation/backend/.venv/lib/python3.13/site-packages/django/core/management/__init__.py", line 194, in call_command
    return command.execute(*args, **defaults)
           ~~~~~~~~~~~~~~~^^^^^^^^^^^^^^^^^^^
  File "/home/rcosta00/dev/SmartQuotation/backend/.venv/lib/python3.13/site-packages/django/core/management/base.py", line 460, in execute
    output = self.handle(*args, **options)
  File "/home/rcosta00/dev/SmartQuotation/backend/.venv/lib/python3.13/site-packages/django_tenants/management/commands/migrate_schemas.py", line 66, in handle
    executor.run_migrations(tenants=[self.PUBLIC_SCHEMA_NAME])
    ~~~~~~~~~~~~~~~~~~~~~~~^^^^^^^^^^^^^^^^^^^^^^^^^^^^^^^^^^^
  File "/home/rcosta00/dev/SmartQuotation/backend/.venv/lib/python3.13/site-packages/django_tenants/migration_executors/standard.py", line 11, in run_migrations
    run_migrations(self.args, self.options, self.codename, self.PUBLIC_SCHEMA_NAME)
    ~~~~~~~~~~~~~~^^^^^^^^^^^^^^^^^^^^^^^^^^^^^^^^^^^^^^^^^^^^^^^^^^^^^^^^^^^^^^^^^
  File "/home/rcosta00/dev/SmartQuotation/backend/.venv/lib/python3.13/site-packages/django_tenants/migration_executors/base.py", line 51, in run_migrations
    migration_recorder.ensure_schema()
    ~~~~~~~~~~~~~~~~~~~~~~~~~~~~~~~~^^
  File "/home/rcosta00/dev/SmartQuotation/backend/.venv/lib/python3.13/site-packages/django/db/migrations/recorder.py", line 73, in ensure_schema
    if self.has_table():
       ~~~~~~~~~~~~~~^^
  File "/home/rcosta00/dev/SmartQuotation/backend/.venv/lib/python3.13/site-packages/django/db/migrations/recorder.py", line 63, in has_table
    with self.connection.cursor() as cursor:
         ~~~~~~~~~~~~~~~~~~~~~~^^
  File "/home/rcosta00/dev/SmartQuotation/backend/.venv/lib/python3.13/site-packages/django/utils/asyncio.py", line 26, in inner
    return func(*args, **kwargs)
  File "/home/rcosta00/dev/SmartQuotation/backend/.venv/lib/python3.13/site-packages/django/db/backends/base/base.py", line 320, in cursor
    return self._cursor()
           ~~~~~~~~~~~~^^
  File "/home/rcosta00/dev/SmartQuotation/backend/.venv/lib/python3.13/site-packages/django_tenants/postgresql_backend/base.py", line 144, in _cursor
    cursor = super()._cursor()
  File "/home/rcosta00/dev/SmartQuotation/backend/.venv/lib/python3.13/site-packages/django/db/backends/base/base.py", line 297, in _cursor
    with self.wrap_database_errors:
         ^^^^^^^^^^^^^^^^^^^^^^^^^
  File "/home/rcosta00/dev/SmartQuotation/backend/.venv/lib/python3.13/site-packages/django/db/utils.py", line 91, in __exit__
    raise dj_exc_value.with_traceback(traceback) from exc_value
  File "/home/rcosta00/dev/SmartQuotation/backend/.venv/lib/python3.13/site-packages/django/db/backends/base/base.py", line 298, in _cursor
    return self._prepare_cursor(self.create_cursor(name))
                                ~~~~~~~~~~~~~~~~~~^^^^^^
  File "/home/rcosta00/dev/SmartQuotation/backend/.venv/lib/python3.13/site-packages/django/utils/asyncio.py", line 26, in inner
    return func(*args, **kwargs)
  File "/home/rcosta00/dev/SmartQuotation/backend/.venv/lib/python3.13/site-packages/django/db/backends/postgresql/base.py", line 429, in create_cursor
    cursor = self.connection.cursor()
django.db.utils.InterfaceError: connection already closed

======================================================================
ERROR: setUpClass (apps.integrations.protheus.tests.ProtheusTasksTests)
----------------------------------------------------------------------
Traceback (most recent call last):
  File "/home/rcosta00/dev/SmartQuotation/backend/.venv/lib/python3.13/site-packages/django/db/backends/base/base.py", line 298, in _cursor
    return self._prepare_cursor(self.create_cursor(name))
                                ~~~~~~~~~~~~~~~~~~^^^^^^
  File "/home/rcosta00/dev/SmartQuotation/backend/.venv/lib/python3.13/site-packages/django/utils/asyncio.py", line 26, in inner
    return func(*args, **kwargs)
  File "/home/rcosta00/dev/SmartQuotation/backend/.venv/lib/python3.13/site-packages/django/db/backends/postgresql/base.py", line 429, in create_cursor
    cursor = self.connection.cursor()
psycopg2.InterfaceError: connection already closed

The above exception was the direct cause of the following exception:

Traceback (most recent call last):
  File "/home/rcosta00/dev/SmartQuotation/backend/.venv/lib/python3.13/site-packages/django_tenants/test/cases.py", line 34, in setUpClass
    cls.sync_shared()
    ~~~~~~~~~~~~~~~^^
  File "/home/rcosta00/dev/SmartQuotation/backend/.venv/lib/python3.13/site-packages/django_tenants/test/cases.py", line 76, in sync_shared
    call_command('migrate_schemas',
    ~~~~~~~~~~~~^^^^^^^^^^^^^^^^^^^
                 schema_name=get_public_schema_name(),
                 ^^^^^^^^^^^^^^^^^^^^^^^^^^^^^^^^^^^^^
                 interactive=False,
                 ^^^^^^^^^^^^^^^^^^
                 verbosity=0)
                 ^^^^^^^^^^^^
  File "/home/rcosta00/dev/SmartQuotation/backend/.venv/lib/python3.13/site-packages/django/core/management/__init__.py", line 194, in call_command
    return command.execute(*args, **defaults)
           ~~~~~~~~~~~~~~~^^^^^^^^^^^^^^^^^^^
  File "/home/rcosta00/dev/SmartQuotation/backend/.venv/lib/python3.13/site-packages/django/core/management/base.py", line 460, in execute
    output = self.handle(*args, **options)
  File "/home/rcosta00/dev/SmartQuotation/backend/.venv/lib/python3.13/site-packages/django_tenants/management/commands/migrate_schemas.py", line 66, in handle
    executor.run_migrations(tenants=[self.PUBLIC_SCHEMA_NAME])
    ~~~~~~~~~~~~~~~~~~~~~~~^^^^^^^^^^^^^^^^^^^^^^^^^^^^^^^^^^^
  File "/home/rcosta00/dev/SmartQuotation/backend/.venv/lib/python3.13/site-packages/django_tenants/migration_executors/standard.py", line 11, in run_migrations
    run_migrations(self.args, self.options, self.codename, self.PUBLIC_SCHEMA_NAME)
    ~~~~~~~~~~~~~~^^^^^^^^^^^^^^^^^^^^^^^^^^^^^^^^^^^^^^^^^^^^^^^^^^^^^^^^^^^^^^^^^
  File "/home/rcosta00/dev/SmartQuotation/backend/.venv/lib/python3.13/site-packages/django_tenants/migration_executors/base.py", line 51, in run_migrations
    migration_recorder.ensure_schema()
    ~~~~~~~~~~~~~~~~~~~~~~~~~~~~~~~~^^
  File "/home/rcosta00/dev/SmartQuotation/backend/.venv/lib/python3.13/site-packages/django/db/migrations/recorder.py", line 73, in ensure_schema
    if self.has_table():
       ~~~~~~~~~~~~~~^^
  File "/home/rcosta00/dev/SmartQuotation/backend/.venv/lib/python3.13/site-packages/django/db/migrations/recorder.py", line 63, in has_table
    with self.connection.cursor() as cursor:
         ~~~~~~~~~~~~~~~~~~~~~~^^
  File "/home/rcosta00/dev/SmartQuotation/backend/.venv/lib/python3.13/site-packages/django/utils/asyncio.py", line 26, in inner
    return func(*args, **kwargs)
  File "/home/rcosta00/dev/SmartQuotation/backend/.venv/lib/python3.13/site-packages/django/db/backends/base/base.py", line 320, in cursor
    return self._cursor()
           ~~~~~~~~~~~~^^
  File "/home/rcosta00/dev/SmartQuotation/backend/.venv/lib/python3.13/site-packages/django_tenants/postgresql_backend/base.py", line 144, in _cursor
    cursor = super()._cursor()
  File "/home/rcosta00/dev/SmartQuotation/backend/.venv/lib/python3.13/site-packages/django/db/backends/base/base.py", line 297, in _cursor
    with self.wrap_database_errors:
         ^^^^^^^^^^^^^^^^^^^^^^^^^
  File "/home/rcosta00/dev/SmartQuotation/backend/.venv/lib/python3.13/site-packages/django/db/utils.py", line 91, in __exit__
    raise dj_exc_value.with_traceback(traceback) from exc_value
  File "/home/rcosta00/dev/SmartQuotation/backend/.venv/lib/python3.13/site-packages/django/db/backends/base/base.py", line 298, in _cursor
    return self._prepare_cursor(self.create_cursor(name))
                                ~~~~~~~~~~~~~~~~~~^^^^^^
  File "/home/rcosta00/dev/SmartQuotation/backend/.venv/lib/python3.13/site-packages/django/utils/asyncio.py", line 26, in inner
    return func(*args, **kwargs)
  File "/home/rcosta00/dev/SmartQuotation/backend/.venv/lib/python3.13/site-packages/django/db/backends/postgresql/base.py", line 429, in create_cursor
    cursor = self.connection.cursor()
django.db.utils.InterfaceError: connection already closed

======================================================================
ERROR: setUpClass (apps.integrations.sap_b1.tests.SapB1AdminHealthViewTests)
----------------------------------------------------------------------
Traceback (most recent call last):
  File "/home/rcosta00/dev/SmartQuotation/backend/.venv/lib/python3.13/site-packages/django/db/backends/base/base.py", line 298, in _cursor
    return self._prepare_cursor(self.create_cursor(name))
                                ~~~~~~~~~~~~~~~~~~^^^^^^
  File "/home/rcosta00/dev/SmartQuotation/backend/.venv/lib/python3.13/site-packages/django/utils/asyncio.py", line 26, in inner
    return func(*args, **kwargs)
  File "/home/rcosta00/dev/SmartQuotation/backend/.venv/lib/python3.13/site-packages/django/db/backends/postgresql/base.py", line 429, in create_cursor
    cursor = self.connection.cursor()
psycopg2.InterfaceError: connection already closed

The above exception was the direct cause of the following exception:

Traceback (most recent call last):
  File "/home/rcosta00/dev/SmartQuotation/backend/.venv/lib/python3.13/site-packages/django_tenants/test/cases.py", line 34, in setUpClass
    cls.sync_shared()
    ~~~~~~~~~~~~~~~^^
  File "/home/rcosta00/dev/SmartQuotation/backend/.venv/lib/python3.13/site-packages/django_tenants/test/cases.py", line 76, in sync_shared
    call_command('migrate_schemas',
    ~~~~~~~~~~~~^^^^^^^^^^^^^^^^^^^
                 schema_name=get_public_schema_name(),
                 ^^^^^^^^^^^^^^^^^^^^^^^^^^^^^^^^^^^^^
                 interactive=False,
                 ^^^^^^^^^^^^^^^^^^
                 verbosity=0)
                 ^^^^^^^^^^^^
  File "/home/rcosta00/dev/SmartQuotation/backend/.venv/lib/python3.13/site-packages/django/core/management/__init__.py", line 194, in call_command
    return command.execute(*args, **defaults)
           ~~~~~~~~~~~~~~~^^^^^^^^^^^^^^^^^^^
  File "/home/rcosta00/dev/SmartQuotation/backend/.venv/lib/python3.13/site-packages/django/core/management/base.py", line 460, in execute
    output = self.handle(*args, **options)
  File "/home/rcosta00/dev/SmartQuotation/backend/.venv/lib/python3.13/site-packages/django_tenants/management/commands/migrate_schemas.py", line 66, in handle
    executor.run_migrations(tenants=[self.PUBLIC_SCHEMA_NAME])
    ~~~~~~~~~~~~~~~~~~~~~~~^^^^^^^^^^^^^^^^^^^^^^^^^^^^^^^^^^^
  File "/home/rcosta00/dev/SmartQuotation/backend/.venv/lib/python3.13/site-packages/django_tenants/migration_executors/standard.py", line 11, in run_migrations
    run_migrations(self.args, self.options, self.codename, self.PUBLIC_SCHEMA_NAME)
    ~~~~~~~~~~~~~~^^^^^^^^^^^^^^^^^^^^^^^^^^^^^^^^^^^^^^^^^^^^^^^^^^^^^^^^^^^^^^^^^
  File "/home/rcosta00/dev/SmartQuotation/backend/.venv/lib/python3.13/site-packages/django_tenants/migration_executors/base.py", line 51, in run_migrations
    migration_recorder.ensure_schema()
    ~~~~~~~~~~~~~~~~~~~~~~~~~~~~~~~~^^
  File "/home/rcosta00/dev/SmartQuotation/backend/.venv/lib/python3.13/site-packages/django/db/migrations/recorder.py", line 73, in ensure_schema
    if self.has_table():
       ~~~~~~~~~~~~~~^^
  File "/home/rcosta00/dev/SmartQuotation/backend/.venv/lib/python3.13/site-packages/django/db/migrations/recorder.py", line 63, in has_table
    with self.connection.cursor() as cursor:
         ~~~~~~~~~~~~~~~~~~~~~~^^
  File "/home/rcosta00/dev/SmartQuotation/backend/.venv/lib/python3.13/site-packages/django/utils/asyncio.py", line 26, in inner
    return func(*args, **kwargs)
  File "/home/rcosta00/dev/SmartQuotation/backend/.venv/lib/python3.13/site-packages/django/db/backends/base/base.py", line 320, in cursor
    return self._cursor()
           ~~~~~~~~~~~~^^
  File "/home/rcosta00/dev/SmartQuotation/backend/.venv/lib/python3.13/site-packages/django_tenants/postgresql_backend/base.py", line 144, in _cursor
    cursor = super()._cursor()
  File "/home/rcosta00/dev/SmartQuotation/backend/.venv/lib/python3.13/site-packages/django/db/backends/base/base.py", line 297, in _cursor
    with self.wrap_database_errors:
         ^^^^^^^^^^^^^^^^^^^^^^^^^
  File "/home/rcosta00/dev/SmartQuotation/backend/.venv/lib/python3.13/site-packages/django/db/utils.py", line 91, in __exit__
    raise dj_exc_value.with_traceback(traceback) from exc_value
  File "/home/rcosta00/dev/SmartQuotation/backend/.venv/lib/python3.13/site-packages/django/db/backends/base/base.py", line 298, in _cursor
    return self._prepare_cursor(self.create_cursor(name))
                                ~~~~~~~~~~~~~~~~~~^^^^^^
  File "/home/rcosta00/dev/SmartQuotation/backend/.venv/lib/python3.13/site-packages/django/utils/asyncio.py", line 26, in inner
    return func(*args, **kwargs)
  File "/home/rcosta00/dev/SmartQuotation/backend/.venv/lib/python3.13/site-packages/django/db/backends/postgresql/base.py", line 429, in create_cursor
    cursor = self.connection.cursor()
django.db.utils.InterfaceError: connection already closed

======================================================================
ERROR: setUpClass (apps.integrations.sap_b1.tests.SapB1AdminTests)
----------------------------------------------------------------------
Traceback (most recent call last):
  File "/home/rcosta00/dev/SmartQuotation/backend/.venv/lib/python3.13/site-packages/django/db/backends/base/base.py", line 298, in _cursor
    return self._prepare_cursor(self.create_cursor(name))
                                ~~~~~~~~~~~~~~~~~~^^^^^^
  File "/home/rcosta00/dev/SmartQuotation/backend/.venv/lib/python3.13/site-packages/django/utils/asyncio.py", line 26, in inner
    return func(*args, **kwargs)
  File "/home/rcosta00/dev/SmartQuotation/backend/.venv/lib/python3.13/site-packages/django/db/backends/postgresql/base.py", line 429, in create_cursor
    cursor = self.connection.cursor()
psycopg2.InterfaceError: connection already closed

The above exception was the direct cause of the following exception:

Traceback (most recent call last):
  File "/home/rcosta00/dev/SmartQuotation/backend/.venv/lib/python3.13/site-packages/django_tenants/test/cases.py", line 34, in setUpClass
    cls.sync_shared()
    ~~~~~~~~~~~~~~~^^
  File "/home/rcosta00/dev/SmartQuotation/backend/.venv/lib/python3.13/site-packages/django_tenants/test/cases.py", line 76, in sync_shared
    call_command('migrate_schemas',
    ~~~~~~~~~~~~^^^^^^^^^^^^^^^^^^^
                 schema_name=get_public_schema_name(),
                 ^^^^^^^^^^^^^^^^^^^^^^^^^^^^^^^^^^^^^
                 interactive=False,
                 ^^^^^^^^^^^^^^^^^^
                 verbosity=0)
                 ^^^^^^^^^^^^
  File "/home/rcosta00/dev/SmartQuotation/backend/.venv/lib/python3.13/site-packages/django/core/management/__init__.py", line 194, in call_command
    return command.execute(*args, **defaults)
           ~~~~~~~~~~~~~~~^^^^^^^^^^^^^^^^^^^
  File "/home/rcosta00/dev/SmartQuotation/backend/.venv/lib/python3.13/site-packages/django/core/management/base.py", line 460, in execute
    output = self.handle(*args, **options)
  File "/home/rcosta00/dev/SmartQuotation/backend/.venv/lib/python3.13/site-packages/django_tenants/management/commands/migrate_schemas.py", line 66, in handle
    executor.run_migrations(tenants=[self.PUBLIC_SCHEMA_NAME])
    ~~~~~~~~~~~~~~~~~~~~~~~^^^^^^^^^^^^^^^^^^^^^^^^^^^^^^^^^^^
  File "/home/rcosta00/dev/SmartQuotation/backend/.venv/lib/python3.13/site-packages/django_tenants/migration_executors/standard.py", line 11, in run_migrations
    run_migrations(self.args, self.options, self.codename, self.PUBLIC_SCHEMA_NAME)
    ~~~~~~~~~~~~~~^^^^^^^^^^^^^^^^^^^^^^^^^^^^^^^^^^^^^^^^^^^^^^^^^^^^^^^^^^^^^^^^^
  File "/home/rcosta00/dev/SmartQuotation/backend/.venv/lib/python3.13/site-packages/django_tenants/migration_executors/base.py", line 51, in run_migrations
    migration_recorder.ensure_schema()
    ~~~~~~~~~~~~~~~~~~~~~~~~~~~~~~~~^^
  File "/home/rcosta00/dev/SmartQuotation/backend/.venv/lib/python3.13/site-packages/django/db/migrations/recorder.py", line 73, in ensure_schema
    if self.has_table():
       ~~~~~~~~~~~~~~^^
  File "/home/rcosta00/dev/SmartQuotation/backend/.venv/lib/python3.13/site-packages/django/db/migrations/recorder.py", line 63, in has_table
    with self.connection.cursor() as cursor:
         ~~~~~~~~~~~~~~~~~~~~~~^^
  File "/home/rcosta00/dev/SmartQuotation/backend/.venv/lib/python3.13/site-packages/django/utils/asyncio.py", line 26, in inner
    return func(*args, **kwargs)
  File "/home/rcosta00/dev/SmartQuotation/backend/.venv/lib/python3.13/site-packages/django/db/backends/base/base.py", line 320, in cursor
    return self._cursor()
           ~~~~~~~~~~~~^^
  File "/home/rcosta00/dev/SmartQuotation/backend/.venv/lib/python3.13/site-packages/django_tenants/postgresql_backend/base.py", line 144, in _cursor
    cursor = super()._cursor()
  File "/home/rcosta00/dev/SmartQuotation/backend/.venv/lib/python3.13/site-packages/django/db/backends/base/base.py", line 297, in _cursor
    with self.wrap_database_errors:
         ^^^^^^^^^^^^^^^^^^^^^^^^^
  File "/home/rcosta00/dev/SmartQuotation/backend/.venv/lib/python3.13/site-packages/django/db/utils.py", line 91, in __exit__
    raise dj_exc_value.with_traceback(traceback) from exc_value
  File "/home/rcosta00/dev/SmartQuotation/backend/.venv/lib/python3.13/site-packages/django/db/backends/base/base.py", line 298, in _cursor
    return self._prepare_cursor(self.create_cursor(name))
                                ~~~~~~~~~~~~~~~~~~^^^^^^
  File "/home/rcosta00/dev/SmartQuotation/backend/.venv/lib/python3.13/site-packages/django/utils/asyncio.py", line 26, in inner
    return func(*args, **kwargs)
  File "/home/rcosta00/dev/SmartQuotation/backend/.venv/lib/python3.13/site-packages/django/db/backends/postgresql/base.py", line 429, in create_cursor
    cursor = self.connection.cursor()
django.db.utils.InterfaceError: connection already closed

======================================================================
ERROR: setUpClass (apps.integrations.sap_b1.tests.SapB1AutoExportSignalTests)
----------------------------------------------------------------------
Traceback (most recent call last):
  File "/home/rcosta00/dev/SmartQuotation/backend/.venv/lib/python3.13/site-packages/django/db/backends/base/base.py", line 298, in _cursor
    return self._prepare_cursor(self.create_cursor(name))
                                ~~~~~~~~~~~~~~~~~~^^^^^^
  File "/home/rcosta00/dev/SmartQuotation/backend/.venv/lib/python3.13/site-packages/django/utils/asyncio.py", line 26, in inner
    return func(*args, **kwargs)
  File "/home/rcosta00/dev/SmartQuotation/backend/.venv/lib/python3.13/site-packages/django/db/backends/postgresql/base.py", line 429, in create_cursor
    cursor = self.connection.cursor()
psycopg2.InterfaceError: connection already closed

The above exception was the direct cause of the following exception:

Traceback (most recent call last):
  File "/home/rcosta00/dev/SmartQuotation/backend/.venv/lib/python3.13/site-packages/django_tenants/test/cases.py", line 34, in setUpClass
    cls.sync_shared()
    ~~~~~~~~~~~~~~~^^
  File "/home/rcosta00/dev/SmartQuotation/backend/.venv/lib/python3.13/site-packages/django_tenants/test/cases.py", line 76, in sync_shared
    call_command('migrate_schemas',
    ~~~~~~~~~~~~^^^^^^^^^^^^^^^^^^^
                 schema_name=get_public_schema_name(),
                 ^^^^^^^^^^^^^^^^^^^^^^^^^^^^^^^^^^^^^
                 interactive=False,
                 ^^^^^^^^^^^^^^^^^^
                 verbosity=0)
                 ^^^^^^^^^^^^
  File "/home/rcosta00/dev/SmartQuotation/backend/.venv/lib/python3.13/site-packages/django/core/management/__init__.py", line 194, in call_command
    return command.execute(*args, **defaults)
           ~~~~~~~~~~~~~~~^^^^^^^^^^^^^^^^^^^
  File "/home/rcosta00/dev/SmartQuotation/backend/.venv/lib/python3.13/site-packages/django/core/management/base.py", line 460, in execute
    output = self.handle(*args, **options)
  File "/home/rcosta00/dev/SmartQuotation/backend/.venv/lib/python3.13/site-packages/django_tenants/management/commands/migrate_schemas.py", line 66, in handle
    executor.run_migrations(tenants=[self.PUBLIC_SCHEMA_NAME])
    ~~~~~~~~~~~~~~~~~~~~~~~^^^^^^^^^^^^^^^^^^^^^^^^^^^^^^^^^^^
  File "/home/rcosta00/dev/SmartQuotation/backend/.venv/lib/python3.13/site-packages/django_tenants/migration_executors/standard.py", line 11, in run_migrations
    run_migrations(self.args, self.options, self.codename, self.PUBLIC_SCHEMA_NAME)
    ~~~~~~~~~~~~~~^^^^^^^^^^^^^^^^^^^^^^^^^^^^^^^^^^^^^^^^^^^^^^^^^^^^^^^^^^^^^^^^^
  File "/home/rcosta00/dev/SmartQuotation/backend/.venv/lib/python3.13/site-packages/django_tenants/migration_executors/base.py", line 51, in run_migrations
    migration_recorder.ensure_schema()
    ~~~~~~~~~~~~~~~~~~~~~~~~~~~~~~~~^^
  File "/home/rcosta00/dev/SmartQuotation/backend/.venv/lib/python3.13/site-packages/django/db/migrations/recorder.py", line 73, in ensure_schema
    if self.has_table():
       ~~~~~~~~~~~~~~^^
  File "/home/rcosta00/dev/SmartQuotation/backend/.venv/lib/python3.13/site-packages/django/db/migrations/recorder.py", line 63, in has_table
    with self.connection.cursor() as cursor:
         ~~~~~~~~~~~~~~~~~~~~~~^^
  File "/home/rcosta00/dev/SmartQuotation/backend/.venv/lib/python3.13/site-packages/django/utils/asyncio.py", line 26, in inner
    return func(*args, **kwargs)
  File "/home/rcosta00/dev/SmartQuotation/backend/.venv/lib/python3.13/site-packages/django/db/backends/base/base.py", line 320, in cursor
    return self._cursor()
           ~~~~~~~~~~~~^^
  File "/home/rcosta00/dev/SmartQuotation/backend/.venv/lib/python3.13/site-packages/django_tenants/postgresql_backend/base.py", line 144, in _cursor
    cursor = super()._cursor()
  File "/home/rcosta00/dev/SmartQuotation/backend/.venv/lib/python3.13/site-packages/django/db/backends/base/base.py", line 297, in _cursor
    with self.wrap_database_errors:
         ^^^^^^^^^^^^^^^^^^^^^^^^^
  File "/home/rcosta00/dev/SmartQuotation/backend/.venv/lib/python3.13/site-packages/django/db/utils.py", line 91, in __exit__
    raise dj_exc_value.with_traceback(traceback) from exc_value
  File "/home/rcosta00/dev/SmartQuotation/backend/.venv/lib/python3.13/site-packages/django/db/backends/base/base.py", line 298, in _cursor
    return self._prepare_cursor(self.create_cursor(name))
                                ~~~~~~~~~~~~~~~~~~^^^^^^
  File "/home/rcosta00/dev/SmartQuotation/backend/.venv/lib/python3.13/site-packages/django/utils/asyncio.py", line 26, in inner
    return func(*args, **kwargs)
  File "/home/rcosta00/dev/SmartQuotation/backend/.venv/lib/python3.13/site-packages/django/db/backends/postgresql/base.py", line 429, in create_cursor
    cursor = self.connection.cursor()
django.db.utils.InterfaceError: connection already closed

======================================================================
ERROR: setUpClass (apps.integrations.sap_b1.tests.SapB1ConflictDetectionTests)
----------------------------------------------------------------------
Traceback (most recent call last):
  File "/home/rcosta00/dev/SmartQuotation/backend/.venv/lib/python3.13/site-packages/django/db/backends/base/base.py", line 298, in _cursor
    return self._prepare_cursor(self.create_cursor(name))
                                ~~~~~~~~~~~~~~~~~~^^^^^^
  File "/home/rcosta00/dev/SmartQuotation/backend/.venv/lib/python3.13/site-packages/django/utils/asyncio.py", line 26, in inner
    return func(*args, **kwargs)
  File "/home/rcosta00/dev/SmartQuotation/backend/.venv/lib/python3.13/site-packages/django/db/backends/postgresql/base.py", line 429, in create_cursor
    cursor = self.connection.cursor()
psycopg2.InterfaceError: connection already closed

The above exception was the direct cause of the following exception:

Traceback (most recent call last):
  File "/home/rcosta00/dev/SmartQuotation/backend/.venv/lib/python3.13/site-packages/django_tenants/test/cases.py", line 34, in setUpClass
    cls.sync_shared()
    ~~~~~~~~~~~~~~~^^
  File "/home/rcosta00/dev/SmartQuotation/backend/.venv/lib/python3.13/site-packages/django_tenants/test/cases.py", line 76, in sync_shared
    call_command('migrate_schemas',
    ~~~~~~~~~~~~^^^^^^^^^^^^^^^^^^^
                 schema_name=get_public_schema_name(),
                 ^^^^^^^^^^^^^^^^^^^^^^^^^^^^^^^^^^^^^
                 interactive=False,
                 ^^^^^^^^^^^^^^^^^^
                 verbosity=0)
                 ^^^^^^^^^^^^
  File "/home/rcosta00/dev/SmartQuotation/backend/.venv/lib/python3.13/site-packages/django/core/management/__init__.py", line 194, in call_command
    return command.execute(*args, **defaults)
           ~~~~~~~~~~~~~~~^^^^^^^^^^^^^^^^^^^
  File "/home/rcosta00/dev/SmartQuotation/backend/.venv/lib/python3.13/site-packages/django/core/management/base.py", line 460, in execute
    output = self.handle(*args, **options)
  File "/home/rcosta00/dev/SmartQuotation/backend/.venv/lib/python3.13/site-packages/django_tenants/management/commands/migrate_schemas.py", line 66, in handle
    executor.run_migrations(tenants=[self.PUBLIC_SCHEMA_NAME])
    ~~~~~~~~~~~~~~~~~~~~~~~^^^^^^^^^^^^^^^^^^^^^^^^^^^^^^^^^^^
  File "/home/rcosta00/dev/SmartQuotation/backend/.venv/lib/python3.13/site-packages/django_tenants/migration_executors/standard.py", line 11, in run_migrations
    run_migrations(self.args, self.options, self.codename, self.PUBLIC_SCHEMA_NAME)
    ~~~~~~~~~~~~~~^^^^^^^^^^^^^^^^^^^^^^^^^^^^^^^^^^^^^^^^^^^^^^^^^^^^^^^^^^^^^^^^^
  File "/home/rcosta00/dev/SmartQuotation/backend/.venv/lib/python3.13/site-packages/django_tenants/migration_executors/base.py", line 51, in run_migrations
    migration_recorder.ensure_schema()
    ~~~~~~~~~~~~~~~~~~~~~~~~~~~~~~~~^^
  File "/home/rcosta00/dev/SmartQuotation/backend/.venv/lib/python3.13/site-packages/django/db/migrations/recorder.py", line 73, in ensure_schema
    if self.has_table():
       ~~~~~~~~~~~~~~^^
  File "/home/rcosta00/dev/SmartQuotation/backend/.venv/lib/python3.13/site-packages/django/db/migrations/recorder.py", line 63, in has_table
    with self.connection.cursor() as cursor:
         ~~~~~~~~~~~~~~~~~~~~~~^^
  File "/home/rcosta00/dev/SmartQuotation/backend/.venv/lib/python3.13/site-packages/django/utils/asyncio.py", line 26, in inner
    return func(*args, **kwargs)
  File "/home/rcosta00/dev/SmartQuotation/backend/.venv/lib/python3.13/site-packages/django/db/backends/base/base.py", line 320, in cursor
    return self._cursor()
           ~~~~~~~~~~~~^^
  File "/home/rcosta00/dev/SmartQuotation/backend/.venv/lib/python3.13/site-packages/django_tenants/postgresql_backend/base.py", line 144, in _cursor
    cursor = super()._cursor()
  File "/home/rcosta00/dev/SmartQuotation/backend/.venv/lib/python3.13/site-packages/django/db/backends/base/base.py", line 297, in _cursor
    with self.wrap_database_errors:
         ^^^^^^^^^^^^^^^^^^^^^^^^^
  File "/home/rcosta00/dev/SmartQuotation/backend/.venv/lib/python3.13/site-packages/django/db/utils.py", line 91, in __exit__
    raise dj_exc_value.with_traceback(traceback) from exc_value
  File "/home/rcosta00/dev/SmartQuotation/backend/.venv/lib/python3.13/site-packages/django/db/backends/base/base.py", line 298, in _cursor
    return self._prepare_cursor(self.create_cursor(name))
                                ~~~~~~~~~~~~~~~~~~^^^^^^
  File "/home/rcosta00/dev/SmartQuotation/backend/.venv/lib/python3.13/site-packages/django/utils/asyncio.py", line 26, in inner
    return func(*args, **kwargs)
  File "/home/rcosta00/dev/SmartQuotation/backend/.venv/lib/python3.13/site-packages/django/db/backends/postgresql/base.py", line 429, in create_cursor
    cursor = self.connection.cursor()
django.db.utils.InterfaceError: connection already closed

======================================================================
ERROR: setUpClass (apps.integrations.sap_b1.tests.SapB1ExportLogAdminTests)
----------------------------------------------------------------------
Traceback (most recent call last):
  File "/home/rcosta00/dev/SmartQuotation/backend/.venv/lib/python3.13/site-packages/django/db/backends/base/base.py", line 298, in _cursor
    return self._prepare_cursor(self.create_cursor(name))
                                ~~~~~~~~~~~~~~~~~~^^^^^^
  File "/home/rcosta00/dev/SmartQuotation/backend/.venv/lib/python3.13/site-packages/django/utils/asyncio.py", line 26, in inner
    return func(*args, **kwargs)
  File "/home/rcosta00/dev/SmartQuotation/backend/.venv/lib/python3.13/site-packages/django/db/backends/postgresql/base.py", line 429, in create_cursor
    cursor = self.connection.cursor()
psycopg2.InterfaceError: connection already closed

The above exception was the direct cause of the following exception:

Traceback (most recent call last):
  File "/home/rcosta00/dev/SmartQuotation/backend/.venv/lib/python3.13/site-packages/django_tenants/test/cases.py", line 34, in setUpClass
    cls.sync_shared()
    ~~~~~~~~~~~~~~~^^
  File "/home/rcosta00/dev/SmartQuotation/backend/.venv/lib/python3.13/site-packages/django_tenants/test/cases.py", line 76, in sync_shared
    call_command('migrate_schemas',
    ~~~~~~~~~~~~^^^^^^^^^^^^^^^^^^^
                 schema_name=get_public_schema_name(),
                 ^^^^^^^^^^^^^^^^^^^^^^^^^^^^^^^^^^^^^
                 interactive=False,
                 ^^^^^^^^^^^^^^^^^^
                 verbosity=0)
                 ^^^^^^^^^^^^
  File "/home/rcosta00/dev/SmartQuotation/backend/.venv/lib/python3.13/site-packages/django/core/management/__init__.py", line 194, in call_command
    return command.execute(*args, **defaults)
           ~~~~~~~~~~~~~~~^^^^^^^^^^^^^^^^^^^
  File "/home/rcosta00/dev/SmartQuotation/backend/.venv/lib/python3.13/site-packages/django/core/management/base.py", line 460, in execute
    output = self.handle(*args, **options)
  File "/home/rcosta00/dev/SmartQuotation/backend/.venv/lib/python3.13/site-packages/django_tenants/management/commands/migrate_schemas.py", line 66, in handle
    executor.run_migrations(tenants=[self.PUBLIC_SCHEMA_NAME])
    ~~~~~~~~~~~~~~~~~~~~~~~^^^^^^^^^^^^^^^^^^^^^^^^^^^^^^^^^^^
  File "/home/rcosta00/dev/SmartQuotation/backend/.venv/lib/python3.13/site-packages/django_tenants/migration_executors/standard.py", line 11, in run_migrations
    run_migrations(self.args, self.options, self.codename, self.PUBLIC_SCHEMA_NAME)
    ~~~~~~~~~~~~~~^^^^^^^^^^^^^^^^^^^^^^^^^^^^^^^^^^^^^^^^^^^^^^^^^^^^^^^^^^^^^^^^^
  File "/home/rcosta00/dev/SmartQuotation/backend/.venv/lib/python3.13/site-packages/django_tenants/migration_executors/base.py", line 51, in run_migrations
    migration_recorder.ensure_schema()
    ~~~~~~~~~~~~~~~~~~~~~~~~~~~~~~~~^^
  File "/home/rcosta00/dev/SmartQuotation/backend/.venv/lib/python3.13/site-packages/django/db/migrations/recorder.py", line 73, in ensure_schema
    if self.has_table():
       ~~~~~~~~~~~~~~^^
  File "/home/rcosta00/dev/SmartQuotation/backend/.venv/lib/python3.13/site-packages/django/db/migrations/recorder.py", line 63, in has_table
    with self.connection.cursor() as cursor:
         ~~~~~~~~~~~~~~~~~~~~~~^^
  File "/home/rcosta00/dev/SmartQuotation/backend/.venv/lib/python3.13/site-packages/django/utils/asyncio.py", line 26, in inner
    return func(*args, **kwargs)
  File "/home/rcosta00/dev/SmartQuotation/backend/.venv/lib/python3.13/site-packages/django/db/backends/base/base.py", line 320, in cursor
    return self._cursor()
           ~~~~~~~~~~~~^^
  File "/home/rcosta00/dev/SmartQuotation/backend/.venv/lib/python3.13/site-packages/django_tenants/postgresql_backend/base.py", line 144, in _cursor
    cursor = super()._cursor()
  File "/home/rcosta00/dev/SmartQuotation/backend/.venv/lib/python3.13/site-packages/django/db/backends/base/base.py", line 297, in _cursor
    with self.wrap_database_errors:
         ^^^^^^^^^^^^^^^^^^^^^^^^^
  File "/home/rcosta00/dev/SmartQuotation/backend/.venv/lib/python3.13/site-packages/django/db/utils.py", line 91, in __exit__
    raise dj_exc_value.with_traceback(traceback) from exc_value
  File "/home/rcosta00/dev/SmartQuotation/backend/.venv/lib/python3.13/site-packages/django/db/backends/base/base.py", line 298, in _cursor
    return self._prepare_cursor(self.create_cursor(name))
                                ~~~~~~~~~~~~~~~~~~^^^^^^
  File "/home/rcosta00/dev/SmartQuotation/backend/.venv/lib/python3.13/site-packages/django/utils/asyncio.py", line 26, in inner
    return func(*args, **kwargs)
  File "/home/rcosta00/dev/SmartQuotation/backend/.venv/lib/python3.13/site-packages/django/db/backends/postgresql/base.py", line 429, in create_cursor
    cursor = self.connection.cursor()
django.db.utils.InterfaceError: connection already closed

======================================================================
ERROR: setUpClass (apps.integrations.sap_b1.tests.SapB1ExportLogCreationTests)
----------------------------------------------------------------------
Traceback (most recent call last):
  File "/home/rcosta00/dev/SmartQuotation/backend/.venv/lib/python3.13/site-packages/django/db/backends/base/base.py", line 298, in _cursor
    return self._prepare_cursor(self.create_cursor(name))
                                ~~~~~~~~~~~~~~~~~~^^^^^^
  File "/home/rcosta00/dev/SmartQuotation/backend/.venv/lib/python3.13/site-packages/django/utils/asyncio.py", line 26, in inner
    return func(*args, **kwargs)
  File "/home/rcosta00/dev/SmartQuotation/backend/.venv/lib/python3.13/site-packages/django/db/backends/postgresql/base.py", line 429, in create_cursor
    cursor = self.connection.cursor()
psycopg2.InterfaceError: connection already closed

The above exception was the direct cause of the following exception:

Traceback (most recent call last):
  File "/home/rcosta00/dev/SmartQuotation/backend/.venv/lib/python3.13/site-packages/django_tenants/test/cases.py", line 34, in setUpClass
    cls.sync_shared()
    ~~~~~~~~~~~~~~~^^
  File "/home/rcosta00/dev/SmartQuotation/backend/.venv/lib/python3.13/site-packages/django_tenants/test/cases.py", line 76, in sync_shared
    call_command('migrate_schemas',
    ~~~~~~~~~~~~^^^^^^^^^^^^^^^^^^^
                 schema_name=get_public_schema_name(),
                 ^^^^^^^^^^^^^^^^^^^^^^^^^^^^^^^^^^^^^
                 interactive=False,
                 ^^^^^^^^^^^^^^^^^^
                 verbosity=0)
                 ^^^^^^^^^^^^
  File "/home/rcosta00/dev/SmartQuotation/backend/.venv/lib/python3.13/site-packages/django/core/management/__init__.py", line 194, in call_command
    return command.execute(*args, **defaults)
           ~~~~~~~~~~~~~~~^^^^^^^^^^^^^^^^^^^
  File "/home/rcosta00/dev/SmartQuotation/backend/.venv/lib/python3.13/site-packages/django/core/management/base.py", line 460, in execute
    output = self.handle(*args, **options)
  File "/home/rcosta00/dev/SmartQuotation/backend/.venv/lib/python3.13/site-packages/django_tenants/management/commands/migrate_schemas.py", line 66, in handle
    executor.run_migrations(tenants=[self.PUBLIC_SCHEMA_NAME])
    ~~~~~~~~~~~~~~~~~~~~~~~^^^^^^^^^^^^^^^^^^^^^^^^^^^^^^^^^^^
  File "/home/rcosta00/dev/SmartQuotation/backend/.venv/lib/python3.13/site-packages/django_tenants/migration_executors/standard.py", line 11, in run_migrations
    run_migrations(self.args, self.options, self.codename, self.PUBLIC_SCHEMA_NAME)
    ~~~~~~~~~~~~~~^^^^^^^^^^^^^^^^^^^^^^^^^^^^^^^^^^^^^^^^^^^^^^^^^^^^^^^^^^^^^^^^^
  File "/home/rcosta00/dev/SmartQuotation/backend/.venv/lib/python3.13/site-packages/django_tenants/migration_executors/base.py", line 51, in run_migrations
    migration_recorder.ensure_schema()
    ~~~~~~~~~~~~~~~~~~~~~~~~~~~~~~~~^^
  File "/home/rcosta00/dev/SmartQuotation/backend/.venv/lib/python3.13/site-packages/django/db/migrations/recorder.py", line 73, in ensure_schema
    if self.has_table():
       ~~~~~~~~~~~~~~^^
  File "/home/rcosta00/dev/SmartQuotation/backend/.venv/lib/python3.13/site-packages/django/db/migrations/recorder.py", line 63, in has_table
    with self.connection.cursor() as cursor:
         ~~~~~~~~~~~~~~~~~~~~~~^^
  File "/home/rcosta00/dev/SmartQuotation/backend/.venv/lib/python3.13/site-packages/django/utils/asyncio.py", line 26, in inner
    return func(*args, **kwargs)
  File "/home/rcosta00/dev/SmartQuotation/backend/.venv/lib/python3.13/site-packages/django/db/backends/base/base.py", line 320, in cursor
    return self._cursor()
           ~~~~~~~~~~~~^^
  File "/home/rcosta00/dev/SmartQuotation/backend/.venv/lib/python3.13/site-packages/django_tenants/postgresql_backend/base.py", line 144, in _cursor
    cursor = super()._cursor()
  File "/home/rcosta00/dev/SmartQuotation/backend/.venv/lib/python3.13/site-packages/django/db/backends/base/base.py", line 297, in _cursor
    with self.wrap_database_errors:
         ^^^^^^^^^^^^^^^^^^^^^^^^^
  File "/home/rcosta00/dev/SmartQuotation/backend/.venv/lib/python3.13/site-packages/django/db/utils.py", line 91, in __exit__
    raise dj_exc_value.with_traceback(traceback) from exc_value
  File "/home/rcosta00/dev/SmartQuotation/backend/.venv/lib/python3.13/site-packages/django/db/backends/base/base.py", line 298, in _cursor
    return self._prepare_cursor(self.create_cursor(name))
                                ~~~~~~~~~~~~~~~~~~^^^^^^
  File "/home/rcosta00/dev/SmartQuotation/backend/.venv/lib/python3.13/site-packages/django/utils/asyncio.py", line 26, in inner
    return func(*args, **kwargs)
  File "/home/rcosta00/dev/SmartQuotation/backend/.venv/lib/python3.13/site-packages/django/db/backends/postgresql/base.py", line 429, in create_cursor
    cursor = self.connection.cursor()
django.db.utils.InterfaceError: connection already closed

======================================================================
ERROR: setUpClass (apps.integrations.sap_b1.tests.SapB1ExportStatusTaskTests)
----------------------------------------------------------------------
Traceback (most recent call last):
  File "/home/rcosta00/dev/SmartQuotation/backend/.venv/lib/python3.13/site-packages/django/db/backends/base/base.py", line 298, in _cursor
    return self._prepare_cursor(self.create_cursor(name))
                                ~~~~~~~~~~~~~~~~~~^^^^^^
  File "/home/rcosta00/dev/SmartQuotation/backend/.venv/lib/python3.13/site-packages/django/utils/asyncio.py", line 26, in inner
    return func(*args, **kwargs)
  File "/home/rcosta00/dev/SmartQuotation/backend/.venv/lib/python3.13/site-packages/django/db/backends/postgresql/base.py", line 429, in create_cursor
    cursor = self.connection.cursor()
psycopg2.InterfaceError: connection already closed

The above exception was the direct cause of the following exception:

Traceback (most recent call last):
  File "/home/rcosta00/dev/SmartQuotation/backend/.venv/lib/python3.13/site-packages/django_tenants/test/cases.py", line 34, in setUpClass
    cls.sync_shared()
    ~~~~~~~~~~~~~~~^^
  File "/home/rcosta00/dev/SmartQuotation/backend/.venv/lib/python3.13/site-packages/django_tenants/test/cases.py", line 76, in sync_shared
    call_command('migrate_schemas',
    ~~~~~~~~~~~~^^^^^^^^^^^^^^^^^^^
                 schema_name=get_public_schema_name(),
                 ^^^^^^^^^^^^^^^^^^^^^^^^^^^^^^^^^^^^^
                 interactive=False,
                 ^^^^^^^^^^^^^^^^^^
                 verbosity=0)
                 ^^^^^^^^^^^^
  File "/home/rcosta00/dev/SmartQuotation/backend/.venv/lib/python3.13/site-packages/django/core/management/__init__.py", line 194, in call_command
    return command.execute(*args, **defaults)
           ~~~~~~~~~~~~~~~^^^^^^^^^^^^^^^^^^^
  File "/home/rcosta00/dev/SmartQuotation/backend/.venv/lib/python3.13/site-packages/django/core/management/base.py", line 460, in execute
    output = self.handle(*args, **options)
  File "/home/rcosta00/dev/SmartQuotation/backend/.venv/lib/python3.13/site-packages/django_tenants/management/commands/migrate_schemas.py", line 66, in handle
    executor.run_migrations(tenants=[self.PUBLIC_SCHEMA_NAME])
    ~~~~~~~~~~~~~~~~~~~~~~~^^^^^^^^^^^^^^^^^^^^^^^^^^^^^^^^^^^
  File "/home/rcosta00/dev/SmartQuotation/backend/.venv/lib/python3.13/site-packages/django_tenants/migration_executors/standard.py", line 11, in run_migrations
    run_migrations(self.args, self.options, self.codename, self.PUBLIC_SCHEMA_NAME)
    ~~~~~~~~~~~~~~^^^^^^^^^^^^^^^^^^^^^^^^^^^^^^^^^^^^^^^^^^^^^^^^^^^^^^^^^^^^^^^^^
  File "/home/rcosta00/dev/SmartQuotation/backend/.venv/lib/python3.13/site-packages/django_tenants/migration_executors/base.py", line 51, in run_migrations
    migration_recorder.ensure_schema()
    ~~~~~~~~~~~~~~~~~~~~~~~~~~~~~~~~^^
  File "/home/rcosta00/dev/SmartQuotation/backend/.venv/lib/python3.13/site-packages/django/db/migrations/recorder.py", line 73, in ensure_schema
    if self.has_table():
       ~~~~~~~~~~~~~~^^
  File "/home/rcosta00/dev/SmartQuotation/backend/.venv/lib/python3.13/site-packages/django/db/migrations/recorder.py", line 63, in has_table
    with self.connection.cursor() as cursor:
         ~~~~~~~~~~~~~~~~~~~~~~^^
  File "/home/rcosta00/dev/SmartQuotation/backend/.venv/lib/python3.13/site-packages/django/utils/asyncio.py", line 26, in inner
    return func(*args, **kwargs)
  File "/home/rcosta00/dev/SmartQuotation/backend/.venv/lib/python3.13/site-packages/django/db/backends/base/base.py", line 320, in cursor
    return self._cursor()
           ~~~~~~~~~~~~^^
  File "/home/rcosta00/dev/SmartQuotation/backend/.venv/lib/python3.13/site-packages/django_tenants/postgresql_backend/base.py", line 144, in _cursor
    cursor = super()._cursor()
  File "/home/rcosta00/dev/SmartQuotation/backend/.venv/lib/python3.13/site-packages/django/db/backends/base/base.py", line 297, in _cursor
    with self.wrap_database_errors:
         ^^^^^^^^^^^^^^^^^^^^^^^^^
  File "/home/rcosta00/dev/SmartQuotation/backend/.venv/lib/python3.13/site-packages/django/db/utils.py", line 91, in __exit__
    raise dj_exc_value.with_traceback(traceback) from exc_value
  File "/home/rcosta00/dev/SmartQuotation/backend/.venv/lib/python3.13/site-packages/django/db/backends/base/base.py", line 298, in _cursor
    return self._prepare_cursor(self.create_cursor(name))
                                ~~~~~~~~~~~~~~~~~~^^^^^^
  File "/home/rcosta00/dev/SmartQuotation/backend/.venv/lib/python3.13/site-packages/django/utils/asyncio.py", line 26, in inner
    return func(*args, **kwargs)
  File "/home/rcosta00/dev/SmartQuotation/backend/.venv/lib/python3.13/site-packages/django/db/backends/postgresql/base.py", line 429, in create_cursor
    cursor = self.connection.cursor()
django.db.utils.InterfaceError: connection already closed

======================================================================
ERROR: setUpClass (apps.integrations.sap_b1.tests.SapB1ServicesTests)
----------------------------------------------------------------------
Traceback (most recent call last):
  File "/home/rcosta00/dev/SmartQuotation/backend/.venv/lib/python3.13/site-packages/django/db/backends/base/base.py", line 298, in _cursor
    return self._prepare_cursor(self.create_cursor(name))
                                ~~~~~~~~~~~~~~~~~~^^^^^^
  File "/home/rcosta00/dev/SmartQuotation/backend/.venv/lib/python3.13/site-packages/django/utils/asyncio.py", line 26, in inner
    return func(*args, **kwargs)
  File "/home/rcosta00/dev/SmartQuotation/backend/.venv/lib/python3.13/site-packages/django/db/backends/postgresql/base.py", line 429, in create_cursor
    cursor = self.connection.cursor()
psycopg2.InterfaceError: connection already closed

The above exception was the direct cause of the following exception:

Traceback (most recent call last):
  File "/home/rcosta00/dev/SmartQuotation/backend/.venv/lib/python3.13/site-packages/django_tenants/test/cases.py", line 34, in setUpClass
    cls.sync_shared()
    ~~~~~~~~~~~~~~~^^
  File "/home/rcosta00/dev/SmartQuotation/backend/.venv/lib/python3.13/site-packages/django_tenants/test/cases.py", line 76, in sync_shared
    call_command('migrate_schemas',
    ~~~~~~~~~~~~^^^^^^^^^^^^^^^^^^^
                 schema_name=get_public_schema_name(),
                 ^^^^^^^^^^^^^^^^^^^^^^^^^^^^^^^^^^^^^
                 interactive=False,
                 ^^^^^^^^^^^^^^^^^^
                 verbosity=0)
                 ^^^^^^^^^^^^
  File "/home/rcosta00/dev/SmartQuotation/backend/.venv/lib/python3.13/site-packages/django/core/management/__init__.py", line 194, in call_command
    return command.execute(*args, **defaults)
           ~~~~~~~~~~~~~~~^^^^^^^^^^^^^^^^^^^
  File "/home/rcosta00/dev/SmartQuotation/backend/.venv/lib/python3.13/site-packages/django/core/management/base.py", line 460, in execute
    output = self.handle(*args, **options)
  File "/home/rcosta00/dev/SmartQuotation/backend/.venv/lib/python3.13/site-packages/django_tenants/management/commands/migrate_schemas.py", line 66, in handle
    executor.run_migrations(tenants=[self.PUBLIC_SCHEMA_NAME])
    ~~~~~~~~~~~~~~~~~~~~~~~^^^^^^^^^^^^^^^^^^^^^^^^^^^^^^^^^^^
  File "/home/rcosta00/dev/SmartQuotation/backend/.venv/lib/python3.13/site-packages/django_tenants/migration_executors/standard.py", line 11, in run_migrations
    run_migrations(self.args, self.options, self.codename, self.PUBLIC_SCHEMA_NAME)
    ~~~~~~~~~~~~~~^^^^^^^^^^^^^^^^^^^^^^^^^^^^^^^^^^^^^^^^^^^^^^^^^^^^^^^^^^^^^^^^^
  File "/home/rcosta00/dev/SmartQuotation/backend/.venv/lib/python3.13/site-packages/django_tenants/migration_executors/base.py", line 51, in run_migrations
    migration_recorder.ensure_schema()
    ~~~~~~~~~~~~~~~~~~~~~~~~~~~~~~~~^^
  File "/home/rcosta00/dev/SmartQuotation/backend/.venv/lib/python3.13/site-packages/django/db/migrations/recorder.py", line 73, in ensure_schema
    if self.has_table():
       ~~~~~~~~~~~~~~^^
  File "/home/rcosta00/dev/SmartQuotation/backend/.venv/lib/python3.13/site-packages/django/db/migrations/recorder.py", line 63, in has_table
    with self.connection.cursor() as cursor:
         ~~~~~~~~~~~~~~~~~~~~~~^^
  File "/home/rcosta00/dev/SmartQuotation/backend/.venv/lib/python3.13/site-packages/django/utils/asyncio.py", line 26, in inner
    return func(*args, **kwargs)
  File "/home/rcosta00/dev/SmartQuotation/backend/.venv/lib/python3.13/site-packages/django/db/backends/base/base.py", line 320, in cursor
    return self._cursor()
           ~~~~~~~~~~~~^^
  File "/home/rcosta00/dev/SmartQuotation/backend/.venv/lib/python3.13/site-packages/django_tenants/postgresql_backend/base.py", line 144, in _cursor
    cursor = super()._cursor()
  File "/home/rcosta00/dev/SmartQuotation/backend/.venv/lib/python3.13/site-packages/django/db/backends/base/base.py", line 297, in _cursor
    with self.wrap_database_errors:
         ^^^^^^^^^^^^^^^^^^^^^^^^^
  File "/home/rcosta00/dev/SmartQuotation/backend/.venv/lib/python3.13/site-packages/django/db/utils.py", line 91, in __exit__
    raise dj_exc_value.with_traceback(traceback) from exc_value
  File "/home/rcosta00/dev/SmartQuotation/backend/.venv/lib/python3.13/site-packages/django/db/backends/base/base.py", line 298, in _cursor
    return self._prepare_cursor(self.create_cursor(name))
                                ~~~~~~~~~~~~~~~~~~^^^^^^
  File "/home/rcosta00/dev/SmartQuotation/backend/.venv/lib/python3.13/site-packages/django/utils/asyncio.py", line 26, in inner
    return func(*args, **kwargs)
  File "/home/rcosta00/dev/SmartQuotation/backend/.venv/lib/python3.13/site-packages/django/db/backends/postgresql/base.py", line 429, in create_cursor
    cursor = self.connection.cursor()
django.db.utils.InterfaceError: connection already closed

======================================================================
ERROR: setUpClass (apps.integrations.sap_b1.tests.SapB1TasksTests)
----------------------------------------------------------------------
Traceback (most recent call last):
  File "/home/rcosta00/dev/SmartQuotation/backend/.venv/lib/python3.13/site-packages/django/db/backends/base/base.py", line 298, in _cursor
    return self._prepare_cursor(self.create_cursor(name))
                                ~~~~~~~~~~~~~~~~~~^^^^^^
  File "/home/rcosta00/dev/SmartQuotation/backend/.venv/lib/python3.13/site-packages/django/utils/asyncio.py", line 26, in inner
    return func(*args, **kwargs)
  File "/home/rcosta00/dev/SmartQuotation/backend/.venv/lib/python3.13/site-packages/django/db/backends/postgresql/base.py", line 429, in create_cursor
    cursor = self.connection.cursor()
psycopg2.InterfaceError: connection already closed

The above exception was the direct cause of the following exception:

Traceback (most recent call last):
  File "/home/rcosta00/dev/SmartQuotation/backend/.venv/lib/python3.13/site-packages/django_tenants/test/cases.py", line 34, in setUpClass
    cls.sync_shared()
    ~~~~~~~~~~~~~~~^^
  File "/home/rcosta00/dev/SmartQuotation/backend/.venv/lib/python3.13/site-packages/django_tenants/test/cases.py", line 76, in sync_shared
    call_command('migrate_schemas',
    ~~~~~~~~~~~~^^^^^^^^^^^^^^^^^^^
                 schema_name=get_public_schema_name(),
                 ^^^^^^^^^^^^^^^^^^^^^^^^^^^^^^^^^^^^^
                 interactive=False,
                 ^^^^^^^^^^^^^^^^^^
                 verbosity=0)
                 ^^^^^^^^^^^^
  File "/home/rcosta00/dev/SmartQuotation/backend/.venv/lib/python3.13/site-packages/django/core/management/__init__.py", line 194, in call_command
    return command.execute(*args, **defaults)
           ~~~~~~~~~~~~~~~^^^^^^^^^^^^^^^^^^^
  File "/home/rcosta00/dev/SmartQuotation/backend/.venv/lib/python3.13/site-packages/django/core/management/base.py", line 460, in execute
    output = self.handle(*args, **options)
  File "/home/rcosta00/dev/SmartQuotation/backend/.venv/lib/python3.13/site-packages/django_tenants/management/commands/migrate_schemas.py", line 66, in handle
    executor.run_migrations(tenants=[self.PUBLIC_SCHEMA_NAME])
    ~~~~~~~~~~~~~~~~~~~~~~~^^^^^^^^^^^^^^^^^^^^^^^^^^^^^^^^^^^
  File "/home/rcosta00/dev/SmartQuotation/backend/.venv/lib/python3.13/site-packages/django_tenants/migration_executors/standard.py", line 11, in run_migrations
    run_migrations(self.args, self.options, self.codename, self.PUBLIC_SCHEMA_NAME)
    ~~~~~~~~~~~~~~^^^^^^^^^^^^^^^^^^^^^^^^^^^^^^^^^^^^^^^^^^^^^^^^^^^^^^^^^^^^^^^^^
  File "/home/rcosta00/dev/SmartQuotation/backend/.venv/lib/python3.13/site-packages/django_tenants/migration_executors/base.py", line 51, in run_migrations
    migration_recorder.ensure_schema()
    ~~~~~~~~~~~~~~~~~~~~~~~~~~~~~~~~^^
  File "/home/rcosta00/dev/SmartQuotation/backend/.venv/lib/python3.13/site-packages/django/db/migrations/recorder.py", line 73, in ensure_schema
    if self.has_table():
       ~~~~~~~~~~~~~~^^
  File "/home/rcosta00/dev/SmartQuotation/backend/.venv/lib/python3.13/site-packages/django/db/migrations/recorder.py", line 63, in has_table
    with self.connection.cursor() as cursor:
         ~~~~~~~~~~~~~~~~~~~~~~^^
  File "/home/rcosta00/dev/SmartQuotation/backend/.venv/lib/python3.13/site-packages/django/utils/asyncio.py", line 26, in inner
    return func(*args, **kwargs)
  File "/home/rcosta00/dev/SmartQuotation/backend/.venv/lib/python3.13/site-packages/django/db/backends/base/base.py", line 320, in cursor
    return self._cursor()
           ~~~~~~~~~~~~^^
  File "/home/rcosta00/dev/SmartQuotation/backend/.venv/lib/python3.13/site-packages/django_tenants/postgresql_backend/base.py", line 144, in _cursor
    cursor = super()._cursor()
  File "/home/rcosta00/dev/SmartQuotation/backend/.venv/lib/python3.13/site-packages/django/db/backends/base/base.py", line 297, in _cursor
    with self.wrap_database_errors:
         ^^^^^^^^^^^^^^^^^^^^^^^^^
  File "/home/rcosta00/dev/SmartQuotation/backend/.venv/lib/python3.13/site-packages/django/db/utils.py", line 91, in __exit__
    raise dj_exc_value.with_traceback(traceback) from exc_value
  File "/home/rcosta00/dev/SmartQuotation/backend/.venv/lib/python3.13/site-packages/django/db/backends/base/base.py", line 298, in _cursor
    return self._prepare_cursor(self.create_cursor(name))
                                ~~~~~~~~~~~~~~~~~~^^^^^^
  File "/home/rcosta00/dev/SmartQuotation/backend/.venv/lib/python3.13/site-packages/django/utils/asyncio.py", line 26, in inner
    return func(*args, **kwargs)
  File "/home/rcosta00/dev/SmartQuotation/backend/.venv/lib/python3.13/site-packages/django/db/backends/postgresql/base.py", line 429, in create_cursor
    cursor = self.connection.cursor()
django.db.utils.InterfaceError: connection already closed

======================================================================
ERROR: setUpClass (apps.materials.tests.MaterialListViewTests)
----------------------------------------------------------------------
Traceback (most recent call last):
  File "/home/rcosta00/dev/SmartQuotation/backend/.venv/lib/python3.13/site-packages/django/db/backends/base/base.py", line 298, in _cursor
    return self._prepare_cursor(self.create_cursor(name))
                                ~~~~~~~~~~~~~~~~~~^^^^^^
  File "/home/rcosta00/dev/SmartQuotation/backend/.venv/lib/python3.13/site-packages/django/utils/asyncio.py", line 26, in inner
    return func(*args, **kwargs)
  File "/home/rcosta00/dev/SmartQuotation/backend/.venv/lib/python3.13/site-packages/django/db/backends/postgresql/base.py", line 429, in create_cursor
    cursor = self.connection.cursor()
psycopg2.InterfaceError: connection already closed

The above exception was the direct cause of the following exception:

Traceback (most recent call last):
  File "/home/rcosta00/dev/SmartQuotation/backend/.venv/lib/python3.13/site-packages/django_tenants/test/cases.py", line 34, in setUpClass
    cls.sync_shared()
    ~~~~~~~~~~~~~~~^^
  File "/home/rcosta00/dev/SmartQuotation/backend/.venv/lib/python3.13/site-packages/django_tenants/test/cases.py", line 76, in sync_shared
    call_command('migrate_schemas',
    ~~~~~~~~~~~~^^^^^^^^^^^^^^^^^^^
                 schema_name=get_public_schema_name(),
                 ^^^^^^^^^^^^^^^^^^^^^^^^^^^^^^^^^^^^^
                 interactive=False,
                 ^^^^^^^^^^^^^^^^^^
                 verbosity=0)
                 ^^^^^^^^^^^^
  File "/home/rcosta00/dev/SmartQuotation/backend/.venv/lib/python3.13/site-packages/django/core/management/__init__.py", line 194, in call_command
    return command.execute(*args, **defaults)
           ~~~~~~~~~~~~~~~^^^^^^^^^^^^^^^^^^^
  File "/home/rcosta00/dev/SmartQuotation/backend/.venv/lib/python3.13/site-packages/django/core/management/base.py", line 460, in execute
    output = self.handle(*args, **options)
  File "/home/rcosta00/dev/SmartQuotation/backend/.venv/lib/python3.13/site-packages/django_tenants/management/commands/migrate_schemas.py", line 66, in handle
    executor.run_migrations(tenants=[self.PUBLIC_SCHEMA_NAME])
    ~~~~~~~~~~~~~~~~~~~~~~~^^^^^^^^^^^^^^^^^^^^^^^^^^^^^^^^^^^
  File "/home/rcosta00/dev/SmartQuotation/backend/.venv/lib/python3.13/site-packages/django_tenants/migration_executors/standard.py", line 11, in run_migrations
    run_migrations(self.args, self.options, self.codename, self.PUBLIC_SCHEMA_NAME)
    ~~~~~~~~~~~~~~^^^^^^^^^^^^^^^^^^^^^^^^^^^^^^^^^^^^^^^^^^^^^^^^^^^^^^^^^^^^^^^^^
  File "/home/rcosta00/dev/SmartQuotation/backend/.venv/lib/python3.13/site-packages/django_tenants/migration_executors/base.py", line 51, in run_migrations
    migration_recorder.ensure_schema()
    ~~~~~~~~~~~~~~~~~~~~~~~~~~~~~~~~^^
  File "/home/rcosta00/dev/SmartQuotation/backend/.venv/lib/python3.13/site-packages/django/db/migrations/recorder.py", line 73, in ensure_schema
    if self.has_table():
       ~~~~~~~~~~~~~~^^
  File "/home/rcosta00/dev/SmartQuotation/backend/.venv/lib/python3.13/site-packages/django/db/migrations/recorder.py", line 63, in has_table
    with self.connection.cursor() as cursor:
         ~~~~~~~~~~~~~~~~~~~~~~^^
  File "/home/rcosta00/dev/SmartQuotation/backend/.venv/lib/python3.13/site-packages/django/utils/asyncio.py", line 26, in inner
    return func(*args, **kwargs)
  File "/home/rcosta00/dev/SmartQuotation/backend/.venv/lib/python3.13/site-packages/django/db/backends/base/base.py", line 320, in cursor
    return self._cursor()
           ~~~~~~~~~~~~^^
  File "/home/rcosta00/dev/SmartQuotation/backend/.venv/lib/python3.13/site-packages/django_tenants/postgresql_backend/base.py", line 144, in _cursor
    cursor = super()._cursor()
  File "/home/rcosta00/dev/SmartQuotation/backend/.venv/lib/python3.13/site-packages/django/db/backends/base/base.py", line 297, in _cursor
    with self.wrap_database_errors:
         ^^^^^^^^^^^^^^^^^^^^^^^^^
  File "/home/rcosta00/dev/SmartQuotation/backend/.venv/lib/python3.13/site-packages/django/db/utils.py", line 91, in __exit__
    raise dj_exc_value.with_traceback(traceback) from exc_value
  File "/home/rcosta00/dev/SmartQuotation/backend/.venv/lib/python3.13/site-packages/django/db/backends/base/base.py", line 298, in _cursor
    return self._prepare_cursor(self.create_cursor(name))
                                ~~~~~~~~~~~~~~~~~~^^^^^^
  File "/home/rcosta00/dev/SmartQuotation/backend/.venv/lib/python3.13/site-packages/django/utils/asyncio.py", line 26, in inner
    return func(*args, **kwargs)
  File "/home/rcosta00/dev/SmartQuotation/backend/.venv/lib/python3.13/site-packages/django/db/backends/postgresql/base.py", line 429, in create_cursor
    cursor = self.connection.cursor()
django.db.utils.InterfaceError: connection already closed

======================================================================
ERROR: setUpClass (apps.materials.tests.MaterialPriceAcceptanceTests)
----------------------------------------------------------------------
Traceback (most recent call last):
  File "/home/rcosta00/dev/SmartQuotation/backend/.venv/lib/python3.13/site-packages/django/db/backends/base/base.py", line 298, in _cursor
    return self._prepare_cursor(self.create_cursor(name))
                                ~~~~~~~~~~~~~~~~~~^^^^^^
  File "/home/rcosta00/dev/SmartQuotation/backend/.venv/lib/python3.13/site-packages/django/utils/asyncio.py", line 26, in inner
    return func(*args, **kwargs)
  File "/home/rcosta00/dev/SmartQuotation/backend/.venv/lib/python3.13/site-packages/django/db/backends/postgresql/base.py", line 429, in create_cursor
    cursor = self.connection.cursor()
psycopg2.InterfaceError: connection already closed

The above exception was the direct cause of the following exception:

Traceback (most recent call last):
  File "/home/rcosta00/dev/SmartQuotation/backend/.venv/lib/python3.13/site-packages/django_tenants/test/cases.py", line 34, in setUpClass
    cls.sync_shared()
    ~~~~~~~~~~~~~~~^^
  File "/home/rcosta00/dev/SmartQuotation/backend/.venv/lib/python3.13/site-packages/django_tenants/test/cases.py", line 76, in sync_shared
    call_command('migrate_schemas',
    ~~~~~~~~~~~~^^^^^^^^^^^^^^^^^^^
                 schema_name=get_public_schema_name(),
                 ^^^^^^^^^^^^^^^^^^^^^^^^^^^^^^^^^^^^^
                 interactive=False,
                 ^^^^^^^^^^^^^^^^^^
                 verbosity=0)
                 ^^^^^^^^^^^^
  File "/home/rcosta00/dev/SmartQuotation/backend/.venv/lib/python3.13/site-packages/django/core/management/__init__.py", line 194, in call_command
    return command.execute(*args, **defaults)
           ~~~~~~~~~~~~~~~^^^^^^^^^^^^^^^^^^^
  File "/home/rcosta00/dev/SmartQuotation/backend/.venv/lib/python3.13/site-packages/django/core/management/base.py", line 460, in execute
    output = self.handle(*args, **options)
  File "/home/rcosta00/dev/SmartQuotation/backend/.venv/lib/python3.13/site-packages/django_tenants/management/commands/migrate_schemas.py", line 66, in handle
    executor.run_migrations(tenants=[self.PUBLIC_SCHEMA_NAME])
    ~~~~~~~~~~~~~~~~~~~~~~~^^^^^^^^^^^^^^^^^^^^^^^^^^^^^^^^^^^
  File "/home/rcosta00/dev/SmartQuotation/backend/.venv/lib/python3.13/site-packages/django_tenants/migration_executors/standard.py", line 11, in run_migrations
    run_migrations(self.args, self.options, self.codename, self.PUBLIC_SCHEMA_NAME)
    ~~~~~~~~~~~~~~^^^^^^^^^^^^^^^^^^^^^^^^^^^^^^^^^^^^^^^^^^^^^^^^^^^^^^^^^^^^^^^^^
  File "/home/rcosta00/dev/SmartQuotation/backend/.venv/lib/python3.13/site-packages/django_tenants/migration_executors/base.py", line 51, in run_migrations
    migration_recorder.ensure_schema()
    ~~~~~~~~~~~~~~~~~~~~~~~~~~~~~~~~^^
  File "/home/rcosta00/dev/SmartQuotation/backend/.venv/lib/python3.13/site-packages/django/db/migrations/recorder.py", line 73, in ensure_schema
    if self.has_table():
       ~~~~~~~~~~~~~~^^
  File "/home/rcosta00/dev/SmartQuotation/backend/.venv/lib/python3.13/site-packages/django/db/migrations/recorder.py", line 63, in has_table
    with self.connection.cursor() as cursor:
         ~~~~~~~~~~~~~~~~~~~~~~^^
  File "/home/rcosta00/dev/SmartQuotation/backend/.venv/lib/python3.13/site-packages/django/utils/asyncio.py", line 26, in inner
    return func(*args, **kwargs)
  File "/home/rcosta00/dev/SmartQuotation/backend/.venv/lib/python3.13/site-packages/django/db/backends/base/base.py", line 320, in cursor
    return self._cursor()
           ~~~~~~~~~~~~^^
  File "/home/rcosta00/dev/SmartQuotation/backend/.venv/lib/python3.13/site-packages/django_tenants/postgresql_backend/base.py", line 144, in _cursor
    cursor = super()._cursor()
  File "/home/rcosta00/dev/SmartQuotation/backend/.venv/lib/python3.13/site-packages/django/db/backends/base/base.py", line 297, in _cursor
    with self.wrap_database_errors:
         ^^^^^^^^^^^^^^^^^^^^^^^^^
  File "/home/rcosta00/dev/SmartQuotation/backend/.venv/lib/python3.13/site-packages/django/db/utils.py", line 91, in __exit__
    raise dj_exc_value.with_traceback(traceback) from exc_value
  File "/home/rcosta00/dev/SmartQuotation/backend/.venv/lib/python3.13/site-packages/django/db/backends/base/base.py", line 298, in _cursor
    return self._prepare_cursor(self.create_cursor(name))
                                ~~~~~~~~~~~~~~~~~~^^^^^^
  File "/home/rcosta00/dev/SmartQuotation/backend/.venv/lib/python3.13/site-packages/django/utils/asyncio.py", line 26, in inner
    return func(*args, **kwargs)
  File "/home/rcosta00/dev/SmartQuotation/backend/.venv/lib/python3.13/site-packages/django/db/backends/postgresql/base.py", line 429, in create_cursor
    cursor = self.connection.cursor()
django.db.utils.InterfaceError: connection already closed

======================================================================
ERROR: setUpClass (apps.materials.tests.MaterialPriceEditViewTests)
----------------------------------------------------------------------
Traceback (most recent call last):
  File "/home/rcosta00/dev/SmartQuotation/backend/.venv/lib/python3.13/site-packages/django/db/backends/base/base.py", line 298, in _cursor
    return self._prepare_cursor(self.create_cursor(name))
                                ~~~~~~~~~~~~~~~~~~^^^^^^
  File "/home/rcosta00/dev/SmartQuotation/backend/.venv/lib/python3.13/site-packages/django/utils/asyncio.py", line 26, in inner
    return func(*args, **kwargs)
  File "/home/rcosta00/dev/SmartQuotation/backend/.venv/lib/python3.13/site-packages/django/db/backends/postgresql/base.py", line 429, in create_cursor
    cursor = self.connection.cursor()
psycopg2.InterfaceError: connection already closed

The above exception was the direct cause of the following exception:

Traceback (most recent call last):
  File "/home/rcosta00/dev/SmartQuotation/backend/.venv/lib/python3.13/site-packages/django_tenants/test/cases.py", line 34, in setUpClass
    cls.sync_shared()
    ~~~~~~~~~~~~~~~^^
  File "/home/rcosta00/dev/SmartQuotation/backend/.venv/lib/python3.13/site-packages/django_tenants/test/cases.py", line 76, in sync_shared
    call_command('migrate_schemas',
    ~~~~~~~~~~~~^^^^^^^^^^^^^^^^^^^
                 schema_name=get_public_schema_name(),
                 ^^^^^^^^^^^^^^^^^^^^^^^^^^^^^^^^^^^^^
                 interactive=False,
                 ^^^^^^^^^^^^^^^^^^
                 verbosity=0)
                 ^^^^^^^^^^^^
  File "/home/rcosta00/dev/SmartQuotation/backend/.venv/lib/python3.13/site-packages/django/core/management/__init__.py", line 194, in call_command
    return command.execute(*args, **defaults)
           ~~~~~~~~~~~~~~~^^^^^^^^^^^^^^^^^^^
  File "/home/rcosta00/dev/SmartQuotation/backend/.venv/lib/python3.13/site-packages/django/core/management/base.py", line 460, in execute
    output = self.handle(*args, **options)
  File "/home/rcosta00/dev/SmartQuotation/backend/.venv/lib/python3.13/site-packages/django_tenants/management/commands/migrate_schemas.py", line 66, in handle
    executor.run_migrations(tenants=[self.PUBLIC_SCHEMA_NAME])
    ~~~~~~~~~~~~~~~~~~~~~~~^^^^^^^^^^^^^^^^^^^^^^^^^^^^^^^^^^^
  File "/home/rcosta00/dev/SmartQuotation/backend/.venv/lib/python3.13/site-packages/django_tenants/migration_executors/standard.py", line 11, in run_migrations
    run_migrations(self.args, self.options, self.codename, self.PUBLIC_SCHEMA_NAME)
    ~~~~~~~~~~~~~~^^^^^^^^^^^^^^^^^^^^^^^^^^^^^^^^^^^^^^^^^^^^^^^^^^^^^^^^^^^^^^^^^
  File "/home/rcosta00/dev/SmartQuotation/backend/.venv/lib/python3.13/site-packages/django_tenants/migration_executors/base.py", line 51, in run_migrations
    migration_recorder.ensure_schema()
    ~~~~~~~~~~~~~~~~~~~~~~~~~~~~~~~~^^
  File "/home/rcosta00/dev/SmartQuotation/backend/.venv/lib/python3.13/site-packages/django/db/migrations/recorder.py", line 73, in ensure_schema
    if self.has_table():
       ~~~~~~~~~~~~~~^^
  File "/home/rcosta00/dev/SmartQuotation/backend/.venv/lib/python3.13/site-packages/django/db/migrations/recorder.py", line 63, in has_table
    with self.connection.cursor() as cursor:
         ~~~~~~~~~~~~~~~~~~~~~~^^
  File "/home/rcosta00/dev/SmartQuotation/backend/.venv/lib/python3.13/site-packages/django/utils/asyncio.py", line 26, in inner
    return func(*args, **kwargs)
  File "/home/rcosta00/dev/SmartQuotation/backend/.venv/lib/python3.13/site-packages/django/db/backends/base/base.py", line 320, in cursor
    return self._cursor()
           ~~~~~~~~~~~~^^
  File "/home/rcosta00/dev/SmartQuotation/backend/.venv/lib/python3.13/site-packages/django_tenants/postgresql_backend/base.py", line 144, in _cursor
    cursor = super()._cursor()
  File "/home/rcosta00/dev/SmartQuotation/backend/.venv/lib/python3.13/site-packages/django/db/backends/base/base.py", line 297, in _cursor
    with self.wrap_database_errors:
         ^^^^^^^^^^^^^^^^^^^^^^^^^
  File "/home/rcosta00/dev/SmartQuotation/backend/.venv/lib/python3.13/site-packages/django/db/utils.py", line 91, in __exit__
    raise dj_exc_value.with_traceback(traceback) from exc_value
  File "/home/rcosta00/dev/SmartQuotation/backend/.venv/lib/python3.13/site-packages/django/db/backends/base/base.py", line 298, in _cursor
    return self._prepare_cursor(self.create_cursor(name))
                                ~~~~~~~~~~~~~~~~~~^^^^^^
  File "/home/rcosta00/dev/SmartQuotation/backend/.venv/lib/python3.13/site-packages/django/utils/asyncio.py", line 26, in inner
    return func(*args, **kwargs)
  File "/home/rcosta00/dev/SmartQuotation/backend/.venv/lib/python3.13/site-packages/django/db/backends/postgresql/base.py", line 429, in create_cursor
    cursor = self.connection.cursor()
django.db.utils.InterfaceError: connection already closed

======================================================================
ERROR: setUpClass (apps.materials.tests.SeedLigasFromDbTest)
----------------------------------------------------------------------
Traceback (most recent call last):
  File "/home/rcosta00/dev/SmartQuotation/backend/.venv/lib/python3.13/site-packages/django/db/backends/base/base.py", line 298, in _cursor
    return self._prepare_cursor(self.create_cursor(name))
                                ~~~~~~~~~~~~~~~~~~^^^^^^
  File "/home/rcosta00/dev/SmartQuotation/backend/.venv/lib/python3.13/site-packages/django/utils/asyncio.py", line 26, in inner
    return func(*args, **kwargs)
  File "/home/rcosta00/dev/SmartQuotation/backend/.venv/lib/python3.13/site-packages/django/db/backends/postgresql/base.py", line 429, in create_cursor
    cursor = self.connection.cursor()
psycopg2.InterfaceError: connection already closed

The above exception was the direct cause of the following exception:

Traceback (most recent call last):
  File "/home/rcosta00/dev/SmartQuotation/backend/.venv/lib/python3.13/site-packages/django_tenants/test/cases.py", line 34, in setUpClass
    cls.sync_shared()
    ~~~~~~~~~~~~~~~^^
  File "/home/rcosta00/dev/SmartQuotation/backend/.venv/lib/python3.13/site-packages/django_tenants/test/cases.py", line 76, in sync_shared
    call_command('migrate_schemas',
    ~~~~~~~~~~~~^^^^^^^^^^^^^^^^^^^
                 schema_name=get_public_schema_name(),
                 ^^^^^^^^^^^^^^^^^^^^^^^^^^^^^^^^^^^^^
                 interactive=False,
                 ^^^^^^^^^^^^^^^^^^
                 verbosity=0)
                 ^^^^^^^^^^^^
  File "/home/rcosta00/dev/SmartQuotation/backend/.venv/lib/python3.13/site-packages/django/core/management/__init__.py", line 194, in call_command
    return command.execute(*args, **defaults)
           ~~~~~~~~~~~~~~~^^^^^^^^^^^^^^^^^^^
  File "/home/rcosta00/dev/SmartQuotation/backend/.venv/lib/python3.13/site-packages/django/core/management/base.py", line 460, in execute
    output = self.handle(*args, **options)
  File "/home/rcosta00/dev/SmartQuotation/backend/.venv/lib/python3.13/site-packages/django_tenants/management/commands/migrate_schemas.py", line 66, in handle
    executor.run_migrations(tenants=[self.PUBLIC_SCHEMA_NAME])
    ~~~~~~~~~~~~~~~~~~~~~~~^^^^^^^^^^^^^^^^^^^^^^^^^^^^^^^^^^^
  File "/home/rcosta00/dev/SmartQuotation/backend/.venv/lib/python3.13/site-packages/django_tenants/migration_executors/standard.py", line 11, in run_migrations
    run_migrations(self.args, self.options, self.codename, self.PUBLIC_SCHEMA_NAME)
    ~~~~~~~~~~~~~~^^^^^^^^^^^^^^^^^^^^^^^^^^^^^^^^^^^^^^^^^^^^^^^^^^^^^^^^^^^^^^^^^
  File "/home/rcosta00/dev/SmartQuotation/backend/.venv/lib/python3.13/site-packages/django_tenants/migration_executors/base.py", line 51, in run_migrations
    migration_recorder.ensure_schema()
    ~~~~~~~~~~~~~~~~~~~~~~~~~~~~~~~~^^
  File "/home/rcosta00/dev/SmartQuotation/backend/.venv/lib/python3.13/site-packages/django/db/migrations/recorder.py", line 73, in ensure_schema
    if self.has_table():
       ~~~~~~~~~~~~~~^^
  File "/home/rcosta00/dev/SmartQuotation/backend/.venv/lib/python3.13/site-packages/django/db/migrations/recorder.py", line 63, in has_table
    with self.connection.cursor() as cursor:
         ~~~~~~~~~~~~~~~~~~~~~~^^
  File "/home/rcosta00/dev/SmartQuotation/backend/.venv/lib/python3.13/site-packages/django/utils/asyncio.py", line 26, in inner
    return func(*args, **kwargs)
  File "/home/rcosta00/dev/SmartQuotation/backend/.venv/lib/python3.13/site-packages/django/db/backends/base/base.py", line 320, in cursor
    return self._cursor()
           ~~~~~~~~~~~~^^
  File "/home/rcosta00/dev/SmartQuotation/backend/.venv/lib/python3.13/site-packages/django_tenants/postgresql_backend/base.py", line 144, in _cursor
    cursor = super()._cursor()
  File "/home/rcosta00/dev/SmartQuotation/backend/.venv/lib/python3.13/site-packages/django/db/backends/base/base.py", line 297, in _cursor
    with self.wrap_database_errors:
         ^^^^^^^^^^^^^^^^^^^^^^^^^
  File "/home/rcosta00/dev/SmartQuotation/backend/.venv/lib/python3.13/site-packages/django/db/utils.py", line 91, in __exit__
    raise dj_exc_value.with_traceback(traceback) from exc_value
  File "/home/rcosta00/dev/SmartQuotation/backend/.venv/lib/python3.13/site-packages/django/db/backends/base/base.py", line 298, in _cursor
    return self._prepare_cursor(self.create_cursor(name))
                                ~~~~~~~~~~~~~~~~~~^^^^^^
  File "/home/rcosta00/dev/SmartQuotation/backend/.venv/lib/python3.13/site-packages/django/utils/asyncio.py", line 26, in inner
    return func(*args, **kwargs)
  File "/home/rcosta00/dev/SmartQuotation/backend/.venv/lib/python3.13/site-packages/django/db/backends/postgresql/base.py", line 429, in create_cursor
    cursor = self.connection.cursor()
django.db.utils.InterfaceError: connection already closed

======================================================================
ERROR: setUpClass (apps.materials.tests.SeedMaterialStandardsTest)
----------------------------------------------------------------------
Traceback (most recent call last):
  File "/home/rcosta00/dev/SmartQuotation/backend/.venv/lib/python3.13/site-packages/django/db/backends/base/base.py", line 298, in _cursor
    return self._prepare_cursor(self.create_cursor(name))
                                ~~~~~~~~~~~~~~~~~~^^^^^^
  File "/home/rcosta00/dev/SmartQuotation/backend/.venv/lib/python3.13/site-packages/django/utils/asyncio.py", line 26, in inner
    return func(*args, **kwargs)
  File "/home/rcosta00/dev/SmartQuotation/backend/.venv/lib/python3.13/site-packages/django/db/backends/postgresql/base.py", line 429, in create_cursor
    cursor = self.connection.cursor()
psycopg2.InterfaceError: connection already closed

The above exception was the direct cause of the following exception:

Traceback (most recent call last):
  File "/home/rcosta00/dev/SmartQuotation/backend/.venv/lib/python3.13/site-packages/django_tenants/test/cases.py", line 34, in setUpClass
    cls.sync_shared()
    ~~~~~~~~~~~~~~~^^
  File "/home/rcosta00/dev/SmartQuotation/backend/.venv/lib/python3.13/site-packages/django_tenants/test/cases.py", line 76, in sync_shared
    call_command('migrate_schemas',
    ~~~~~~~~~~~~^^^^^^^^^^^^^^^^^^^
                 schema_name=get_public_schema_name(),
                 ^^^^^^^^^^^^^^^^^^^^^^^^^^^^^^^^^^^^^
                 interactive=False,
                 ^^^^^^^^^^^^^^^^^^
                 verbosity=0)
                 ^^^^^^^^^^^^
  File "/home/rcosta00/dev/SmartQuotation/backend/.venv/lib/python3.13/site-packages/django/core/management/__init__.py", line 194, in call_command
    return command.execute(*args, **defaults)
           ~~~~~~~~~~~~~~~^^^^^^^^^^^^^^^^^^^
  File "/home/rcosta00/dev/SmartQuotation/backend/.venv/lib/python3.13/site-packages/django/core/management/base.py", line 460, in execute
    output = self.handle(*args, **options)
  File "/home/rcosta00/dev/SmartQuotation/backend/.venv/lib/python3.13/site-packages/django_tenants/management/commands/migrate_schemas.py", line 66, in handle
    executor.run_migrations(tenants=[self.PUBLIC_SCHEMA_NAME])
    ~~~~~~~~~~~~~~~~~~~~~~~^^^^^^^^^^^^^^^^^^^^^^^^^^^^^^^^^^^
  File "/home/rcosta00/dev/SmartQuotation/backend/.venv/lib/python3.13/site-packages/django_tenants/migration_executors/standard.py", line 11, in run_migrations
    run_migrations(self.args, self.options, self.codename, self.PUBLIC_SCHEMA_NAME)
    ~~~~~~~~~~~~~~^^^^^^^^^^^^^^^^^^^^^^^^^^^^^^^^^^^^^^^^^^^^^^^^^^^^^^^^^^^^^^^^^
  File "/home/rcosta00/dev/SmartQuotation/backend/.venv/lib/python3.13/site-packages/django_tenants/migration_executors/base.py", line 51, in run_migrations
    migration_recorder.ensure_schema()
    ~~~~~~~~~~~~~~~~~~~~~~~~~~~~~~~~^^
  File "/home/rcosta00/dev/SmartQuotation/backend/.venv/lib/python3.13/site-packages/django/db/migrations/recorder.py", line 73, in ensure_schema
    if self.has_table():
       ~~~~~~~~~~~~~~^^
  File "/home/rcosta00/dev/SmartQuotation/backend/.venv/lib/python3.13/site-packages/django/db/migrations/recorder.py", line 63, in has_table
    with self.connection.cursor() as cursor:
         ~~~~~~~~~~~~~~~~~~~~~~^^
  File "/home/rcosta00/dev/SmartQuotation/backend/.venv/lib/python3.13/site-packages/django/utils/asyncio.py", line 26, in inner
    return func(*args, **kwargs)
  File "/home/rcosta00/dev/SmartQuotation/backend/.venv/lib/python3.13/site-packages/django/db/backends/base/base.py", line 320, in cursor
    return self._cursor()
           ~~~~~~~~~~~~^^
  File "/home/rcosta00/dev/SmartQuotation/backend/.venv/lib/python3.13/site-packages/django_tenants/postgresql_backend/base.py", line 144, in _cursor
    cursor = super()._cursor()
  File "/home/rcosta00/dev/SmartQuotation/backend/.venv/lib/python3.13/site-packages/django/db/backends/base/base.py", line 297, in _cursor
    with self.wrap_database_errors:
         ^^^^^^^^^^^^^^^^^^^^^^^^^
  File "/home/rcosta00/dev/SmartQuotation/backend/.venv/lib/python3.13/site-packages/django/db/utils.py", line 91, in __exit__
    raise dj_exc_value.with_traceback(traceback) from exc_value
  File "/home/rcosta00/dev/SmartQuotation/backend/.venv/lib/python3.13/site-packages/django/db/backends/base/base.py", line 298, in _cursor
    return self._prepare_cursor(self.create_cursor(name))
                                ~~~~~~~~~~~~~~~~~~^^^^^^
  File "/home/rcosta00/dev/SmartQuotation/backend/.venv/lib/python3.13/site-packages/django/utils/asyncio.py", line 26, in inner
    return func(*args, **kwargs)
  File "/home/rcosta00/dev/SmartQuotation/backend/.venv/lib/python3.13/site-packages/django/db/backends/postgresql/base.py", line 429, in create_cursor
    cursor = self.connection.cursor()
django.db.utils.InterfaceError: connection already closed

======================================================================
ERROR: setUpClass (apps.production.tests.ActualRateMathTests)
----------------------------------------------------------------------
Traceback (most recent call last):
  File "/home/rcosta00/dev/SmartQuotation/backend/.venv/lib/python3.13/site-packages/django/db/backends/base/base.py", line 298, in _cursor
    return self._prepare_cursor(self.create_cursor(name))
                                ~~~~~~~~~~~~~~~~~~^^^^^^
  File "/home/rcosta00/dev/SmartQuotation/backend/.venv/lib/python3.13/site-packages/django/utils/asyncio.py", line 26, in inner
    return func(*args, **kwargs)
  File "/home/rcosta00/dev/SmartQuotation/backend/.venv/lib/python3.13/site-packages/django/db/backends/postgresql/base.py", line 429, in create_cursor
    cursor = self.connection.cursor()
psycopg2.InterfaceError: connection already closed

The above exception was the direct cause of the following exception:

Traceback (most recent call last):
  File "/home/rcosta00/dev/SmartQuotation/backend/.venv/lib/python3.13/site-packages/django_tenants/test/cases.py", line 34, in setUpClass
    cls.sync_shared()
    ~~~~~~~~~~~~~~~^^
  File "/home/rcosta00/dev/SmartQuotation/backend/.venv/lib/python3.13/site-packages/django_tenants/test/cases.py", line 76, in sync_shared
    call_command('migrate_schemas',
    ~~~~~~~~~~~~^^^^^^^^^^^^^^^^^^^
                 schema_name=get_public_schema_name(),
                 ^^^^^^^^^^^^^^^^^^^^^^^^^^^^^^^^^^^^^
                 interactive=False,
                 ^^^^^^^^^^^^^^^^^^
                 verbosity=0)
                 ^^^^^^^^^^^^
  File "/home/rcosta00/dev/SmartQuotation/backend/.venv/lib/python3.13/site-packages/django/core/management/__init__.py", line 194, in call_command
    return command.execute(*args, **defaults)
           ~~~~~~~~~~~~~~~^^^^^^^^^^^^^^^^^^^
  File "/home/rcosta00/dev/SmartQuotation/backend/.venv/lib/python3.13/site-packages/django/core/management/base.py", line 460, in execute
    output = self.handle(*args, **options)
  File "/home/rcosta00/dev/SmartQuotation/backend/.venv/lib/python3.13/site-packages/django_tenants/management/commands/migrate_schemas.py", line 66, in handle
    executor.run_migrations(tenants=[self.PUBLIC_SCHEMA_NAME])
    ~~~~~~~~~~~~~~~~~~~~~~~^^^^^^^^^^^^^^^^^^^^^^^^^^^^^^^^^^^
  File "/home/rcosta00/dev/SmartQuotation/backend/.venv/lib/python3.13/site-packages/django_tenants/migration_executors/standard.py", line 11, in run_migrations
    run_migrations(self.args, self.options, self.codename, self.PUBLIC_SCHEMA_NAME)
    ~~~~~~~~~~~~~~^^^^^^^^^^^^^^^^^^^^^^^^^^^^^^^^^^^^^^^^^^^^^^^^^^^^^^^^^^^^^^^^^
  File "/home/rcosta00/dev/SmartQuotation/backend/.venv/lib/python3.13/site-packages/django_tenants/migration_executors/base.py", line 51, in run_migrations
    migration_recorder.ensure_schema()
    ~~~~~~~~~~~~~~~~~~~~~~~~~~~~~~~~^^
  File "/home/rcosta00/dev/SmartQuotation/backend/.venv/lib/python3.13/site-packages/django/db/migrations/recorder.py", line 73, in ensure_schema
    if self.has_table():
       ~~~~~~~~~~~~~~^^
  File "/home/rcosta00/dev/SmartQuotation/backend/.venv/lib/python3.13/site-packages/django/db/migrations/recorder.py", line 63, in has_table
    with self.connection.cursor() as cursor:
         ~~~~~~~~~~~~~~~~~~~~~~^^
  File "/home/rcosta00/dev/SmartQuotation/backend/.venv/lib/python3.13/site-packages/django/utils/asyncio.py", line 26, in inner
    return func(*args, **kwargs)
  File "/home/rcosta00/dev/SmartQuotation/backend/.venv/lib/python3.13/site-packages/django/db/backends/base/base.py", line 320, in cursor
    return self._cursor()
           ~~~~~~~~~~~~^^
  File "/home/rcosta00/dev/SmartQuotation/backend/.venv/lib/python3.13/site-packages/django_tenants/postgresql_backend/base.py", line 144, in _cursor
    cursor = super()._cursor()
  File "/home/rcosta00/dev/SmartQuotation/backend/.venv/lib/python3.13/site-packages/django/db/backends/base/base.py", line 297, in _cursor
    with self.wrap_database_errors:
         ^^^^^^^^^^^^^^^^^^^^^^^^^
  File "/home/rcosta00/dev/SmartQuotation/backend/.venv/lib/python3.13/site-packages/django/db/utils.py", line 91, in __exit__
    raise dj_exc_value.with_traceback(traceback) from exc_value
  File "/home/rcosta00/dev/SmartQuotation/backend/.venv/lib/python3.13/site-packages/django/db/backends/base/base.py", line 298, in _cursor
    return self._prepare_cursor(self.create_cursor(name))
                                ~~~~~~~~~~~~~~~~~~^^^^^^
  File "/home/rcosta00/dev/SmartQuotation/backend/.venv/lib/python3.13/site-packages/django/utils/asyncio.py", line 26, in inner
    return func(*args, **kwargs)
  File "/home/rcosta00/dev/SmartQuotation/backend/.venv/lib/python3.13/site-packages/django/db/backends/postgresql/base.py", line 429, in create_cursor
    cursor = self.connection.cursor()
django.db.utils.InterfaceError: connection already closed

======================================================================
ERROR: setUpClass (apps.production.tests.ApontamentoTests)
----------------------------------------------------------------------
Traceback (most recent call last):
  File "/home/rcosta00/dev/SmartQuotation/backend/.venv/lib/python3.13/site-packages/django/db/backends/base/base.py", line 298, in _cursor
    return self._prepare_cursor(self.create_cursor(name))
                                ~~~~~~~~~~~~~~~~~~^^^^^^
  File "/home/rcosta00/dev/SmartQuotation/backend/.venv/lib/python3.13/site-packages/django/utils/asyncio.py", line 26, in inner
    return func(*args, **kwargs)
  File "/home/rcosta00/dev/SmartQuotation/backend/.venv/lib/python3.13/site-packages/django/db/backends/postgresql/base.py", line 429, in create_cursor
    cursor = self.connection.cursor()
psycopg2.InterfaceError: connection already closed

The above exception was the direct cause of the following exception:

Traceback (most recent call last):
  File "/home/rcosta00/dev/SmartQuotation/backend/.venv/lib/python3.13/site-packages/django_tenants/test/cases.py", line 34, in setUpClass
    cls.sync_shared()
    ~~~~~~~~~~~~~~~^^
  File "/home/rcosta00/dev/SmartQuotation/backend/.venv/lib/python3.13/site-packages/django_tenants/test/cases.py", line 76, in sync_shared
    call_command('migrate_schemas',
    ~~~~~~~~~~~~^^^^^^^^^^^^^^^^^^^
                 schema_name=get_public_schema_name(),
                 ^^^^^^^^^^^^^^^^^^^^^^^^^^^^^^^^^^^^^
                 interactive=False,
                 ^^^^^^^^^^^^^^^^^^
                 verbosity=0)
                 ^^^^^^^^^^^^
  File "/home/rcosta00/dev/SmartQuotation/backend/.venv/lib/python3.13/site-packages/django/core/management/__init__.py", line 194, in call_command
    return command.execute(*args, **defaults)
           ~~~~~~~~~~~~~~~^^^^^^^^^^^^^^^^^^^
  File "/home/rcosta00/dev/SmartQuotation/backend/.venv/lib/python3.13/site-packages/django/core/management/base.py", line 460, in execute
    output = self.handle(*args, **options)
  File "/home/rcosta00/dev/SmartQuotation/backend/.venv/lib/python3.13/site-packages/django_tenants/management/commands/migrate_schemas.py", line 66, in handle
    executor.run_migrations(tenants=[self.PUBLIC_SCHEMA_NAME])
    ~~~~~~~~~~~~~~~~~~~~~~~^^^^^^^^^^^^^^^^^^^^^^^^^^^^^^^^^^^
  File "/home/rcosta00/dev/SmartQuotation/backend/.venv/lib/python3.13/site-packages/django_tenants/migration_executors/standard.py", line 11, in run_migrations
    run_migrations(self.args, self.options, self.codename, self.PUBLIC_SCHEMA_NAME)
    ~~~~~~~~~~~~~~^^^^^^^^^^^^^^^^^^^^^^^^^^^^^^^^^^^^^^^^^^^^^^^^^^^^^^^^^^^^^^^^^
  File "/home/rcosta00/dev/SmartQuotation/backend/.venv/lib/python3.13/site-packages/django_tenants/migration_executors/base.py", line 51, in run_migrations
    migration_recorder.ensure_schema()
    ~~~~~~~~~~~~~~~~~~~~~~~~~~~~~~~~^^
  File "/home/rcosta00/dev/SmartQuotation/backend/.venv/lib/python3.13/site-packages/django/db/migrations/recorder.py", line 73, in ensure_schema
    if self.has_table():
       ~~~~~~~~~~~~~~^^
  File "/home/rcosta00/dev/SmartQuotation/backend/.venv/lib/python3.13/site-packages/django/db/migrations/recorder.py", line 63, in has_table
    with self.connection.cursor() as cursor:
         ~~~~~~~~~~~~~~~~~~~~~~^^
  File "/home/rcosta00/dev/SmartQuotation/backend/.venv/lib/python3.13/site-packages/django/utils/asyncio.py", line 26, in inner
    return func(*args, **kwargs)
  File "/home/rcosta00/dev/SmartQuotation/backend/.venv/lib/python3.13/site-packages/django/db/backends/base/base.py", line 320, in cursor
    return self._cursor()
           ~~~~~~~~~~~~^^
  File "/home/rcosta00/dev/SmartQuotation/backend/.venv/lib/python3.13/site-packages/django_tenants/postgresql_backend/base.py", line 144, in _cursor
    cursor = super()._cursor()
  File "/home/rcosta00/dev/SmartQuotation/backend/.venv/lib/python3.13/site-packages/django/db/backends/base/base.py", line 297, in _cursor
    with self.wrap_database_errors:
         ^^^^^^^^^^^^^^^^^^^^^^^^^
  File "/home/rcosta00/dev/SmartQuotation/backend/.venv/lib/python3.13/site-packages/django/db/utils.py", line 91, in __exit__
    raise dj_exc_value.with_traceback(traceback) from exc_value
  File "/home/rcosta00/dev/SmartQuotation/backend/.venv/lib/python3.13/site-packages/django/db/backends/base/base.py", line 298, in _cursor
    return self._prepare_cursor(self.create_cursor(name))
                                ~~~~~~~~~~~~~~~~~~^^^^^^
  File "/home/rcosta00/dev/SmartQuotation/backend/.venv/lib/python3.13/site-packages/django/utils/asyncio.py", line 26, in inner
    return func(*args, **kwargs)
  File "/home/rcosta00/dev/SmartQuotation/backend/.venv/lib/python3.13/site-packages/django/db/backends/postgresql/base.py", line 429, in create_cursor
    cursor = self.connection.cursor()
django.db.utils.InterfaceError: connection already closed

======================================================================
ERROR: setUpClass (apps.production.tests.ApontamentoValidacaoViewTests)
----------------------------------------------------------------------
Traceback (most recent call last):
  File "/home/rcosta00/dev/SmartQuotation/backend/.venv/lib/python3.13/site-packages/django/db/backends/base/base.py", line 298, in _cursor
    return self._prepare_cursor(self.create_cursor(name))
                                ~~~~~~~~~~~~~~~~~~^^^^^^
  File "/home/rcosta00/dev/SmartQuotation/backend/.venv/lib/python3.13/site-packages/django/utils/asyncio.py", line 26, in inner
    return func(*args, **kwargs)
  File "/home/rcosta00/dev/SmartQuotation/backend/.venv/lib/python3.13/site-packages/django/db/backends/postgresql/base.py", line 429, in create_cursor
    cursor = self.connection.cursor()
psycopg2.InterfaceError: connection already closed

The above exception was the direct cause of the following exception:

Traceback (most recent call last):
  File "/home/rcosta00/dev/SmartQuotation/backend/.venv/lib/python3.13/site-packages/django_tenants/test/cases.py", line 34, in setUpClass
    cls.sync_shared()
    ~~~~~~~~~~~~~~~^^
  File "/home/rcosta00/dev/SmartQuotation/backend/.venv/lib/python3.13/site-packages/django_tenants/test/cases.py", line 76, in sync_shared
    call_command('migrate_schemas',
    ~~~~~~~~~~~~^^^^^^^^^^^^^^^^^^^
                 schema_name=get_public_schema_name(),
                 ^^^^^^^^^^^^^^^^^^^^^^^^^^^^^^^^^^^^^
                 interactive=False,
                 ^^^^^^^^^^^^^^^^^^
                 verbosity=0)
                 ^^^^^^^^^^^^
  File "/home/rcosta00/dev/SmartQuotation/backend/.venv/lib/python3.13/site-packages/django/core/management/__init__.py", line 194, in call_command
    return command.execute(*args, **defaults)
           ~~~~~~~~~~~~~~~^^^^^^^^^^^^^^^^^^^
  File "/home/rcosta00/dev/SmartQuotation/backend/.venv/lib/python3.13/site-packages/django/core/management/base.py", line 460, in execute
    output = self.handle(*args, **options)
  File "/home/rcosta00/dev/SmartQuotation/backend/.venv/lib/python3.13/site-packages/django_tenants/management/commands/migrate_schemas.py", line 66, in handle
    executor.run_migrations(tenants=[self.PUBLIC_SCHEMA_NAME])
    ~~~~~~~~~~~~~~~~~~~~~~~^^^^^^^^^^^^^^^^^^^^^^^^^^^^^^^^^^^
  File "/home/rcosta00/dev/SmartQuotation/backend/.venv/lib/python3.13/site-packages/django_tenants/migration_executors/standard.py", line 11, in run_migrations
    run_migrations(self.args, self.options, self.codename, self.PUBLIC_SCHEMA_NAME)
    ~~~~~~~~~~~~~~^^^^^^^^^^^^^^^^^^^^^^^^^^^^^^^^^^^^^^^^^^^^^^^^^^^^^^^^^^^^^^^^^
  File "/home/rcosta00/dev/SmartQuotation/backend/.venv/lib/python3.13/site-packages/django_tenants/migration_executors/base.py", line 51, in run_migrations
    migration_recorder.ensure_schema()
    ~~~~~~~~~~~~~~~~~~~~~~~~~~~~~~~~^^
  File "/home/rcosta00/dev/SmartQuotation/backend/.venv/lib/python3.13/site-packages/django/db/migrations/recorder.py", line 73, in ensure_schema
    if self.has_table():
       ~~~~~~~~~~~~~~^^
  File "/home/rcosta00/dev/SmartQuotation/backend/.venv/lib/python3.13/site-packages/django/db/migrations/recorder.py", line 63, in has_table
    with self.connection.cursor() as cursor:
         ~~~~~~~~~~~~~~~~~~~~~~^^
  File "/home/rcosta00/dev/SmartQuotation/backend/.venv/lib/python3.13/site-packages/django/utils/asyncio.py", line 26, in inner
    return func(*args, **kwargs)
  File "/home/rcosta00/dev/SmartQuotation/backend/.venv/lib/python3.13/site-packages/django/db/backends/base/base.py", line 320, in cursor
    return self._cursor()
           ~~~~~~~~~~~~^^
  File "/home/rcosta00/dev/SmartQuotation/backend/.venv/lib/python3.13/site-packages/django_tenants/postgresql_backend/base.py", line 144, in _cursor
    cursor = super()._cursor()
  File "/home/rcosta00/dev/SmartQuotation/backend/.venv/lib/python3.13/site-packages/django/db/backends/base/base.py", line 297, in _cursor
    with self.wrap_database_errors:
         ^^^^^^^^^^^^^^^^^^^^^^^^^
  File "/home/rcosta00/dev/SmartQuotation/backend/.venv/lib/python3.13/site-packages/django/db/utils.py", line 91, in __exit__
    raise dj_exc_value.with_traceback(traceback) from exc_value
  File "/home/rcosta00/dev/SmartQuotation/backend/.venv/lib/python3.13/site-packages/django/db/backends/base/base.py", line 298, in _cursor
    return self._prepare_cursor(self.create_cursor(name))
                                ~~~~~~~~~~~~~~~~~~^^^^^^
  File "/home/rcosta00/dev/SmartQuotation/backend/.venv/lib/python3.13/site-packages/django/utils/asyncio.py", line 26, in inner
    return func(*args, **kwargs)
  File "/home/rcosta00/dev/SmartQuotation/backend/.venv/lib/python3.13/site-packages/django/db/backends/postgresql/base.py", line 429, in create_cursor
    cursor = self.connection.cursor()
django.db.utils.InterfaceError: connection already closed

======================================================================
ERROR: setUpClass (apps.production.tests.ApontamentoViewTests)
----------------------------------------------------------------------
Traceback (most recent call last):
  File "/home/rcosta00/dev/SmartQuotation/backend/.venv/lib/python3.13/site-packages/django/db/backends/base/base.py", line 298, in _cursor
    return self._prepare_cursor(self.create_cursor(name))
                                ~~~~~~~~~~~~~~~~~~^^^^^^
  File "/home/rcosta00/dev/SmartQuotation/backend/.venv/lib/python3.13/site-packages/django/utils/asyncio.py", line 26, in inner
    return func(*args, **kwargs)
  File "/home/rcosta00/dev/SmartQuotation/backend/.venv/lib/python3.13/site-packages/django/db/backends/postgresql/base.py", line 429, in create_cursor
    cursor = self.connection.cursor()
psycopg2.InterfaceError: connection already closed

The above exception was the direct cause of the following exception:

Traceback (most recent call last):
  File "/home/rcosta00/dev/SmartQuotation/backend/.venv/lib/python3.13/site-packages/django_tenants/test/cases.py", line 34, in setUpClass
    cls.sync_shared()
    ~~~~~~~~~~~~~~~^^
  File "/home/rcosta00/dev/SmartQuotation/backend/.venv/lib/python3.13/site-packages/django_tenants/test/cases.py", line 76, in sync_shared
    call_command('migrate_schemas',
    ~~~~~~~~~~~~^^^^^^^^^^^^^^^^^^^
                 schema_name=get_public_schema_name(),
                 ^^^^^^^^^^^^^^^^^^^^^^^^^^^^^^^^^^^^^
                 interactive=False,
                 ^^^^^^^^^^^^^^^^^^
                 verbosity=0)
                 ^^^^^^^^^^^^
  File "/home/rcosta00/dev/SmartQuotation/backend/.venv/lib/python3.13/site-packages/django/core/management/__init__.py", line 194, in call_command
    return command.execute(*args, **defaults)
           ~~~~~~~~~~~~~~~^^^^^^^^^^^^^^^^^^^
  File "/home/rcosta00/dev/SmartQuotation/backend/.venv/lib/python3.13/site-packages/django/core/management/base.py", line 460, in execute
    output = self.handle(*args, **options)
  File "/home/rcosta00/dev/SmartQuotation/backend/.venv/lib/python3.13/site-packages/django_tenants/management/commands/migrate_schemas.py", line 66, in handle
    executor.run_migrations(tenants=[self.PUBLIC_SCHEMA_NAME])
    ~~~~~~~~~~~~~~~~~~~~~~~^^^^^^^^^^^^^^^^^^^^^^^^^^^^^^^^^^^
  File "/home/rcosta00/dev/SmartQuotation/backend/.venv/lib/python3.13/site-packages/django_tenants/migration_executors/standard.py", line 11, in run_migrations
    run_migrations(self.args, self.options, self.codename, self.PUBLIC_SCHEMA_NAME)
    ~~~~~~~~~~~~~~^^^^^^^^^^^^^^^^^^^^^^^^^^^^^^^^^^^^^^^^^^^^^^^^^^^^^^^^^^^^^^^^^
  File "/home/rcosta00/dev/SmartQuotation/backend/.venv/lib/python3.13/site-packages/django_tenants/migration_executors/base.py", line 51, in run_migrations
    migration_recorder.ensure_schema()
    ~~~~~~~~~~~~~~~~~~~~~~~~~~~~~~~~^^
  File "/home/rcosta00/dev/SmartQuotation/backend/.venv/lib/python3.13/site-packages/django/db/migrations/recorder.py", line 73, in ensure_schema
    if self.has_table():
       ~~~~~~~~~~~~~~^^
  File "/home/rcosta00/dev/SmartQuotation/backend/.venv/lib/python3.13/site-packages/django/db/migrations/recorder.py", line 63, in has_table
    with self.connection.cursor() as cursor:
         ~~~~~~~~~~~~~~~~~~~~~~^^
  File "/home/rcosta00/dev/SmartQuotation/backend/.venv/lib/python3.13/site-packages/django/utils/asyncio.py", line 26, in inner
    return func(*args, **kwargs)
  File "/home/rcosta00/dev/SmartQuotation/backend/.venv/lib/python3.13/site-packages/django/db/backends/base/base.py", line 320, in cursor
    return self._cursor()
           ~~~~~~~~~~~~^^
  File "/home/rcosta00/dev/SmartQuotation/backend/.venv/lib/python3.13/site-packages/django_tenants/postgresql_backend/base.py", line 144, in _cursor
    cursor = super()._cursor()
  File "/home/rcosta00/dev/SmartQuotation/backend/.venv/lib/python3.13/site-packages/django/db/backends/base/base.py", line 297, in _cursor
    with self.wrap_database_errors:
         ^^^^^^^^^^^^^^^^^^^^^^^^^
  File "/home/rcosta00/dev/SmartQuotation/backend/.venv/lib/python3.13/site-packages/django/db/utils.py", line 91, in __exit__
    raise dj_exc_value.with_traceback(traceback) from exc_value
  File "/home/rcosta00/dev/SmartQuotation/backend/.venv/lib/python3.13/site-packages/django/db/backends/base/base.py", line 298, in _cursor
    return self._prepare_cursor(self.create_cursor(name))
                                ~~~~~~~~~~~~~~~~~~^^^^^^
  File "/home/rcosta00/dev/SmartQuotation/backend/.venv/lib/python3.13/site-packages/django/utils/asyncio.py", line 26, in inner
    return func(*args, **kwargs)
  File "/home/rcosta00/dev/SmartQuotation/backend/.venv/lib/python3.13/site-packages/django/db/backends/postgresql/base.py", line 429, in create_cursor
    cursor = self.connection.cursor()
django.db.utils.InterfaceError: connection already closed

======================================================================
ERROR: setUpClass (apps.production.tests.ApprovalStageGateTests)
----------------------------------------------------------------------
Traceback (most recent call last):
  File "/home/rcosta00/dev/SmartQuotation/backend/.venv/lib/python3.13/site-packages/django/db/backends/base/base.py", line 298, in _cursor
    return self._prepare_cursor(self.create_cursor(name))
                                ~~~~~~~~~~~~~~~~~~^^^^^^
  File "/home/rcosta00/dev/SmartQuotation/backend/.venv/lib/python3.13/site-packages/django/utils/asyncio.py", line 26, in inner
    return func(*args, **kwargs)
  File "/home/rcosta00/dev/SmartQuotation/backend/.venv/lib/python3.13/site-packages/django/db/backends/postgresql/base.py", line 429, in create_cursor
    cursor = self.connection.cursor()
psycopg2.InterfaceError: connection already closed

The above exception was the direct cause of the following exception:

Traceback (most recent call last):
  File "/home/rcosta00/dev/SmartQuotation/backend/.venv/lib/python3.13/site-packages/django_tenants/test/cases.py", line 34, in setUpClass
    cls.sync_shared()
    ~~~~~~~~~~~~~~~^^
  File "/home/rcosta00/dev/SmartQuotation/backend/.venv/lib/python3.13/site-packages/django_tenants/test/cases.py", line 76, in sync_shared
    call_command('migrate_schemas',
    ~~~~~~~~~~~~^^^^^^^^^^^^^^^^^^^
                 schema_name=get_public_schema_name(),
                 ^^^^^^^^^^^^^^^^^^^^^^^^^^^^^^^^^^^^^
                 interactive=False,
                 ^^^^^^^^^^^^^^^^^^
                 verbosity=0)
                 ^^^^^^^^^^^^
  File "/home/rcosta00/dev/SmartQuotation/backend/.venv/lib/python3.13/site-packages/django/core/management/__init__.py", line 194, in call_command
    return command.execute(*args, **defaults)
           ~~~~~~~~~~~~~~~^^^^^^^^^^^^^^^^^^^
  File "/home/rcosta00/dev/SmartQuotation/backend/.venv/lib/python3.13/site-packages/django/core/management/base.py", line 460, in execute
    output = self.handle(*args, **options)
  File "/home/rcosta00/dev/SmartQuotation/backend/.venv/lib/python3.13/site-packages/django_tenants/management/commands/migrate_schemas.py", line 66, in handle
    executor.run_migrations(tenants=[self.PUBLIC_SCHEMA_NAME])
    ~~~~~~~~~~~~~~~~~~~~~~~^^^^^^^^^^^^^^^^^^^^^^^^^^^^^^^^^^^
  File "/home/rcosta00/dev/SmartQuotation/backend/.venv/lib/python3.13/site-packages/django_tenants/migration_executors/standard.py", line 11, in run_migrations
    run_migrations(self.args, self.options, self.codename, self.PUBLIC_SCHEMA_NAME)
    ~~~~~~~~~~~~~~^^^^^^^^^^^^^^^^^^^^^^^^^^^^^^^^^^^^^^^^^^^^^^^^^^^^^^^^^^^^^^^^^
  File "/home/rcosta00/dev/SmartQuotation/backend/.venv/lib/python3.13/site-packages/django_tenants/migration_executors/base.py", line 51, in run_migrations
    migration_recorder.ensure_schema()
    ~~~~~~~~~~~~~~~~~~~~~~~~~~~~~~~~^^
  File "/home/rcosta00/dev/SmartQuotation/backend/.venv/lib/python3.13/site-packages/django/db/migrations/recorder.py", line 73, in ensure_schema
    if self.has_table():
       ~~~~~~~~~~~~~~^^
  File "/home/rcosta00/dev/SmartQuotation/backend/.venv/lib/python3.13/site-packages/django/db/migrations/recorder.py", line 63, in has_table
    with self.connection.cursor() as cursor:
         ~~~~~~~~~~~~~~~~~~~~~~^^
  File "/home/rcosta00/dev/SmartQuotation/backend/.venv/lib/python3.13/site-packages/django/utils/asyncio.py", line 26, in inner
    return func(*args, **kwargs)
  File "/home/rcosta00/dev/SmartQuotation/backend/.venv/lib/python3.13/site-packages/django/db/backends/base/base.py", line 320, in cursor
    return self._cursor()
           ~~~~~~~~~~~~^^
  File "/home/rcosta00/dev/SmartQuotation/backend/.venv/lib/python3.13/site-packages/django_tenants/postgresql_backend/base.py", line 144, in _cursor
    cursor = super()._cursor()
  File "/home/rcosta00/dev/SmartQuotation/backend/.venv/lib/python3.13/site-packages/django/db/backends/base/base.py", line 297, in _cursor
    with self.wrap_database_errors:
         ^^^^^^^^^^^^^^^^^^^^^^^^^
  File "/home/rcosta00/dev/SmartQuotation/backend/.venv/lib/python3.13/site-packages/django/db/utils.py", line 91, in __exit__
    raise dj_exc_value.with_traceback(traceback) from exc_value
  File "/home/rcosta00/dev/SmartQuotation/backend/.venv/lib/python3.13/site-packages/django/db/backends/base/base.py", line 298, in _cursor
    return self._prepare_cursor(self.create_cursor(name))
                                ~~~~~~~~~~~~~~~~~~^^^^^^
  File "/home/rcosta00/dev/SmartQuotation/backend/.venv/lib/python3.13/site-packages/django/utils/asyncio.py", line 26, in inner
    return func(*args, **kwargs)
  File "/home/rcosta00/dev/SmartQuotation/backend/.venv/lib/python3.13/site-packages/django/db/backends/postgresql/base.py", line 429, in create_cursor
    cursor = self.connection.cursor()
django.db.utils.InterfaceError: connection already closed

======================================================================
ERROR: setUpClass (apps.production.tests.FechamentoExtrasTests)
----------------------------------------------------------------------
Traceback (most recent call last):
  File "/home/rcosta00/dev/SmartQuotation/backend/.venv/lib/python3.13/site-packages/django/db/backends/base/base.py", line 298, in _cursor
    return self._prepare_cursor(self.create_cursor(name))
                                ~~~~~~~~~~~~~~~~~~^^^^^^
  File "/home/rcosta00/dev/SmartQuotation/backend/.venv/lib/python3.13/site-packages/django/utils/asyncio.py", line 26, in inner
    return func(*args, **kwargs)
  File "/home/rcosta00/dev/SmartQuotation/backend/.venv/lib/python3.13/site-packages/django/db/backends/postgresql/base.py", line 429, in create_cursor
    cursor = self.connection.cursor()
psycopg2.InterfaceError: connection already closed

The above exception was the direct cause of the following exception:

Traceback (most recent call last):
  File "/home/rcosta00/dev/SmartQuotation/backend/.venv/lib/python3.13/site-packages/django_tenants/test/cases.py", line 34, in setUpClass
    cls.sync_shared()
    ~~~~~~~~~~~~~~~^^
  File "/home/rcosta00/dev/SmartQuotation/backend/.venv/lib/python3.13/site-packages/django_tenants/test/cases.py", line 76, in sync_shared
    call_command('migrate_schemas',
    ~~~~~~~~~~~~^^^^^^^^^^^^^^^^^^^
                 schema_name=get_public_schema_name(),
                 ^^^^^^^^^^^^^^^^^^^^^^^^^^^^^^^^^^^^^
                 interactive=False,
                 ^^^^^^^^^^^^^^^^^^
                 verbosity=0)
                 ^^^^^^^^^^^^
  File "/home/rcosta00/dev/SmartQuotation/backend/.venv/lib/python3.13/site-packages/django/core/management/__init__.py", line 194, in call_command
    return command.execute(*args, **defaults)
           ~~~~~~~~~~~~~~~^^^^^^^^^^^^^^^^^^^
  File "/home/rcosta00/dev/SmartQuotation/backend/.venv/lib/python3.13/site-packages/django/core/management/base.py", line 460, in execute
    output = self.handle(*args, **options)
  File "/home/rcosta00/dev/SmartQuotation/backend/.venv/lib/python3.13/site-packages/django_tenants/management/commands/migrate_schemas.py", line 66, in handle
    executor.run_migrations(tenants=[self.PUBLIC_SCHEMA_NAME])
    ~~~~~~~~~~~~~~~~~~~~~~~^^^^^^^^^^^^^^^^^^^^^^^^^^^^^^^^^^^
  File "/home/rcosta00/dev/SmartQuotation/backend/.venv/lib/python3.13/site-packages/django_tenants/migration_executors/standard.py", line 11, in run_migrations
    run_migrations(self.args, self.options, self.codename, self.PUBLIC_SCHEMA_NAME)
    ~~~~~~~~~~~~~~^^^^^^^^^^^^^^^^^^^^^^^^^^^^^^^^^^^^^^^^^^^^^^^^^^^^^^^^^^^^^^^^^
  File "/home/rcosta00/dev/SmartQuotation/backend/.venv/lib/python3.13/site-packages/django_tenants/migration_executors/base.py", line 51, in run_migrations
    migration_recorder.ensure_schema()
    ~~~~~~~~~~~~~~~~~~~~~~~~~~~~~~~~^^
  File "/home/rcosta00/dev/SmartQuotation/backend/.venv/lib/python3.13/site-packages/django/db/migrations/recorder.py", line 73, in ensure_schema
    if self.has_table():
       ~~~~~~~~~~~~~~^^
  File "/home/rcosta00/dev/SmartQuotation/backend/.venv/lib/python3.13/site-packages/django/db/migrations/recorder.py", line 63, in has_table
    with self.connection.cursor() as cursor:
         ~~~~~~~~~~~~~~~~~~~~~~^^
  File "/home/rcosta00/dev/SmartQuotation/backend/.venv/lib/python3.13/site-packages/django/utils/asyncio.py", line 26, in inner
    return func(*args, **kwargs)
  File "/home/rcosta00/dev/SmartQuotation/backend/.venv/lib/python3.13/site-packages/django/db/backends/base/base.py", line 320, in cursor
    return self._cursor()
           ~~~~~~~~~~~~^^
  File "/home/rcosta00/dev/SmartQuotation/backend/.venv/lib/python3.13/site-packages/django_tenants/postgresql_backend/base.py", line 144, in _cursor
    cursor = super()._cursor()
  File "/home/rcosta00/dev/SmartQuotation/backend/.venv/lib/python3.13/site-packages/django/db/backends/base/base.py", line 297, in _cursor
    with self.wrap_database_errors:
         ^^^^^^^^^^^^^^^^^^^^^^^^^
  File "/home/rcosta00/dev/SmartQuotation/backend/.venv/lib/python3.13/site-packages/django/db/utils.py", line 91, in __exit__
    raise dj_exc_value.with_traceback(traceback) from exc_value
  File "/home/rcosta00/dev/SmartQuotation/backend/.venv/lib/python3.13/site-packages/django/db/backends/base/base.py", line 298, in _cursor
    return self._prepare_cursor(self.create_cursor(name))
                                ~~~~~~~~~~~~~~~~~~^^^^^^
  File "/home/rcosta00/dev/SmartQuotation/backend/.venv/lib/python3.13/site-packages/django/utils/asyncio.py", line 26, in inner
    return func(*args, **kwargs)
  File "/home/rcosta00/dev/SmartQuotation/backend/.venv/lib/python3.13/site-packages/django/db/backends/postgresql/base.py", line 429, in create_cursor
    cursor = self.connection.cursor()
django.db.utils.InterfaceError: connection already closed

======================================================================
ERROR: setUpClass (apps.production.tests.FechamentoTests)
----------------------------------------------------------------------
Traceback (most recent call last):
  File "/home/rcosta00/dev/SmartQuotation/backend/.venv/lib/python3.13/site-packages/django/db/backends/base/base.py", line 298, in _cursor
    return self._prepare_cursor(self.create_cursor(name))
                                ~~~~~~~~~~~~~~~~~~^^^^^^
  File "/home/rcosta00/dev/SmartQuotation/backend/.venv/lib/python3.13/site-packages/django/utils/asyncio.py", line 26, in inner
    return func(*args, **kwargs)
  File "/home/rcosta00/dev/SmartQuotation/backend/.venv/lib/python3.13/site-packages/django/db/backends/postgresql/base.py", line 429, in create_cursor
    cursor = self.connection.cursor()
psycopg2.InterfaceError: connection already closed

The above exception was the direct cause of the following exception:

Traceback (most recent call last):
  File "/home/rcosta00/dev/SmartQuotation/backend/.venv/lib/python3.13/site-packages/django_tenants/test/cases.py", line 34, in setUpClass
    cls.sync_shared()
    ~~~~~~~~~~~~~~~^^
  File "/home/rcosta00/dev/SmartQuotation/backend/.venv/lib/python3.13/site-packages/django_tenants/test/cases.py", line 76, in sync_shared
    call_command('migrate_schemas',
    ~~~~~~~~~~~~^^^^^^^^^^^^^^^^^^^
                 schema_name=get_public_schema_name(),
                 ^^^^^^^^^^^^^^^^^^^^^^^^^^^^^^^^^^^^^
                 interactive=False,
                 ^^^^^^^^^^^^^^^^^^
                 verbosity=0)
                 ^^^^^^^^^^^^
  File "/home/rcosta00/dev/SmartQuotation/backend/.venv/lib/python3.13/site-packages/django/core/management/__init__.py", line 194, in call_command
    return command.execute(*args, **defaults)
           ~~~~~~~~~~~~~~~^^^^^^^^^^^^^^^^^^^
  File "/home/rcosta00/dev/SmartQuotation/backend/.venv/lib/python3.13/site-packages/django/core/management/base.py", line 460, in execute
    output = self.handle(*args, **options)
  File "/home/rcosta00/dev/SmartQuotation/backend/.venv/lib/python3.13/site-packages/django_tenants/management/commands/migrate_schemas.py", line 66, in handle
    executor.run_migrations(tenants=[self.PUBLIC_SCHEMA_NAME])
    ~~~~~~~~~~~~~~~~~~~~~~~^^^^^^^^^^^^^^^^^^^^^^^^^^^^^^^^^^^
  File "/home/rcosta00/dev/SmartQuotation/backend/.venv/lib/python3.13/site-packages/django_tenants/migration_executors/standard.py", line 11, in run_migrations
    run_migrations(self.args, self.options, self.codename, self.PUBLIC_SCHEMA_NAME)
    ~~~~~~~~~~~~~~^^^^^^^^^^^^^^^^^^^^^^^^^^^^^^^^^^^^^^^^^^^^^^^^^^^^^^^^^^^^^^^^^
  File "/home/rcosta00/dev/SmartQuotation/backend/.venv/lib/python3.13/site-packages/django_tenants/migration_executors/base.py", line 51, in run_migrations
    migration_recorder.ensure_schema()
    ~~~~~~~~~~~~~~~~~~~~~~~~~~~~~~~~^^
  File "/home/rcosta00/dev/SmartQuotation/backend/.venv/lib/python3.13/site-packages/django/db/migrations/recorder.py", line 73, in ensure_schema
    if self.has_table():
       ~~~~~~~~~~~~~~^^
  File "/home/rcosta00/dev/SmartQuotation/backend/.venv/lib/python3.13/site-packages/django/db/migrations/recorder.py", line 63, in has_table
    with self.connection.cursor() as cursor:
         ~~~~~~~~~~~~~~~~~~~~~~^^
  File "/home/rcosta00/dev/SmartQuotation/backend/.venv/lib/python3.13/site-packages/django/utils/asyncio.py", line 26, in inner
    return func(*args, **kwargs)
  File "/home/rcosta00/dev/SmartQuotation/backend/.venv/lib/python3.13/site-packages/django/db/backends/base/base.py", line 320, in cursor
    return self._cursor()
           ~~~~~~~~~~~~^^
  File "/home/rcosta00/dev/SmartQuotation/backend/.venv/lib/python3.13/site-packages/django_tenants/postgresql_backend/base.py", line 144, in _cursor
    cursor = super()._cursor()
  File "/home/rcosta00/dev/SmartQuotation/backend/.venv/lib/python3.13/site-packages/django/db/backends/base/base.py", line 297, in _cursor
    with self.wrap_database_errors:
         ^^^^^^^^^^^^^^^^^^^^^^^^^
  File "/home/rcosta00/dev/SmartQuotation/backend/.venv/lib/python3.13/site-packages/django/db/utils.py", line 91, in __exit__
    raise dj_exc_value.with_traceback(traceback) from exc_value
  File "/home/rcosta00/dev/SmartQuotation/backend/.venv/lib/python3.13/site-packages/django/db/backends/base/base.py", line 298, in _cursor
    return self._prepare_cursor(self.create_cursor(name))
                                ~~~~~~~~~~~~~~~~~~^^^^^^
  File "/home/rcosta00/dev/SmartQuotation/backend/.venv/lib/python3.13/site-packages/django/utils/asyncio.py", line 26, in inner
    return func(*args, **kwargs)
  File "/home/rcosta00/dev/SmartQuotation/backend/.venv/lib/python3.13/site-packages/django/db/backends/postgresql/base.py", line 429, in create_cursor
    cursor = self.connection.cursor()
django.db.utils.InterfaceError: connection already closed

======================================================================
ERROR: setUpClass (apps.production.tests.HorasDecompositionTests)
----------------------------------------------------------------------
Traceback (most recent call last):
  File "/home/rcosta00/dev/SmartQuotation/backend/.venv/lib/python3.13/site-packages/django/db/backends/base/base.py", line 298, in _cursor
    return self._prepare_cursor(self.create_cursor(name))
                                ~~~~~~~~~~~~~~~~~~^^^^^^
  File "/home/rcosta00/dev/SmartQuotation/backend/.venv/lib/python3.13/site-packages/django/utils/asyncio.py", line 26, in inner
    return func(*args, **kwargs)
  File "/home/rcosta00/dev/SmartQuotation/backend/.venv/lib/python3.13/site-packages/django/db/backends/postgresql/base.py", line 429, in create_cursor
    cursor = self.connection.cursor()
psycopg2.InterfaceError: connection already closed

The above exception was the direct cause of the following exception:

Traceback (most recent call last):
  File "/home/rcosta00/dev/SmartQuotation/backend/.venv/lib/python3.13/site-packages/django_tenants/test/cases.py", line 34, in setUpClass
    cls.sync_shared()
    ~~~~~~~~~~~~~~~^^
  File "/home/rcosta00/dev/SmartQuotation/backend/.venv/lib/python3.13/site-packages/django_tenants/test/cases.py", line 76, in sync_shared
    call_command('migrate_schemas',
    ~~~~~~~~~~~~^^^^^^^^^^^^^^^^^^^
                 schema_name=get_public_schema_name(),
                 ^^^^^^^^^^^^^^^^^^^^^^^^^^^^^^^^^^^^^
                 interactive=False,
                 ^^^^^^^^^^^^^^^^^^
                 verbosity=0)
                 ^^^^^^^^^^^^
  File "/home/rcosta00/dev/SmartQuotation/backend/.venv/lib/python3.13/site-packages/django/core/management/__init__.py", line 194, in call_command
    return command.execute(*args, **defaults)
           ~~~~~~~~~~~~~~~^^^^^^^^^^^^^^^^^^^
  File "/home/rcosta00/dev/SmartQuotation/backend/.venv/lib/python3.13/site-packages/django/core/management/base.py", line 460, in execute
    output = self.handle(*args, **options)
  File "/home/rcosta00/dev/SmartQuotation/backend/.venv/lib/python3.13/site-packages/django_tenants/management/commands/migrate_schemas.py", line 66, in handle
    executor.run_migrations(tenants=[self.PUBLIC_SCHEMA_NAME])
    ~~~~~~~~~~~~~~~~~~~~~~~^^^^^^^^^^^^^^^^^^^^^^^^^^^^^^^^^^^
  File "/home/rcosta00/dev/SmartQuotation/backend/.venv/lib/python3.13/site-packages/django_tenants/migration_executors/standard.py", line 11, in run_migrations
    run_migrations(self.args, self.options, self.codename, self.PUBLIC_SCHEMA_NAME)
    ~~~~~~~~~~~~~~^^^^^^^^^^^^^^^^^^^^^^^^^^^^^^^^^^^^^^^^^^^^^^^^^^^^^^^^^^^^^^^^^
  File "/home/rcosta00/dev/SmartQuotation/backend/.venv/lib/python3.13/site-packages/django_tenants/migration_executors/base.py", line 51, in run_migrations
    migration_recorder.ensure_schema()
    ~~~~~~~~~~~~~~~~~~~~~~~~~~~~~~~~^^
  File "/home/rcosta00/dev/SmartQuotation/backend/.venv/lib/python3.13/site-packages/django/db/migrations/recorder.py", line 73, in ensure_schema
    if self.has_table():
       ~~~~~~~~~~~~~~^^
  File "/home/rcosta00/dev/SmartQuotation/backend/.venv/lib/python3.13/site-packages/django/db/migrations/recorder.py", line 63, in has_table
    with self.connection.cursor() as cursor:
         ~~~~~~~~~~~~~~~~~~~~~~^^
  File "/home/rcosta00/dev/SmartQuotation/backend/.venv/lib/python3.13/site-packages/django/utils/asyncio.py", line 26, in inner
    return func(*args, **kwargs)
  File "/home/rcosta00/dev/SmartQuotation/backend/.venv/lib/python3.13/site-packages/django/db/backends/base/base.py", line 320, in cursor
    return self._cursor()
           ~~~~~~~~~~~~^^
  File "/home/rcosta00/dev/SmartQuotation/backend/.venv/lib/python3.13/site-packages/django_tenants/postgresql_backend/base.py", line 144, in _cursor
    cursor = super()._cursor()
  File "/home/rcosta00/dev/SmartQuotation/backend/.venv/lib/python3.13/site-packages/django/db/backends/base/base.py", line 297, in _cursor
    with self.wrap_database_errors:
         ^^^^^^^^^^^^^^^^^^^^^^^^^
  File "/home/rcosta00/dev/SmartQuotation/backend/.venv/lib/python3.13/site-packages/django/db/utils.py", line 91, in __exit__
    raise dj_exc_value.with_traceback(traceback) from exc_value
  File "/home/rcosta00/dev/SmartQuotation/backend/.venv/lib/python3.13/site-packages/django/db/backends/base/base.py", line 298, in _cursor
    return self._prepare_cursor(self.create_cursor(name))
                                ~~~~~~~~~~~~~~~~~~^^^^^^
  File "/home/rcosta00/dev/SmartQuotation/backend/.venv/lib/python3.13/site-packages/django/utils/asyncio.py", line 26, in inner
    return func(*args, **kwargs)
  File "/home/rcosta00/dev/SmartQuotation/backend/.venv/lib/python3.13/site-packages/django/db/backends/postgresql/base.py", line 429, in create_cursor
    cursor = self.connection.cursor()
django.db.utils.InterfaceError: connection already closed

======================================================================
ERROR: setUpClass (apps.production.tests.HourVarianceToleranceTests)
----------------------------------------------------------------------
Traceback (most recent call last):
  File "/home/rcosta00/dev/SmartQuotation/backend/.venv/lib/python3.13/site-packages/django/db/backends/base/base.py", line 298, in _cursor
    return self._prepare_cursor(self.create_cursor(name))
                                ~~~~~~~~~~~~~~~~~~^^^^^^
  File "/home/rcosta00/dev/SmartQuotation/backend/.venv/lib/python3.13/site-packages/django/utils/asyncio.py", line 26, in inner
    return func(*args, **kwargs)
  File "/home/rcosta00/dev/SmartQuotation/backend/.venv/lib/python3.13/site-packages/django/db/backends/postgresql/base.py", line 429, in create_cursor
    cursor = self.connection.cursor()
psycopg2.InterfaceError: connection already closed

The above exception was the direct cause of the following exception:

Traceback (most recent call last):
  File "/home/rcosta00/dev/SmartQuotation/backend/.venv/lib/python3.13/site-packages/django_tenants/test/cases.py", line 34, in setUpClass
    cls.sync_shared()
    ~~~~~~~~~~~~~~~^^
  File "/home/rcosta00/dev/SmartQuotation/backend/.venv/lib/python3.13/site-packages/django_tenants/test/cases.py", line 76, in sync_shared
    call_command('migrate_schemas',
    ~~~~~~~~~~~~^^^^^^^^^^^^^^^^^^^
                 schema_name=get_public_schema_name(),
                 ^^^^^^^^^^^^^^^^^^^^^^^^^^^^^^^^^^^^^
                 interactive=False,
                 ^^^^^^^^^^^^^^^^^^
                 verbosity=0)
                 ^^^^^^^^^^^^
  File "/home/rcosta00/dev/SmartQuotation/backend/.venv/lib/python3.13/site-packages/django/core/management/__init__.py", line 194, in call_command
    return command.execute(*args, **defaults)
           ~~~~~~~~~~~~~~~^^^^^^^^^^^^^^^^^^^
  File "/home/rcosta00/dev/SmartQuotation/backend/.venv/lib/python3.13/site-packages/django/core/management/base.py", line 460, in execute
    output = self.handle(*args, **options)
  File "/home/rcosta00/dev/SmartQuotation/backend/.venv/lib/python3.13/site-packages/django_tenants/management/commands/migrate_schemas.py", line 66, in handle
    executor.run_migrations(tenants=[self.PUBLIC_SCHEMA_NAME])
    ~~~~~~~~~~~~~~~~~~~~~~~^^^^^^^^^^^^^^^^^^^^^^^^^^^^^^^^^^^
  File "/home/rcosta00/dev/SmartQuotation/backend/.venv/lib/python3.13/site-packages/django_tenants/migration_executors/standard.py", line 11, in run_migrations
    run_migrations(self.args, self.options, self.codename, self.PUBLIC_SCHEMA_NAME)
    ~~~~~~~~~~~~~~^^^^^^^^^^^^^^^^^^^^^^^^^^^^^^^^^^^^^^^^^^^^^^^^^^^^^^^^^^^^^^^^^
  File "/home/rcosta00/dev/SmartQuotation/backend/.venv/lib/python3.13/site-packages/django_tenants/migration_executors/base.py", line 51, in run_migrations
    migration_recorder.ensure_schema()
    ~~~~~~~~~~~~~~~~~~~~~~~~~~~~~~~~^^
  File "/home/rcosta00/dev/SmartQuotation/backend/.venv/lib/python3.13/site-packages/django/db/migrations/recorder.py", line 73, in ensure_schema
    if self.has_table():
       ~~~~~~~~~~~~~~^^
  File "/home/rcosta00/dev/SmartQuotation/backend/.venv/lib/python3.13/site-packages/django/db/migrations/recorder.py", line 63, in has_table
    with self.connection.cursor() as cursor:
         ~~~~~~~~~~~~~~~~~~~~~~^^
  File "/home/rcosta00/dev/SmartQuotation/backend/.venv/lib/python3.13/site-packages/django/utils/asyncio.py", line 26, in inner
    return func(*args, **kwargs)
  File "/home/rcosta00/dev/SmartQuotation/backend/.venv/lib/python3.13/site-packages/django/db/backends/base/base.py", line 320, in cursor
    return self._cursor()
           ~~~~~~~~~~~~^^
  File "/home/rcosta00/dev/SmartQuotation/backend/.venv/lib/python3.13/site-packages/django_tenants/postgresql_backend/base.py", line 144, in _cursor
    cursor = super()._cursor()
  File "/home/rcosta00/dev/SmartQuotation/backend/.venv/lib/python3.13/site-packages/django/db/backends/base/base.py", line 297, in _cursor
    with self.wrap_database_errors:
         ^^^^^^^^^^^^^^^^^^^^^^^^^
  File "/home/rcosta00/dev/SmartQuotation/backend/.venv/lib/python3.13/site-packages/django/db/utils.py", line 91, in __exit__
    raise dj_exc_value.with_traceback(traceback) from exc_value
  File "/home/rcosta00/dev/SmartQuotation/backend/.venv/lib/python3.13/site-packages/django/db/backends/base/base.py", line 298, in _cursor
    return self._prepare_cursor(self.create_cursor(name))
                                ~~~~~~~~~~~~~~~~~~^^^^^^
  File "/home/rcosta00/dev/SmartQuotation/backend/.venv/lib/python3.13/site-packages/django/utils/asyncio.py", line 26, in inner
    return func(*args, **kwargs)
  File "/home/rcosta00/dev/SmartQuotation/backend/.venv/lib/python3.13/site-packages/django/db/backends/postgresql/base.py", line 429, in create_cursor
    cursor = self.connection.cursor()
django.db.utils.InterfaceError: connection already closed

======================================================================
ERROR: setUpClass (apps.production.tests.HourVarianceUITests)
----------------------------------------------------------------------
Traceback (most recent call last):
  File "/home/rcosta00/dev/SmartQuotation/backend/.venv/lib/python3.13/site-packages/django/db/backends/base/base.py", line 298, in _cursor
    return self._prepare_cursor(self.create_cursor(name))
                                ~~~~~~~~~~~~~~~~~~^^^^^^
  File "/home/rcosta00/dev/SmartQuotation/backend/.venv/lib/python3.13/site-packages/django/utils/asyncio.py", line 26, in inner
    return func(*args, **kwargs)
  File "/home/rcosta00/dev/SmartQuotation/backend/.venv/lib/python3.13/site-packages/django/db/backends/postgresql/base.py", line 429, in create_cursor
    cursor = self.connection.cursor()
psycopg2.InterfaceError: connection already closed

The above exception was the direct cause of the following exception:

Traceback (most recent call last):
  File "/home/rcosta00/dev/SmartQuotation/backend/.venv/lib/python3.13/site-packages/django_tenants/test/cases.py", line 34, in setUpClass
    cls.sync_shared()
    ~~~~~~~~~~~~~~~^^
  File "/home/rcosta00/dev/SmartQuotation/backend/.venv/lib/python3.13/site-packages/django_tenants/test/cases.py", line 76, in sync_shared
    call_command('migrate_schemas',
    ~~~~~~~~~~~~^^^^^^^^^^^^^^^^^^^
                 schema_name=get_public_schema_name(),
                 ^^^^^^^^^^^^^^^^^^^^^^^^^^^^^^^^^^^^^
                 interactive=False,
                 ^^^^^^^^^^^^^^^^^^
                 verbosity=0)
                 ^^^^^^^^^^^^
  File "/home/rcosta00/dev/SmartQuotation/backend/.venv/lib/python3.13/site-packages/django/core/management/__init__.py", line 194, in call_command
    return command.execute(*args, **defaults)
           ~~~~~~~~~~~~~~~^^^^^^^^^^^^^^^^^^^
  File "/home/rcosta00/dev/SmartQuotation/backend/.venv/lib/python3.13/site-packages/django/core/management/base.py", line 460, in execute
    output = self.handle(*args, **options)
  File "/home/rcosta00/dev/SmartQuotation/backend/.venv/lib/python3.13/site-packages/django_tenants/management/commands/migrate_schemas.py", line 66, in handle
    executor.run_migrations(tenants=[self.PUBLIC_SCHEMA_NAME])
    ~~~~~~~~~~~~~~~~~~~~~~~^^^^^^^^^^^^^^^^^^^^^^^^^^^^^^^^^^^
  File "/home/rcosta00/dev/SmartQuotation/backend/.venv/lib/python3.13/site-packages/django_tenants/migration_executors/standard.py", line 11, in run_migrations
    run_migrations(self.args, self.options, self.codename, self.PUBLIC_SCHEMA_NAME)
    ~~~~~~~~~~~~~~^^^^^^^^^^^^^^^^^^^^^^^^^^^^^^^^^^^^^^^^^^^^^^^^^^^^^^^^^^^^^^^^^
  File "/home/rcosta00/dev/SmartQuotation/backend/.venv/lib/python3.13/site-packages/django_tenants/migration_executors/base.py", line 51, in run_migrations
    migration_recorder.ensure_schema()
    ~~~~~~~~~~~~~~~~~~~~~~~~~~~~~~~~^^
  File "/home/rcosta00/dev/SmartQuotation/backend/.venv/lib/python3.13/site-packages/django/db/migrations/recorder.py", line 73, in ensure_schema
    if self.has_table():
       ~~~~~~~~~~~~~~^^
  File "/home/rcosta00/dev/SmartQuotation/backend/.venv/lib/python3.13/site-packages/django/db/migrations/recorder.py", line 63, in has_table
    with self.connection.cursor() as cursor:
         ~~~~~~~~~~~~~~~~~~~~~~^^
  File "/home/rcosta00/dev/SmartQuotation/backend/.venv/lib/python3.13/site-packages/django/utils/asyncio.py", line 26, in inner
    return func(*args, **kwargs)
  File "/home/rcosta00/dev/SmartQuotation/backend/.venv/lib/python3.13/site-packages/django/db/backends/base/base.py", line 320, in cursor
    return self._cursor()
           ~~~~~~~~~~~~^^
  File "/home/rcosta00/dev/SmartQuotation/backend/.venv/lib/python3.13/site-packages/django_tenants/postgresql_backend/base.py", line 144, in _cursor
    cursor = super()._cursor()
  File "/home/rcosta00/dev/SmartQuotation/backend/.venv/lib/python3.13/site-packages/django/db/backends/base/base.py", line 297, in _cursor
    with self.wrap_database_errors:
         ^^^^^^^^^^^^^^^^^^^^^^^^^
  File "/home/rcosta00/dev/SmartQuotation/backend/.venv/lib/python3.13/site-packages/django/db/utils.py", line 91, in __exit__
    raise dj_exc_value.with_traceback(traceback) from exc_value
  File "/home/rcosta00/dev/SmartQuotation/backend/.venv/lib/python3.13/site-packages/django/db/backends/base/base.py", line 298, in _cursor
    return self._prepare_cursor(self.create_cursor(name))
                                ~~~~~~~~~~~~~~~~~~^^^^^^
  File "/home/rcosta00/dev/SmartQuotation/backend/.venv/lib/python3.13/site-packages/django/utils/asyncio.py", line 26, in inner
    return func(*args, **kwargs)
  File "/home/rcosta00/dev/SmartQuotation/backend/.venv/lib/python3.13/site-packages/django/db/backends/postgresql/base.py", line 429, in create_cursor
    cursor = self.connection.cursor()
django.db.utils.InterfaceError: connection already closed

======================================================================
ERROR: setUpClass (apps.production.tests.ITPServiceTests)
----------------------------------------------------------------------
Traceback (most recent call last):
  File "/home/rcosta00/dev/SmartQuotation/backend/.venv/lib/python3.13/site-packages/django/db/backends/base/base.py", line 298, in _cursor
    return self._prepare_cursor(self.create_cursor(name))
                                ~~~~~~~~~~~~~~~~~~^^^^^^
  File "/home/rcosta00/dev/SmartQuotation/backend/.venv/lib/python3.13/site-packages/django/utils/asyncio.py", line 26, in inner
    return func(*args, **kwargs)
  File "/home/rcosta00/dev/SmartQuotation/backend/.venv/lib/python3.13/site-packages/django/db/backends/postgresql/base.py", line 429, in create_cursor
    cursor = self.connection.cursor()
psycopg2.InterfaceError: connection already closed

The above exception was the direct cause of the following exception:

Traceback (most recent call last):
  File "/home/rcosta00/dev/SmartQuotation/backend/.venv/lib/python3.13/site-packages/django_tenants/test/cases.py", line 34, in setUpClass
    cls.sync_shared()
    ~~~~~~~~~~~~~~~^^
  File "/home/rcosta00/dev/SmartQuotation/backend/.venv/lib/python3.13/site-packages/django_tenants/test/cases.py", line 76, in sync_shared
    call_command('migrate_schemas',
    ~~~~~~~~~~~~^^^^^^^^^^^^^^^^^^^
                 schema_name=get_public_schema_name(),
                 ^^^^^^^^^^^^^^^^^^^^^^^^^^^^^^^^^^^^^
                 interactive=False,
                 ^^^^^^^^^^^^^^^^^^
                 verbosity=0)
                 ^^^^^^^^^^^^
  File "/home/rcosta00/dev/SmartQuotation/backend/.venv/lib/python3.13/site-packages/django/core/management/__init__.py", line 194, in call_command
    return command.execute(*args, **defaults)
           ~~~~~~~~~~~~~~~^^^^^^^^^^^^^^^^^^^
  File "/home/rcosta00/dev/SmartQuotation/backend/.venv/lib/python3.13/site-packages/django/core/management/base.py", line 460, in execute
    output = self.handle(*args, **options)
  File "/home/rcosta00/dev/SmartQuotation/backend/.venv/lib/python3.13/site-packages/django_tenants/management/commands/migrate_schemas.py", line 66, in handle
    executor.run_migrations(tenants=[self.PUBLIC_SCHEMA_NAME])
    ~~~~~~~~~~~~~~~~~~~~~~~^^^^^^^^^^^^^^^^^^^^^^^^^^^^^^^^^^^
  File "/home/rcosta00/dev/SmartQuotation/backend/.venv/lib/python3.13/site-packages/django_tenants/migration_executors/standard.py", line 11, in run_migrations
    run_migrations(self.args, self.options, self.codename, self.PUBLIC_SCHEMA_NAME)
    ~~~~~~~~~~~~~~^^^^^^^^^^^^^^^^^^^^^^^^^^^^^^^^^^^^^^^^^^^^^^^^^^^^^^^^^^^^^^^^^
  File "/home/rcosta00/dev/SmartQuotation/backend/.venv/lib/python3.13/site-packages/django_tenants/migration_executors/base.py", line 51, in run_migrations
    migration_recorder.ensure_schema()
    ~~~~~~~~~~~~~~~~~~~~~~~~~~~~~~~~^^
  File "/home/rcosta00/dev/SmartQuotation/backend/.venv/lib/python3.13/site-packages/django/db/migrations/recorder.py", line 73, in ensure_schema
    if self.has_table():
       ~~~~~~~~~~~~~~^^
  File "/home/rcosta00/dev/SmartQuotation/backend/.venv/lib/python3.13/site-packages/django/db/migrations/recorder.py", line 63, in has_table
    with self.connection.cursor() as cursor:
         ~~~~~~~~~~~~~~~~~~~~~~^^
  File "/home/rcosta00/dev/SmartQuotation/backend/.venv/lib/python3.13/site-packages/django/utils/asyncio.py", line 26, in inner
    return func(*args, **kwargs)
  File "/home/rcosta00/dev/SmartQuotation/backend/.venv/lib/python3.13/site-packages/django/db/backends/base/base.py", line 320, in cursor
    return self._cursor()
           ~~~~~~~~~~~~^^
  File "/home/rcosta00/dev/SmartQuotation/backend/.venv/lib/python3.13/site-packages/django_tenants/postgresql_backend/base.py", line 144, in _cursor
    cursor = super()._cursor()
  File "/home/rcosta00/dev/SmartQuotation/backend/.venv/lib/python3.13/site-packages/django/db/backends/base/base.py", line 297, in _cursor
    with self.wrap_database_errors:
         ^^^^^^^^^^^^^^^^^^^^^^^^^
  File "/home/rcosta00/dev/SmartQuotation/backend/.venv/lib/python3.13/site-packages/django/db/utils.py", line 91, in __exit__
    raise dj_exc_value.with_traceback(traceback) from exc_value
  File "/home/rcosta00/dev/SmartQuotation/backend/.venv/lib/python3.13/site-packages/django/db/backends/base/base.py", line 298, in _cursor
    return self._prepare_cursor(self.create_cursor(name))
                                ~~~~~~~~~~~~~~~~~~^^^^^^
  File "/home/rcosta00/dev/SmartQuotation/backend/.venv/lib/python3.13/site-packages/django/utils/asyncio.py", line 26, in inner
    return func(*args, **kwargs)
  File "/home/rcosta00/dev/SmartQuotation/backend/.venv/lib/python3.13/site-packages/django/db/backends/postgresql/base.py", line 429, in create_cursor
    cursor = self.connection.cursor()
django.db.utils.InterfaceError: connection already closed

======================================================================
ERROR: setUpClass (apps.production.tests.ITPViewTests)
----------------------------------------------------------------------
Traceback (most recent call last):
  File "/home/rcosta00/dev/SmartQuotation/backend/.venv/lib/python3.13/site-packages/django/db/backends/base/base.py", line 298, in _cursor
    return self._prepare_cursor(self.create_cursor(name))
                                ~~~~~~~~~~~~~~~~~~^^^^^^
  File "/home/rcosta00/dev/SmartQuotation/backend/.venv/lib/python3.13/site-packages/django/utils/asyncio.py", line 26, in inner
    return func(*args, **kwargs)
  File "/home/rcosta00/dev/SmartQuotation/backend/.venv/lib/python3.13/site-packages/django/db/backends/postgresql/base.py", line 429, in create_cursor
    cursor = self.connection.cursor()
psycopg2.InterfaceError: connection already closed

The above exception was the direct cause of the following exception:

Traceback (most recent call last):
  File "/home/rcosta00/dev/SmartQuotation/backend/.venv/lib/python3.13/site-packages/django_tenants/test/cases.py", line 34, in setUpClass
    cls.sync_shared()
    ~~~~~~~~~~~~~~~^^
  File "/home/rcosta00/dev/SmartQuotation/backend/.venv/lib/python3.13/site-packages/django_tenants/test/cases.py", line 76, in sync_shared
    call_command('migrate_schemas',
    ~~~~~~~~~~~~^^^^^^^^^^^^^^^^^^^
                 schema_name=get_public_schema_name(),
                 ^^^^^^^^^^^^^^^^^^^^^^^^^^^^^^^^^^^^^
                 interactive=False,
                 ^^^^^^^^^^^^^^^^^^
                 verbosity=0)
                 ^^^^^^^^^^^^
  File "/home/rcosta00/dev/SmartQuotation/backend/.venv/lib/python3.13/site-packages/django/core/management/__init__.py", line 194, in call_command
    return command.execute(*args, **defaults)
           ~~~~~~~~~~~~~~~^^^^^^^^^^^^^^^^^^^
  File "/home/rcosta00/dev/SmartQuotation/backend/.venv/lib/python3.13/site-packages/django/core/management/base.py", line 460, in execute
    output = self.handle(*args, **options)
  File "/home/rcosta00/dev/SmartQuotation/backend/.venv/lib/python3.13/site-packages/django_tenants/management/commands/migrate_schemas.py", line 66, in handle
    executor.run_migrations(tenants=[self.PUBLIC_SCHEMA_NAME])
    ~~~~~~~~~~~~~~~~~~~~~~~^^^^^^^^^^^^^^^^^^^^^^^^^^^^^^^^^^^
  File "/home/rcosta00/dev/SmartQuotation/backend/.venv/lib/python3.13/site-packages/django_tenants/migration_executors/standard.py", line 11, in run_migrations
    run_migrations(self.args, self.options, self.codename, self.PUBLIC_SCHEMA_NAME)
    ~~~~~~~~~~~~~~^^^^^^^^^^^^^^^^^^^^^^^^^^^^^^^^^^^^^^^^^^^^^^^^^^^^^^^^^^^^^^^^^
  File "/home/rcosta00/dev/SmartQuotation/backend/.venv/lib/python3.13/site-packages/django_tenants/migration_executors/base.py", line 51, in run_migrations
    migration_recorder.ensure_schema()
    ~~~~~~~~~~~~~~~~~~~~~~~~~~~~~~~~^^
  File "/home/rcosta00/dev/SmartQuotation/backend/.venv/lib/python3.13/site-packages/django/db/migrations/recorder.py", line 73, in ensure_schema
    if self.has_table():
       ~~~~~~~~~~~~~~^^
  File "/home/rcosta00/dev/SmartQuotation/backend/.venv/lib/python3.13/site-packages/django/db/migrations/recorder.py", line 63, in has_table
    with self.connection.cursor() as cursor:
         ~~~~~~~~~~~~~~~~~~~~~~^^
  File "/home/rcosta00/dev/SmartQuotation/backend/.venv/lib/python3.13/site-packages/django/utils/asyncio.py", line 26, in inner
    return func(*args, **kwargs)
  File "/home/rcosta00/dev/SmartQuotation/backend/.venv/lib/python3.13/site-packages/django/db/backends/base/base.py", line 320, in cursor
    return self._cursor()
           ~~~~~~~~~~~~^^
  File "/home/rcosta00/dev/SmartQuotation/backend/.venv/lib/python3.13/site-packages/django_tenants/postgresql_backend/base.py", line 144, in _cursor
    cursor = super()._cursor()
  File "/home/rcosta00/dev/SmartQuotation/backend/.venv/lib/python3.13/site-packages/django/db/backends/base/base.py", line 297, in _cursor
    with self.wrap_database_errors:
         ^^^^^^^^^^^^^^^^^^^^^^^^^
  File "/home/rcosta00/dev/SmartQuotation/backend/.venv/lib/python3.13/site-packages/django/db/utils.py", line 91, in __exit__
    raise dj_exc_value.with_traceback(traceback) from exc_value
  File "/home/rcosta00/dev/SmartQuotation/backend/.venv/lib/python3.13/site-packages/django/db/backends/base/base.py", line 298, in _cursor
    return self._prepare_cursor(self.create_cursor(name))
                                ~~~~~~~~~~~~~~~~~~^^^^^^
  File "/home/rcosta00/dev/SmartQuotation/backend/.venv/lib/python3.13/site-packages/django/utils/asyncio.py", line 26, in inner
    return func(*args, **kwargs)
  File "/home/rcosta00/dev/SmartQuotation/backend/.venv/lib/python3.13/site-packages/django/db/backends/postgresql/base.py", line 429, in create_cursor
    cursor = self.connection.cursor()
django.db.utils.InterfaceError: connection already closed

======================================================================
ERROR: setUpClass (apps.production.tests.OFAuthorizationViewTests)
----------------------------------------------------------------------
Traceback (most recent call last):
  File "/home/rcosta00/dev/SmartQuotation/backend/.venv/lib/python3.13/site-packages/django/db/backends/base/base.py", line 298, in _cursor
    return self._prepare_cursor(self.create_cursor(name))
                                ~~~~~~~~~~~~~~~~~~^^^^^^
  File "/home/rcosta00/dev/SmartQuotation/backend/.venv/lib/python3.13/site-packages/django/utils/asyncio.py", line 26, in inner
    return func(*args, **kwargs)
  File "/home/rcosta00/dev/SmartQuotation/backend/.venv/lib/python3.13/site-packages/django/db/backends/postgresql/base.py", line 429, in create_cursor
    cursor = self.connection.cursor()
psycopg2.InterfaceError: connection already closed

The above exception was the direct cause of the following exception:

Traceback (most recent call last):
  File "/home/rcosta00/dev/SmartQuotation/backend/.venv/lib/python3.13/site-packages/django_tenants/test/cases.py", line 34, in setUpClass
    cls.sync_shared()
    ~~~~~~~~~~~~~~~^^
  File "/home/rcosta00/dev/SmartQuotation/backend/.venv/lib/python3.13/site-packages/django_tenants/test/cases.py", line 76, in sync_shared
    call_command('migrate_schemas',
    ~~~~~~~~~~~~^^^^^^^^^^^^^^^^^^^
                 schema_name=get_public_schema_name(),
                 ^^^^^^^^^^^^^^^^^^^^^^^^^^^^^^^^^^^^^
                 interactive=False,
                 ^^^^^^^^^^^^^^^^^^
                 verbosity=0)
                 ^^^^^^^^^^^^
  File "/home/rcosta00/dev/SmartQuotation/backend/.venv/lib/python3.13/site-packages/django/core/management/__init__.py", line 194, in call_command
    return command.execute(*args, **defaults)
           ~~~~~~~~~~~~~~~^^^^^^^^^^^^^^^^^^^
  File "/home/rcosta00/dev/SmartQuotation/backend/.venv/lib/python3.13/site-packages/django/core/management/base.py", line 460, in execute
    output = self.handle(*args, **options)
  File "/home/rcosta00/dev/SmartQuotation/backend/.venv/lib/python3.13/site-packages/django_tenants/management/commands/migrate_schemas.py", line 66, in handle
    executor.run_migrations(tenants=[self.PUBLIC_SCHEMA_NAME])
    ~~~~~~~~~~~~~~~~~~~~~~~^^^^^^^^^^^^^^^^^^^^^^^^^^^^^^^^^^^
  File "/home/rcosta00/dev/SmartQuotation/backend/.venv/lib/python3.13/site-packages/django_tenants/migration_executors/standard.py", line 11, in run_migrations
    run_migrations(self.args, self.options, self.codename, self.PUBLIC_SCHEMA_NAME)
    ~~~~~~~~~~~~~~^^^^^^^^^^^^^^^^^^^^^^^^^^^^^^^^^^^^^^^^^^^^^^^^^^^^^^^^^^^^^^^^^
  File "/home/rcosta00/dev/SmartQuotation/backend/.venv/lib/python3.13/site-packages/django_tenants/migration_executors/base.py", line 51, in run_migrations
    migration_recorder.ensure_schema()
    ~~~~~~~~~~~~~~~~~~~~~~~~~~~~~~~~^^
  File "/home/rcosta00/dev/SmartQuotation/backend/.venv/lib/python3.13/site-packages/django/db/migrations/recorder.py", line 73, in ensure_schema
    if self.has_table():
       ~~~~~~~~~~~~~~^^
  File "/home/rcosta00/dev/SmartQuotation/backend/.venv/lib/python3.13/site-packages/django/db/migrations/recorder.py", line 63, in has_table
    with self.connection.cursor() as cursor:
         ~~~~~~~~~~~~~~~~~~~~~~^^
  File "/home/rcosta00/dev/SmartQuotation/backend/.venv/lib/python3.13/site-packages/django/utils/asyncio.py", line 26, in inner
    return func(*args, **kwargs)
  File "/home/rcosta00/dev/SmartQuotation/backend/.venv/lib/python3.13/site-packages/django/db/backends/base/base.py", line 320, in cursor
    return self._cursor()
           ~~~~~~~~~~~~^^
  File "/home/rcosta00/dev/SmartQuotation/backend/.venv/lib/python3.13/site-packages/django_tenants/postgresql_backend/base.py", line 144, in _cursor
    cursor = super()._cursor()
  File "/home/rcosta00/dev/SmartQuotation/backend/.venv/lib/python3.13/site-packages/django/db/backends/base/base.py", line 297, in _cursor
    with self.wrap_database_errors:
         ^^^^^^^^^^^^^^^^^^^^^^^^^
  File "/home/rcosta00/dev/SmartQuotation/backend/.venv/lib/python3.13/site-packages/django/db/utils.py", line 91, in __exit__
    raise dj_exc_value.with_traceback(traceback) from exc_value
  File "/home/rcosta00/dev/SmartQuotation/backend/.venv/lib/python3.13/site-packages/django/db/backends/base/base.py", line 298, in _cursor
    return self._prepare_cursor(self.create_cursor(name))
                                ~~~~~~~~~~~~~~~~~~^^^^^^
  File "/home/rcosta00/dev/SmartQuotation/backend/.venv/lib/python3.13/site-packages/django/utils/asyncio.py", line 26, in inner
    return func(*args, **kwargs)
  File "/home/rcosta00/dev/SmartQuotation/backend/.venv/lib/python3.13/site-packages/django/db/backends/postgresql/base.py", line 429, in create_cursor
    cursor = self.connection.cursor()
django.db.utils.InterfaceError: connection already closed

======================================================================
ERROR: setUpClass (apps.production.tests.OrdemFabricacaoDetailViewTests)
----------------------------------------------------------------------
Traceback (most recent call last):
  File "/home/rcosta00/dev/SmartQuotation/backend/.venv/lib/python3.13/site-packages/django/db/backends/base/base.py", line 298, in _cursor
    return self._prepare_cursor(self.create_cursor(name))
                                ~~~~~~~~~~~~~~~~~~^^^^^^
  File "/home/rcosta00/dev/SmartQuotation/backend/.venv/lib/python3.13/site-packages/django/utils/asyncio.py", line 26, in inner
    return func(*args, **kwargs)
  File "/home/rcosta00/dev/SmartQuotation/backend/.venv/lib/python3.13/site-packages/django/db/backends/postgresql/base.py", line 429, in create_cursor
    cursor = self.connection.cursor()
psycopg2.InterfaceError: connection already closed

The above exception was the direct cause of the following exception:

Traceback (most recent call last):
  File "/home/rcosta00/dev/SmartQuotation/backend/.venv/lib/python3.13/site-packages/django_tenants/test/cases.py", line 34, in setUpClass
    cls.sync_shared()
    ~~~~~~~~~~~~~~~^^
  File "/home/rcosta00/dev/SmartQuotation/backend/.venv/lib/python3.13/site-packages/django_tenants/test/cases.py", line 76, in sync_shared
    call_command('migrate_schemas',
    ~~~~~~~~~~~~^^^^^^^^^^^^^^^^^^^
                 schema_name=get_public_schema_name(),
                 ^^^^^^^^^^^^^^^^^^^^^^^^^^^^^^^^^^^^^
                 interactive=False,
                 ^^^^^^^^^^^^^^^^^^
                 verbosity=0)
                 ^^^^^^^^^^^^
  File "/home/rcosta00/dev/SmartQuotation/backend/.venv/lib/python3.13/site-packages/django/core/management/__init__.py", line 194, in call_command
    return command.execute(*args, **defaults)
           ~~~~~~~~~~~~~~~^^^^^^^^^^^^^^^^^^^
  File "/home/rcosta00/dev/SmartQuotation/backend/.venv/lib/python3.13/site-packages/django/core/management/base.py", line 460, in execute
    output = self.handle(*args, **options)
  File "/home/rcosta00/dev/SmartQuotation/backend/.venv/lib/python3.13/site-packages/django_tenants/management/commands/migrate_schemas.py", line 66, in handle
    executor.run_migrations(tenants=[self.PUBLIC_SCHEMA_NAME])
    ~~~~~~~~~~~~~~~~~~~~~~~^^^^^^^^^^^^^^^^^^^^^^^^^^^^^^^^^^^
  File "/home/rcosta00/dev/SmartQuotation/backend/.venv/lib/python3.13/site-packages/django_tenants/migration_executors/standard.py", line 11, in run_migrations
    run_migrations(self.args, self.options, self.codename, self.PUBLIC_SCHEMA_NAME)
    ~~~~~~~~~~~~~~^^^^^^^^^^^^^^^^^^^^^^^^^^^^^^^^^^^^^^^^^^^^^^^^^^^^^^^^^^^^^^^^^
  File "/home/rcosta00/dev/SmartQuotation/backend/.venv/lib/python3.13/site-packages/django_tenants/migration_executors/base.py", line 51, in run_migrations
    migration_recorder.ensure_schema()
    ~~~~~~~~~~~~~~~~~~~~~~~~~~~~~~~~^^
  File "/home/rcosta00/dev/SmartQuotation/backend/.venv/lib/python3.13/site-packages/django/db/migrations/recorder.py", line 73, in ensure_schema
    if self.has_table():
       ~~~~~~~~~~~~~~^^
  File "/home/rcosta00/dev/SmartQuotation/backend/.venv/lib/python3.13/site-packages/django/db/migrations/recorder.py", line 63, in has_table
    with self.connection.cursor() as cursor:
         ~~~~~~~~~~~~~~~~~~~~~~^^
  File "/home/rcosta00/dev/SmartQuotation/backend/.venv/lib/python3.13/site-packages/django/utils/asyncio.py", line 26, in inner
    return func(*args, **kwargs)
  File "/home/rcosta00/dev/SmartQuotation/backend/.venv/lib/python3.13/site-packages/django/db/backends/base/base.py", line 320, in cursor
    return self._cursor()
           ~~~~~~~~~~~~^^
  File "/home/rcosta00/dev/SmartQuotation/backend/.venv/lib/python3.13/site-packages/django_tenants/postgresql_backend/base.py", line 144, in _cursor
    cursor = super()._cursor()
  File "/home/rcosta00/dev/SmartQuotation/backend/.venv/lib/python3.13/site-packages/django/db/backends/base/base.py", line 297, in _cursor
    with self.wrap_database_errors:
         ^^^^^^^^^^^^^^^^^^^^^^^^^
  File "/home/rcosta00/dev/SmartQuotation/backend/.venv/lib/python3.13/site-packages/django/db/utils.py", line 91, in __exit__
    raise dj_exc_value.with_traceback(traceback) from exc_value
  File "/home/rcosta00/dev/SmartQuotation/backend/.venv/lib/python3.13/site-packages/django/db/backends/base/base.py", line 298, in _cursor
    return self._prepare_cursor(self.create_cursor(name))
                                ~~~~~~~~~~~~~~~~~~^^^^^^
  File "/home/rcosta00/dev/SmartQuotation/backend/.venv/lib/python3.13/site-packages/django/utils/asyncio.py", line 26, in inner
    return func(*args, **kwargs)
  File "/home/rcosta00/dev/SmartQuotation/backend/.venv/lib/python3.13/site-packages/django/db/backends/postgresql/base.py", line 429, in create_cursor
    cursor = self.connection.cursor()
django.db.utils.InterfaceError: connection already closed

======================================================================
ERROR: setUpClass (apps.production.tests.OrdemFabricacaoTests)
----------------------------------------------------------------------
Traceback (most recent call last):
  File "/home/rcosta00/dev/SmartQuotation/backend/.venv/lib/python3.13/site-packages/django/db/backends/base/base.py", line 298, in _cursor
    return self._prepare_cursor(self.create_cursor(name))
                                ~~~~~~~~~~~~~~~~~~^^^^^^
  File "/home/rcosta00/dev/SmartQuotation/backend/.venv/lib/python3.13/site-packages/django/utils/asyncio.py", line 26, in inner
    return func(*args, **kwargs)
  File "/home/rcosta00/dev/SmartQuotation/backend/.venv/lib/python3.13/site-packages/django/db/backends/postgresql/base.py", line 429, in create_cursor
    cursor = self.connection.cursor()
psycopg2.InterfaceError: connection already closed

The above exception was the direct cause of the following exception:

Traceback (most recent call last):
  File "/home/rcosta00/dev/SmartQuotation/backend/.venv/lib/python3.13/site-packages/django_tenants/test/cases.py", line 34, in setUpClass
    cls.sync_shared()
    ~~~~~~~~~~~~~~~^^
  File "/home/rcosta00/dev/SmartQuotation/backend/.venv/lib/python3.13/site-packages/django_tenants/test/cases.py", line 76, in sync_shared
    call_command('migrate_schemas',
    ~~~~~~~~~~~~^^^^^^^^^^^^^^^^^^^
                 schema_name=get_public_schema_name(),
                 ^^^^^^^^^^^^^^^^^^^^^^^^^^^^^^^^^^^^^
                 interactive=False,
                 ^^^^^^^^^^^^^^^^^^
                 verbosity=0)
                 ^^^^^^^^^^^^
  File "/home/rcosta00/dev/SmartQuotation/backend/.venv/lib/python3.13/site-packages/django/core/management/__init__.py", line 194, in call_command
    return command.execute(*args, **defaults)
           ~~~~~~~~~~~~~~~^^^^^^^^^^^^^^^^^^^
  File "/home/rcosta00/dev/SmartQuotation/backend/.venv/lib/python3.13/site-packages/django/core/management/base.py", line 460, in execute
    output = self.handle(*args, **options)
  File "/home/rcosta00/dev/SmartQuotation/backend/.venv/lib/python3.13/site-packages/django_tenants/management/commands/migrate_schemas.py", line 66, in handle
    executor.run_migrations(tenants=[self.PUBLIC_SCHEMA_NAME])
    ~~~~~~~~~~~~~~~~~~~~~~~^^^^^^^^^^^^^^^^^^^^^^^^^^^^^^^^^^^
  File "/home/rcosta00/dev/SmartQuotation/backend/.venv/lib/python3.13/site-packages/django_tenants/migration_executors/standard.py", line 11, in run_migrations
    run_migrations(self.args, self.options, self.codename, self.PUBLIC_SCHEMA_NAME)
    ~~~~~~~~~~~~~~^^^^^^^^^^^^^^^^^^^^^^^^^^^^^^^^^^^^^^^^^^^^^^^^^^^^^^^^^^^^^^^^^
  File "/home/rcosta00/dev/SmartQuotation/backend/.venv/lib/python3.13/site-packages/django_tenants/migration_executors/base.py", line 51, in run_migrations
    migration_recorder.ensure_schema()
    ~~~~~~~~~~~~~~~~~~~~~~~~~~~~~~~~^^
  File "/home/rcosta00/dev/SmartQuotation/backend/.venv/lib/python3.13/site-packages/django/db/migrations/recorder.py", line 73, in ensure_schema
    if self.has_table():
       ~~~~~~~~~~~~~~^^
  File "/home/rcosta00/dev/SmartQuotation/backend/.venv/lib/python3.13/site-packages/django/db/migrations/recorder.py", line 63, in has_table
    with self.connection.cursor() as cursor:
         ~~~~~~~~~~~~~~~~~~~~~~^^
  File "/home/rcosta00/dev/SmartQuotation/backend/.venv/lib/python3.13/site-packages/django/utils/asyncio.py", line 26, in inner
    return func(*args, **kwargs)
  File "/home/rcosta00/dev/SmartQuotation/backend/.venv/lib/python3.13/site-packages/django/db/backends/base/base.py", line 320, in cursor
    return self._cursor()
           ~~~~~~~~~~~~^^
  File "/home/rcosta00/dev/SmartQuotation/backend/.venv/lib/python3.13/site-packages/django_tenants/postgresql_backend/base.py", line 144, in _cursor
    cursor = super()._cursor()
  File "/home/rcosta00/dev/SmartQuotation/backend/.venv/lib/python3.13/site-packages/django/db/backends/base/base.py", line 297, in _cursor
    with self.wrap_database_errors:
         ^^^^^^^^^^^^^^^^^^^^^^^^^
  File "/home/rcosta00/dev/SmartQuotation/backend/.venv/lib/python3.13/site-packages/django/db/utils.py", line 91, in __exit__
    raise dj_exc_value.with_traceback(traceback) from exc_value
  File "/home/rcosta00/dev/SmartQuotation/backend/.venv/lib/python3.13/site-packages/django/db/backends/base/base.py", line 298, in _cursor
    return self._prepare_cursor(self.create_cursor(name))
                                ~~~~~~~~~~~~~~~~~~^^^^^^
  File "/home/rcosta00/dev/SmartQuotation/backend/.venv/lib/python3.13/site-packages/django/utils/asyncio.py", line 26, in inner
    return func(*args, **kwargs)
  File "/home/rcosta00/dev/SmartQuotation/backend/.venv/lib/python3.13/site-packages/django/db/backends/postgresql/base.py", line 429, in create_cursor
    cursor = self.connection.cursor()
django.db.utils.InterfaceError: connection already closed

======================================================================
ERROR: setUpClass (apps.production.tests.ProcessParameterSuggestionTests)
----------------------------------------------------------------------
Traceback (most recent call last):
  File "/home/rcosta00/dev/SmartQuotation/backend/.venv/lib/python3.13/site-packages/django/db/backends/base/base.py", line 298, in _cursor
    return self._prepare_cursor(self.create_cursor(name))
                                ~~~~~~~~~~~~~~~~~~^^^^^^
  File "/home/rcosta00/dev/SmartQuotation/backend/.venv/lib/python3.13/site-packages/django/utils/asyncio.py", line 26, in inner
    return func(*args, **kwargs)
  File "/home/rcosta00/dev/SmartQuotation/backend/.venv/lib/python3.13/site-packages/django/db/backends/postgresql/base.py", line 429, in create_cursor
    cursor = self.connection.cursor()
psycopg2.InterfaceError: connection already closed

The above exception was the direct cause of the following exception:

Traceback (most recent call last):
  File "/home/rcosta00/dev/SmartQuotation/backend/.venv/lib/python3.13/site-packages/django_tenants/test/cases.py", line 34, in setUpClass
    cls.sync_shared()
    ~~~~~~~~~~~~~~~^^
  File "/home/rcosta00/dev/SmartQuotation/backend/.venv/lib/python3.13/site-packages/django_tenants/test/cases.py", line 76, in sync_shared
    call_command('migrate_schemas',
    ~~~~~~~~~~~~^^^^^^^^^^^^^^^^^^^
                 schema_name=get_public_schema_name(),
                 ^^^^^^^^^^^^^^^^^^^^^^^^^^^^^^^^^^^^^
                 interactive=False,
                 ^^^^^^^^^^^^^^^^^^
                 verbosity=0)
                 ^^^^^^^^^^^^
  File "/home/rcosta00/dev/SmartQuotation/backend/.venv/lib/python3.13/site-packages/django/core/management/__init__.py", line 194, in call_command
    return command.execute(*args, **defaults)
           ~~~~~~~~~~~~~~~^^^^^^^^^^^^^^^^^^^
  File "/home/rcosta00/dev/SmartQuotation/backend/.venv/lib/python3.13/site-packages/django/core/management/base.py", line 460, in execute
    output = self.handle(*args, **options)
  File "/home/rcosta00/dev/SmartQuotation/backend/.venv/lib/python3.13/site-packages/django_tenants/management/commands/migrate_schemas.py", line 66, in handle
    executor.run_migrations(tenants=[self.PUBLIC_SCHEMA_NAME])
    ~~~~~~~~~~~~~~~~~~~~~~~^^^^^^^^^^^^^^^^^^^^^^^^^^^^^^^^^^^
  File "/home/rcosta00/dev/SmartQuotation/backend/.venv/lib/python3.13/site-packages/django_tenants/migration_executors/standard.py", line 11, in run_migrations
    run_migrations(self.args, self.options, self.codename, self.PUBLIC_SCHEMA_NAME)
    ~~~~~~~~~~~~~~^^^^^^^^^^^^^^^^^^^^^^^^^^^^^^^^^^^^^^^^^^^^^^^^^^^^^^^^^^^^^^^^^
  File "/home/rcosta00/dev/SmartQuotation/backend/.venv/lib/python3.13/site-packages/django_tenants/migration_executors/base.py", line 51, in run_migrations
    migration_recorder.ensure_schema()
    ~~~~~~~~~~~~~~~~~~~~~~~~~~~~~~~~^^
  File "/home/rcosta00/dev/SmartQuotation/backend/.venv/lib/python3.13/site-packages/django/db/migrations/recorder.py", line 73, in ensure_schema
    if self.has_table():
       ~~~~~~~~~~~~~~^^
  File "/home/rcosta00/dev/SmartQuotation/backend/.venv/lib/python3.13/site-packages/django/db/migrations/recorder.py", line 63, in has_table
    with self.connection.cursor() as cursor:
         ~~~~~~~~~~~~~~~~~~~~~~^^
  File "/home/rcosta00/dev/SmartQuotation/backend/.venv/lib/python3.13/site-packages/django/utils/asyncio.py", line 26, in inner
    return func(*args, **kwargs)
  File "/home/rcosta00/dev/SmartQuotation/backend/.venv/lib/python3.13/site-packages/django/db/backends/base/base.py", line 320, in cursor
    return self._cursor()
           ~~~~~~~~~~~~^^
  File "/home/rcosta00/dev/SmartQuotation/backend/.venv/lib/python3.13/site-packages/django_tenants/postgresql_backend/base.py", line 144, in _cursor
    cursor = super()._cursor()
  File "/home/rcosta00/dev/SmartQuotation/backend/.venv/lib/python3.13/site-packages/django/db/backends/base/base.py", line 297, in _cursor
    with self.wrap_database_errors:
         ^^^^^^^^^^^^^^^^^^^^^^^^^
  File "/home/rcosta00/dev/SmartQuotation/backend/.venv/lib/python3.13/site-packages/django/db/utils.py", line 91, in __exit__
    raise dj_exc_value.with_traceback(traceback) from exc_value
  File "/home/rcosta00/dev/SmartQuotation/backend/.venv/lib/python3.13/site-packages/django/db/backends/base/base.py", line 298, in _cursor
    return self._prepare_cursor(self.create_cursor(name))
                                ~~~~~~~~~~~~~~~~~~^^^^^^
  File "/home/rcosta00/dev/SmartQuotation/backend/.venv/lib/python3.13/site-packages/django/utils/asyncio.py", line 26, in inner
    return func(*args, **kwargs)
  File "/home/rcosta00/dev/SmartQuotation/backend/.venv/lib/python3.13/site-packages/django/db/backends/postgresql/base.py", line 429, in create_cursor
    cursor = self.connection.cursor()
django.db.utils.InterfaceError: connection already closed

======================================================================
ERROR: setUpClass (apps.production.tests.ProductionObservationAdminTests)
----------------------------------------------------------------------
Traceback (most recent call last):
  File "/home/rcosta00/dev/SmartQuotation/backend/.venv/lib/python3.13/site-packages/django/db/backends/base/base.py", line 298, in _cursor
    return self._prepare_cursor(self.create_cursor(name))
                                ~~~~~~~~~~~~~~~~~~^^^^^^
  File "/home/rcosta00/dev/SmartQuotation/backend/.venv/lib/python3.13/site-packages/django/utils/asyncio.py", line 26, in inner
    return func(*args, **kwargs)
  File "/home/rcosta00/dev/SmartQuotation/backend/.venv/lib/python3.13/site-packages/django/db/backends/postgresql/base.py", line 429, in create_cursor
    cursor = self.connection.cursor()
psycopg2.InterfaceError: connection already closed

The above exception was the direct cause of the following exception:

Traceback (most recent call last):
  File "/home/rcosta00/dev/SmartQuotation/backend/.venv/lib/python3.13/site-packages/django_tenants/test/cases.py", line 34, in setUpClass
    cls.sync_shared()
    ~~~~~~~~~~~~~~~^^
  File "/home/rcosta00/dev/SmartQuotation/backend/.venv/lib/python3.13/site-packages/django_tenants/test/cases.py", line 76, in sync_shared
    call_command('migrate_schemas',
    ~~~~~~~~~~~~^^^^^^^^^^^^^^^^^^^
                 schema_name=get_public_schema_name(),
                 ^^^^^^^^^^^^^^^^^^^^^^^^^^^^^^^^^^^^^
                 interactive=False,
                 ^^^^^^^^^^^^^^^^^^
                 verbosity=0)
                 ^^^^^^^^^^^^
  File "/home/rcosta00/dev/SmartQuotation/backend/.venv/lib/python3.13/site-packages/django/core/management/__init__.py", line 194, in call_command
    return command.execute(*args, **defaults)
           ~~~~~~~~~~~~~~~^^^^^^^^^^^^^^^^^^^
  File "/home/rcosta00/dev/SmartQuotation/backend/.venv/lib/python3.13/site-packages/django/core/management/base.py", line 460, in execute
    output = self.handle(*args, **options)
  File "/home/rcosta00/dev/SmartQuotation/backend/.venv/lib/python3.13/site-packages/django_tenants/management/commands/migrate_schemas.py", line 66, in handle
    executor.run_migrations(tenants=[self.PUBLIC_SCHEMA_NAME])
    ~~~~~~~~~~~~~~~~~~~~~~~^^^^^^^^^^^^^^^^^^^^^^^^^^^^^^^^^^^
  File "/home/rcosta00/dev/SmartQuotation/backend/.venv/lib/python3.13/site-packages/django_tenants/migration_executors/standard.py", line 11, in run_migrations
    run_migrations(self.args, self.options, self.codename, self.PUBLIC_SCHEMA_NAME)
    ~~~~~~~~~~~~~~^^^^^^^^^^^^^^^^^^^^^^^^^^^^^^^^^^^^^^^^^^^^^^^^^^^^^^^^^^^^^^^^^
  File "/home/rcosta00/dev/SmartQuotation/backend/.venv/lib/python3.13/site-packages/django_tenants/migration_executors/base.py", line 51, in run_migrations
    migration_recorder.ensure_schema()
    ~~~~~~~~~~~~~~~~~~~~~~~~~~~~~~~~^^
  File "/home/rcosta00/dev/SmartQuotation/backend/.venv/lib/python3.13/site-packages/django/db/migrations/recorder.py", line 73, in ensure_schema
    if self.has_table():
       ~~~~~~~~~~~~~~^^
  File "/home/rcosta00/dev/SmartQuotation/backend/.venv/lib/python3.13/site-packages/django/db/migrations/recorder.py", line 63, in has_table
    with self.connection.cursor() as cursor:
         ~~~~~~~~~~~~~~~~~~~~~~^^
  File "/home/rcosta00/dev/SmartQuotation/backend/.venv/lib/python3.13/site-packages/django/utils/asyncio.py", line 26, in inner
    return func(*args, **kwargs)
  File "/home/rcosta00/dev/SmartQuotation/backend/.venv/lib/python3.13/site-packages/django/db/backends/base/base.py", line 320, in cursor
    return self._cursor()
           ~~~~~~~~~~~~^^
  File "/home/rcosta00/dev/SmartQuotation/backend/.venv/lib/python3.13/site-packages/django_tenants/postgresql_backend/base.py", line 144, in _cursor
    cursor = super()._cursor()
  File "/home/rcosta00/dev/SmartQuotation/backend/.venv/lib/python3.13/site-packages/django/db/backends/base/base.py", line 297, in _cursor
    with self.wrap_database_errors:
         ^^^^^^^^^^^^^^^^^^^^^^^^^
  File "/home/rcosta00/dev/SmartQuotation/backend/.venv/lib/python3.13/site-packages/django/db/utils.py", line 91, in __exit__
    raise dj_exc_value.with_traceback(traceback) from exc_value
  File "/home/rcosta00/dev/SmartQuotation/backend/.venv/lib/python3.13/site-packages/django/db/backends/base/base.py", line 298, in _cursor
    return self._prepare_cursor(self.create_cursor(name))
                                ~~~~~~~~~~~~~~~~~~^^^^^^
  File "/home/rcosta00/dev/SmartQuotation/backend/.venv/lib/python3.13/site-packages/django/utils/asyncio.py", line 26, in inner
    return func(*args, **kwargs)
  File "/home/rcosta00/dev/SmartQuotation/backend/.venv/lib/python3.13/site-packages/django/db/backends/postgresql/base.py", line 429, in create_cursor
    cursor = self.connection.cursor()
django.db.utils.InterfaceError: connection already closed

======================================================================
ERROR: setUpClass (apps.production.tests.ProductionReviewSignalTests)
----------------------------------------------------------------------
Traceback (most recent call last):
  File "/home/rcosta00/dev/SmartQuotation/backend/.venv/lib/python3.13/site-packages/django/db/backends/base/base.py", line 298, in _cursor
    return self._prepare_cursor(self.create_cursor(name))
                                ~~~~~~~~~~~~~~~~~~^^^^^^
  File "/home/rcosta00/dev/SmartQuotation/backend/.venv/lib/python3.13/site-packages/django/utils/asyncio.py", line 26, in inner
    return func(*args, **kwargs)
  File "/home/rcosta00/dev/SmartQuotation/backend/.venv/lib/python3.13/site-packages/django/db/backends/postgresql/base.py", line 429, in create_cursor
    cursor = self.connection.cursor()
psycopg2.InterfaceError: connection already closed

The above exception was the direct cause of the following exception:

Traceback (most recent call last):
  File "/home/rcosta00/dev/SmartQuotation/backend/.venv/lib/python3.13/site-packages/django_tenants/test/cases.py", line 34, in setUpClass
    cls.sync_shared()
    ~~~~~~~~~~~~~~~^^
  File "/home/rcosta00/dev/SmartQuotation/backend/.venv/lib/python3.13/site-packages/django_tenants/test/cases.py", line 76, in sync_shared
    call_command('migrate_schemas',
    ~~~~~~~~~~~~^^^^^^^^^^^^^^^^^^^
                 schema_name=get_public_schema_name(),
                 ^^^^^^^^^^^^^^^^^^^^^^^^^^^^^^^^^^^^^
                 interactive=False,
                 ^^^^^^^^^^^^^^^^^^
                 verbosity=0)
                 ^^^^^^^^^^^^
  File "/home/rcosta00/dev/SmartQuotation/backend/.venv/lib/python3.13/site-packages/django/core/management/__init__.py", line 194, in call_command
    return command.execute(*args, **defaults)
           ~~~~~~~~~~~~~~~^^^^^^^^^^^^^^^^^^^
  File "/home/rcosta00/dev/SmartQuotation/backend/.venv/lib/python3.13/site-packages/django/core/management/base.py", line 460, in execute
    output = self.handle(*args, **options)
  File "/home/rcosta00/dev/SmartQuotation/backend/.venv/lib/python3.13/site-packages/django_tenants/management/commands/migrate_schemas.py", line 66, in handle
    executor.run_migrations(tenants=[self.PUBLIC_SCHEMA_NAME])
    ~~~~~~~~~~~~~~~~~~~~~~~^^^^^^^^^^^^^^^^^^^^^^^^^^^^^^^^^^^
  File "/home/rcosta00/dev/SmartQuotation/backend/.venv/lib/python3.13/site-packages/django_tenants/migration_executors/standard.py", line 11, in run_migrations
    run_migrations(self.args, self.options, self.codename, self.PUBLIC_SCHEMA_NAME)
    ~~~~~~~~~~~~~~^^^^^^^^^^^^^^^^^^^^^^^^^^^^^^^^^^^^^^^^^^^^^^^^^^^^^^^^^^^^^^^^^
  File "/home/rcosta00/dev/SmartQuotation/backend/.venv/lib/python3.13/site-packages/django_tenants/migration_executors/base.py", line 51, in run_migrations
    migration_recorder.ensure_schema()
    ~~~~~~~~~~~~~~~~~~~~~~~~~~~~~~~~^^
  File "/home/rcosta00/dev/SmartQuotation/backend/.venv/lib/python3.13/site-packages/django/db/migrations/recorder.py", line 73, in ensure_schema
    if self.has_table():
       ~~~~~~~~~~~~~~^^
  File "/home/rcosta00/dev/SmartQuotation/backend/.venv/lib/python3.13/site-packages/django/db/migrations/recorder.py", line 63, in has_table
    with self.connection.cursor() as cursor:
         ~~~~~~~~~~~~~~~~~~~~~~^^
  File "/home/rcosta00/dev/SmartQuotation/backend/.venv/lib/python3.13/site-packages/django/utils/asyncio.py", line 26, in inner
    return func(*args, **kwargs)
  File "/home/rcosta00/dev/SmartQuotation/backend/.venv/lib/python3.13/site-packages/django/db/backends/base/base.py", line 320, in cursor
    return self._cursor()
           ~~~~~~~~~~~~^^
  File "/home/rcosta00/dev/SmartQuotation/backend/.venv/lib/python3.13/site-packages/django_tenants/postgresql_backend/base.py", line 144, in _cursor
    cursor = super()._cursor()
  File "/home/rcosta00/dev/SmartQuotation/backend/.venv/lib/python3.13/site-packages/django/db/backends/base/base.py", line 297, in _cursor
    with self.wrap_database_errors:
         ^^^^^^^^^^^^^^^^^^^^^^^^^
  File "/home/rcosta00/dev/SmartQuotation/backend/.venv/lib/python3.13/site-packages/django/db/utils.py", line 91, in __exit__
    raise dj_exc_value.with_traceback(traceback) from exc_value
  File "/home/rcosta00/dev/SmartQuotation/backend/.venv/lib/python3.13/site-packages/django/db/backends/base/base.py", line 298, in _cursor
    return self._prepare_cursor(self.create_cursor(name))
                                ~~~~~~~~~~~~~~~~~~^^^^^^
  File "/home/rcosta00/dev/SmartQuotation/backend/.venv/lib/python3.13/site-packages/django/utils/asyncio.py", line 26, in inner
    return func(*args, **kwargs)
  File "/home/rcosta00/dev/SmartQuotation/backend/.venv/lib/python3.13/site-packages/django/db/backends/postgresql/base.py", line 429, in create_cursor
    cursor = self.connection.cursor()
django.db.utils.InterfaceError: connection already closed

======================================================================
ERROR: setUpClass (apps.proposals.tests.ProposalMemorialTests)
----------------------------------------------------------------------
Traceback (most recent call last):
  File "/home/rcosta00/dev/SmartQuotation/backend/.venv/lib/python3.13/site-packages/django/db/backends/base/base.py", line 298, in _cursor
    return self._prepare_cursor(self.create_cursor(name))
                                ~~~~~~~~~~~~~~~~~~^^^^^^
  File "/home/rcosta00/dev/SmartQuotation/backend/.venv/lib/python3.13/site-packages/django/utils/asyncio.py", line 26, in inner
    return func(*args, **kwargs)
  File "/home/rcosta00/dev/SmartQuotation/backend/.venv/lib/python3.13/site-packages/django/db/backends/postgresql/base.py", line 429, in create_cursor
    cursor = self.connection.cursor()
psycopg2.InterfaceError: connection already closed

The above exception was the direct cause of the following exception:

Traceback (most recent call last):
  File "/home/rcosta00/dev/SmartQuotation/backend/.venv/lib/python3.13/site-packages/django_tenants/test/cases.py", line 34, in setUpClass
    cls.sync_shared()
    ~~~~~~~~~~~~~~~^^
  File "/home/rcosta00/dev/SmartQuotation/backend/.venv/lib/python3.13/site-packages/django_tenants/test/cases.py", line 76, in sync_shared
    call_command('migrate_schemas',
    ~~~~~~~~~~~~^^^^^^^^^^^^^^^^^^^
                 schema_name=get_public_schema_name(),
                 ^^^^^^^^^^^^^^^^^^^^^^^^^^^^^^^^^^^^^
                 interactive=False,
                 ^^^^^^^^^^^^^^^^^^
                 verbosity=0)
                 ^^^^^^^^^^^^
  File "/home/rcosta00/dev/SmartQuotation/backend/.venv/lib/python3.13/site-packages/django/core/management/__init__.py", line 194, in call_command
    return command.execute(*args, **defaults)
           ~~~~~~~~~~~~~~~^^^^^^^^^^^^^^^^^^^
  File "/home/rcosta00/dev/SmartQuotation/backend/.venv/lib/python3.13/site-packages/django/core/management/base.py", line 460, in execute
    output = self.handle(*args, **options)
  File "/home/rcosta00/dev/SmartQuotation/backend/.venv/lib/python3.13/site-packages/django_tenants/management/commands/migrate_schemas.py", line 66, in handle
    executor.run_migrations(tenants=[self.PUBLIC_SCHEMA_NAME])
    ~~~~~~~~~~~~~~~~~~~~~~~^^^^^^^^^^^^^^^^^^^^^^^^^^^^^^^^^^^
  File "/home/rcosta00/dev/SmartQuotation/backend/.venv/lib/python3.13/site-packages/django_tenants/migration_executors/standard.py", line 11, in run_migrations
    run_migrations(self.args, self.options, self.codename, self.PUBLIC_SCHEMA_NAME)
    ~~~~~~~~~~~~~~^^^^^^^^^^^^^^^^^^^^^^^^^^^^^^^^^^^^^^^^^^^^^^^^^^^^^^^^^^^^^^^^^
  File "/home/rcosta00/dev/SmartQuotation/backend/.venv/lib/python3.13/site-packages/django_tenants/migration_executors/base.py", line 51, in run_migrations
    migration_recorder.ensure_schema()
    ~~~~~~~~~~~~~~~~~~~~~~~~~~~~~~~~^^
  File "/home/rcosta00/dev/SmartQuotation/backend/.venv/lib/python3.13/site-packages/django/db/migrations/recorder.py", line 73, in ensure_schema
    if self.has_table():
       ~~~~~~~~~~~~~~^^
  File "/home/rcosta00/dev/SmartQuotation/backend/.venv/lib/python3.13/site-packages/django/db/migrations/recorder.py", line 63, in has_table
    with self.connection.cursor() as cursor:
         ~~~~~~~~~~~~~~~~~~~~~~^^
  File "/home/rcosta00/dev/SmartQuotation/backend/.venv/lib/python3.13/site-packages/django/utils/asyncio.py", line 26, in inner
    return func(*args, **kwargs)
  File "/home/rcosta00/dev/SmartQuotation/backend/.venv/lib/python3.13/site-packages/django/db/backends/base/base.py", line 320, in cursor
    return self._cursor()
           ~~~~~~~~~~~~^^
  File "/home/rcosta00/dev/SmartQuotation/backend/.venv/lib/python3.13/site-packages/django_tenants/postgresql_backend/base.py", line 144, in _cursor
    cursor = super()._cursor()
  File "/home/rcosta00/dev/SmartQuotation/backend/.venv/lib/python3.13/site-packages/django/db/backends/base/base.py", line 297, in _cursor
    with self.wrap_database_errors:
         ^^^^^^^^^^^^^^^^^^^^^^^^^
  File "/home/rcosta00/dev/SmartQuotation/backend/.venv/lib/python3.13/site-packages/django/db/utils.py", line 91, in __exit__
    raise dj_exc_value.with_traceback(traceback) from exc_value
  File "/home/rcosta00/dev/SmartQuotation/backend/.venv/lib/python3.13/site-packages/django/db/backends/base/base.py", line 298, in _cursor
    return self._prepare_cursor(self.create_cursor(name))
                                ~~~~~~~~~~~~~~~~~~^^^^^^
  File "/home/rcosta00/dev/SmartQuotation/backend/.venv/lib/python3.13/site-packages/django/utils/asyncio.py", line 26, in inner
    return func(*args, **kwargs)
  File "/home/rcosta00/dev/SmartQuotation/backend/.venv/lib/python3.13/site-packages/django/db/backends/postgresql/base.py", line 429, in create_cursor
    cursor = self.connection.cursor()
django.db.utils.InterfaceError: connection already closed

======================================================================
ERROR: setUpClass (apps.proposals.tests.ProposalTests)
----------------------------------------------------------------------
Traceback (most recent call last):
  File "/home/rcosta00/dev/SmartQuotation/backend/.venv/lib/python3.13/site-packages/django/db/backends/base/base.py", line 298, in _cursor
    return self._prepare_cursor(self.create_cursor(name))
                                ~~~~~~~~~~~~~~~~~~^^^^^^
  File "/home/rcosta00/dev/SmartQuotation/backend/.venv/lib/python3.13/site-packages/django/utils/asyncio.py", line 26, in inner
    return func(*args, **kwargs)
  File "/home/rcosta00/dev/SmartQuotation/backend/.venv/lib/python3.13/site-packages/django/db/backends/postgresql/base.py", line 429, in create_cursor
    cursor = self.connection.cursor()
psycopg2.InterfaceError: connection already closed

The above exception was the direct cause of the following exception:

Traceback (most recent call last):
  File "/home/rcosta00/dev/SmartQuotation/backend/.venv/lib/python3.13/site-packages/django_tenants/test/cases.py", line 34, in setUpClass
    cls.sync_shared()
    ~~~~~~~~~~~~~~~^^
  File "/home/rcosta00/dev/SmartQuotation/backend/.venv/lib/python3.13/site-packages/django_tenants/test/cases.py", line 76, in sync_shared
    call_command('migrate_schemas',
    ~~~~~~~~~~~~^^^^^^^^^^^^^^^^^^^
                 schema_name=get_public_schema_name(),
                 ^^^^^^^^^^^^^^^^^^^^^^^^^^^^^^^^^^^^^
                 interactive=False,
                 ^^^^^^^^^^^^^^^^^^
                 verbosity=0)
                 ^^^^^^^^^^^^
  File "/home/rcosta00/dev/SmartQuotation/backend/.venv/lib/python3.13/site-packages/django/core/management/__init__.py", line 194, in call_command
    return command.execute(*args, **defaults)
           ~~~~~~~~~~~~~~~^^^^^^^^^^^^^^^^^^^
  File "/home/rcosta00/dev/SmartQuotation/backend/.venv/lib/python3.13/site-packages/django/core/management/base.py", line 460, in execute
    output = self.handle(*args, **options)
  File "/home/rcosta00/dev/SmartQuotation/backend/.venv/lib/python3.13/site-packages/django_tenants/management/commands/migrate_schemas.py", line 66, in handle
    executor.run_migrations(tenants=[self.PUBLIC_SCHEMA_NAME])
    ~~~~~~~~~~~~~~~~~~~~~~~^^^^^^^^^^^^^^^^^^^^^^^^^^^^^^^^^^^
  File "/home/rcosta00/dev/SmartQuotation/backend/.venv/lib/python3.13/site-packages/django_tenants/migration_executors/standard.py", line 11, in run_migrations
    run_migrations(self.args, self.options, self.codename, self.PUBLIC_SCHEMA_NAME)
    ~~~~~~~~~~~~~~^^^^^^^^^^^^^^^^^^^^^^^^^^^^^^^^^^^^^^^^^^^^^^^^^^^^^^^^^^^^^^^^^
  File "/home/rcosta00/dev/SmartQuotation/backend/.venv/lib/python3.13/site-packages/django_tenants/migration_executors/base.py", line 51, in run_migrations
    migration_recorder.ensure_schema()
    ~~~~~~~~~~~~~~~~~~~~~~~~~~~~~~~~^^
  File "/home/rcosta00/dev/SmartQuotation/backend/.venv/lib/python3.13/site-packages/django/db/migrations/recorder.py", line 73, in ensure_schema
    if self.has_table():
       ~~~~~~~~~~~~~~^^
  File "/home/rcosta00/dev/SmartQuotation/backend/.venv/lib/python3.13/site-packages/django/db/migrations/recorder.py", line 63, in has_table
    with self.connection.cursor() as cursor:
         ~~~~~~~~~~~~~~~~~~~~~~^^
  File "/home/rcosta00/dev/SmartQuotation/backend/.venv/lib/python3.13/site-packages/django/utils/asyncio.py", line 26, in inner
    return func(*args, **kwargs)
  File "/home/rcosta00/dev/SmartQuotation/backend/.venv/lib/python3.13/site-packages/django/db/backends/base/base.py", line 320, in cursor
    return self._cursor()
           ~~~~~~~~~~~~^^
  File "/home/rcosta00/dev/SmartQuotation/backend/.venv/lib/python3.13/site-packages/django_tenants/postgresql_backend/base.py", line 144, in _cursor
    cursor = super()._cursor()
  File "/home/rcosta00/dev/SmartQuotation/backend/.venv/lib/python3.13/site-packages/django/db/backends/base/base.py", line 297, in _cursor
    with self.wrap_database_errors:
         ^^^^^^^^^^^^^^^^^^^^^^^^^
  File "/home/rcosta00/dev/SmartQuotation/backend/.venv/lib/python3.13/site-packages/django/db/utils.py", line 91, in __exit__
    raise dj_exc_value.with_traceback(traceback) from exc_value
  File "/home/rcosta00/dev/SmartQuotation/backend/.venv/lib/python3.13/site-packages/django/db/backends/base/base.py", line 298, in _cursor
    return self._prepare_cursor(self.create_cursor(name))
                                ~~~~~~~~~~~~~~~~~~^^^^^^
  File "/home/rcosta00/dev/SmartQuotation/backend/.venv/lib/python3.13/site-packages/django/utils/asyncio.py", line 26, in inner
    return func(*args, **kwargs)
  File "/home/rcosta00/dev/SmartQuotation/backend/.venv/lib/python3.13/site-packages/django/db/backends/postgresql/base.py", line 429, in create_cursor
    cursor = self.connection.cursor()
django.db.utils.InterfaceError: connection already closed

======================================================================
ERROR: setUpClass (apps.proposals.tests.ProposalViewTests)
----------------------------------------------------------------------
Traceback (most recent call last):
  File "/home/rcosta00/dev/SmartQuotation/backend/.venv/lib/python3.13/site-packages/django/db/backends/base/base.py", line 298, in _cursor
    return self._prepare_cursor(self.create_cursor(name))
                                ~~~~~~~~~~~~~~~~~~^^^^^^
  File "/home/rcosta00/dev/SmartQuotation/backend/.venv/lib/python3.13/site-packages/django/utils/asyncio.py", line 26, in inner
    return func(*args, **kwargs)
  File "/home/rcosta00/dev/SmartQuotation/backend/.venv/lib/python3.13/site-packages/django/db/backends/postgresql/base.py", line 429, in create_cursor
    cursor = self.connection.cursor()
psycopg2.InterfaceError: connection already closed

The above exception was the direct cause of the following exception:

Traceback (most recent call last):
  File "/home/rcosta00/dev/SmartQuotation/backend/.venv/lib/python3.13/site-packages/django_tenants/test/cases.py", line 34, in setUpClass
    cls.sync_shared()
    ~~~~~~~~~~~~~~~^^
  File "/home/rcosta00/dev/SmartQuotation/backend/.venv/lib/python3.13/site-packages/django_tenants/test/cases.py", line 76, in sync_shared
    call_command('migrate_schemas',
    ~~~~~~~~~~~~^^^^^^^^^^^^^^^^^^^
                 schema_name=get_public_schema_name(),
                 ^^^^^^^^^^^^^^^^^^^^^^^^^^^^^^^^^^^^^
                 interactive=False,
                 ^^^^^^^^^^^^^^^^^^
                 verbosity=0)
                 ^^^^^^^^^^^^
  File "/home/rcosta00/dev/SmartQuotation/backend/.venv/lib/python3.13/site-packages/django/core/management/__init__.py", line 194, in call_command
    return command.execute(*args, **defaults)
           ~~~~~~~~~~~~~~~^^^^^^^^^^^^^^^^^^^
  File "/home/rcosta00/dev/SmartQuotation/backend/.venv/lib/python3.13/site-packages/django/core/management/base.py", line 460, in execute
    output = self.handle(*args, **options)
  File "/home/rcosta00/dev/SmartQuotation/backend/.venv/lib/python3.13/site-packages/django_tenants/management/commands/migrate_schemas.py", line 66, in handle
    executor.run_migrations(tenants=[self.PUBLIC_SCHEMA_NAME])
    ~~~~~~~~~~~~~~~~~~~~~~~^^^^^^^^^^^^^^^^^^^^^^^^^^^^^^^^^^^
  File "/home/rcosta00/dev/SmartQuotation/backend/.venv/lib/python3.13/site-packages/django_tenants/migration_executors/standard.py", line 11, in run_migrations
    run_migrations(self.args, self.options, self.codename, self.PUBLIC_SCHEMA_NAME)
    ~~~~~~~~~~~~~~^^^^^^^^^^^^^^^^^^^^^^^^^^^^^^^^^^^^^^^^^^^^^^^^^^^^^^^^^^^^^^^^^
  File "/home/rcosta00/dev/SmartQuotation/backend/.venv/lib/python3.13/site-packages/django_tenants/migration_executors/base.py", line 51, in run_migrations
    migration_recorder.ensure_schema()
    ~~~~~~~~~~~~~~~~~~~~~~~~~~~~~~~~^^
  File "/home/rcosta00/dev/SmartQuotation/backend/.venv/lib/python3.13/site-packages/django/db/migrations/recorder.py", line 73, in ensure_schema
    if self.has_table():
       ~~~~~~~~~~~~~~^^
  File "/home/rcosta00/dev/SmartQuotation/backend/.venv/lib/python3.13/site-packages/django/db/migrations/recorder.py", line 63, in has_table
    with self.connection.cursor() as cursor:
         ~~~~~~~~~~~~~~~~~~~~~~^^
  File "/home/rcosta00/dev/SmartQuotation/backend/.venv/lib/python3.13/site-packages/django/utils/asyncio.py", line 26, in inner
    return func(*args, **kwargs)
  File "/home/rcosta00/dev/SmartQuotation/backend/.venv/lib/python3.13/site-packages/django/db/backends/base/base.py", line 320, in cursor
    return self._cursor()
           ~~~~~~~~~~~~^^
  File "/home/rcosta00/dev/SmartQuotation/backend/.venv/lib/python3.13/site-packages/django_tenants/postgresql_backend/base.py", line 144, in _cursor
    cursor = super()._cursor()
  File "/home/rcosta00/dev/SmartQuotation/backend/.venv/lib/python3.13/site-packages/django/db/backends/base/base.py", line 297, in _cursor
    with self.wrap_database_errors:
         ^^^^^^^^^^^^^^^^^^^^^^^^^
  File "/home/rcosta00/dev/SmartQuotation/backend/.venv/lib/python3.13/site-packages/django/db/utils.py", line 91, in __exit__
    raise dj_exc_value.with_traceback(traceback) from exc_value
  File "/home/rcosta00/dev/SmartQuotation/backend/.venv/lib/python3.13/site-packages/django/db/backends/base/base.py", line 298, in _cursor
    return self._prepare_cursor(self.create_cursor(name))
                                ~~~~~~~~~~~~~~~~~~^^^^^^
  File "/home/rcosta00/dev/SmartQuotation/backend/.venv/lib/python3.13/site-packages/django/utils/asyncio.py", line 26, in inner
    return func(*args, **kwargs)
  File "/home/rcosta00/dev/SmartQuotation/backend/.venv/lib/python3.13/site-packages/django/db/backends/postgresql/base.py", line 429, in create_cursor
    cursor = self.connection.cursor()
django.db.utils.InterfaceError: connection already closed

======================================================================
ERROR: setUpClass (apps.quotations.test_api.QuotationAPITests)
----------------------------------------------------------------------
Traceback (most recent call last):
  File "/home/rcosta00/dev/SmartQuotation/backend/.venv/lib/python3.13/site-packages/django/db/backends/base/base.py", line 298, in _cursor
    return self._prepare_cursor(self.create_cursor(name))
                                ~~~~~~~~~~~~~~~~~~^^^^^^
  File "/home/rcosta00/dev/SmartQuotation/backend/.venv/lib/python3.13/site-packages/django/utils/asyncio.py", line 26, in inner
    return func(*args, **kwargs)
  File "/home/rcosta00/dev/SmartQuotation/backend/.venv/lib/python3.13/site-packages/django/db/backends/postgresql/base.py", line 429, in create_cursor
    cursor = self.connection.cursor()
psycopg2.InterfaceError: connection already closed

The above exception was the direct cause of the following exception:

Traceback (most recent call last):
  File "/home/rcosta00/dev/SmartQuotation/backend/.venv/lib/python3.13/site-packages/django_tenants/test/cases.py", line 34, in setUpClass
    cls.sync_shared()
    ~~~~~~~~~~~~~~~^^
  File "/home/rcosta00/dev/SmartQuotation/backend/.venv/lib/python3.13/site-packages/django_tenants/test/cases.py", line 76, in sync_shared
    call_command('migrate_schemas',
    ~~~~~~~~~~~~^^^^^^^^^^^^^^^^^^^
                 schema_name=get_public_schema_name(),
                 ^^^^^^^^^^^^^^^^^^^^^^^^^^^^^^^^^^^^^
                 interactive=False,
                 ^^^^^^^^^^^^^^^^^^
                 verbosity=0)
                 ^^^^^^^^^^^^
  File "/home/rcosta00/dev/SmartQuotation/backend/.venv/lib/python3.13/site-packages/django/core/management/__init__.py", line 194, in call_command
    return command.execute(*args, **defaults)
           ~~~~~~~~~~~~~~~^^^^^^^^^^^^^^^^^^^
  File "/home/rcosta00/dev/SmartQuotation/backend/.venv/lib/python3.13/site-packages/django/core/management/base.py", line 460, in execute
    output = self.handle(*args, **options)
  File "/home/rcosta00/dev/SmartQuotation/backend/.venv/lib/python3.13/site-packages/django_tenants/management/commands/migrate_schemas.py", line 66, in handle
    executor.run_migrations(tenants=[self.PUBLIC_SCHEMA_NAME])
    ~~~~~~~~~~~~~~~~~~~~~~~^^^^^^^^^^^^^^^^^^^^^^^^^^^^^^^^^^^
  File "/home/rcosta00/dev/SmartQuotation/backend/.venv/lib/python3.13/site-packages/django_tenants/migration_executors/standard.py", line 11, in run_migrations
    run_migrations(self.args, self.options, self.codename, self.PUBLIC_SCHEMA_NAME)
    ~~~~~~~~~~~~~~^^^^^^^^^^^^^^^^^^^^^^^^^^^^^^^^^^^^^^^^^^^^^^^^^^^^^^^^^^^^^^^^^
  File "/home/rcosta00/dev/SmartQuotation/backend/.venv/lib/python3.13/site-packages/django_tenants/migration_executors/base.py", line 51, in run_migrations
    migration_recorder.ensure_schema()
    ~~~~~~~~~~~~~~~~~~~~~~~~~~~~~~~~^^
  File "/home/rcosta00/dev/SmartQuotation/backend/.venv/lib/python3.13/site-packages/django/db/migrations/recorder.py", line 73, in ensure_schema
    if self.has_table():
       ~~~~~~~~~~~~~~^^
  File "/home/rcosta00/dev/SmartQuotation/backend/.venv/lib/python3.13/site-packages/django/db/migrations/recorder.py", line 63, in has_table
    with self.connection.cursor() as cursor:
         ~~~~~~~~~~~~~~~~~~~~~~^^
  File "/home/rcosta00/dev/SmartQuotation/backend/.venv/lib/python3.13/site-packages/django/utils/asyncio.py", line 26, in inner
    return func(*args, **kwargs)
  File "/home/rcosta00/dev/SmartQuotation/backend/.venv/lib/python3.13/site-packages/django/db/backends/base/base.py", line 320, in cursor
    return self._cursor()
           ~~~~~~~~~~~~^^
  File "/home/rcosta00/dev/SmartQuotation/backend/.venv/lib/python3.13/site-packages/django_tenants/postgresql_backend/base.py", line 144, in _cursor
    cursor = super()._cursor()
  File "/home/rcosta00/dev/SmartQuotation/backend/.venv/lib/python3.13/site-packages/django/db/backends/base/base.py", line 297, in _cursor
    with self.wrap_database_errors:
         ^^^^^^^^^^^^^^^^^^^^^^^^^
  File "/home/rcosta00/dev/SmartQuotation/backend/.venv/lib/python3.13/site-packages/django/db/utils.py", line 91, in __exit__
    raise dj_exc_value.with_traceback(traceback) from exc_value
  File "/home/rcosta00/dev/SmartQuotation/backend/.venv/lib/python3.13/site-packages/django/db/backends/base/base.py", line 298, in _cursor
    return self._prepare_cursor(self.create_cursor(name))
                                ~~~~~~~~~~~~~~~~~~^^^^^^
  File "/home/rcosta00/dev/SmartQuotation/backend/.venv/lib/python3.13/site-packages/django/utils/asyncio.py", line 26, in inner
    return func(*args, **kwargs)
  File "/home/rcosta00/dev/SmartQuotation/backend/.venv/lib/python3.13/site-packages/django/db/backends/postgresql/base.py", line 429, in create_cursor
    cursor = self.connection.cursor()
django.db.utils.InterfaceError: connection already closed

======================================================================
ERROR: setUpClass (apps.quotations.test_epic4_e2e_acceptance.Epic4E2EAcceptanceTests)
----------------------------------------------------------------------
Traceback (most recent call last):
  File "/home/rcosta00/dev/SmartQuotation/backend/.venv/lib/python3.13/site-packages/django/db/backends/base/base.py", line 298, in _cursor
    return self._prepare_cursor(self.create_cursor(name))
                                ~~~~~~~~~~~~~~~~~~^^^^^^
  File "/home/rcosta00/dev/SmartQuotation/backend/.venv/lib/python3.13/site-packages/django/utils/asyncio.py", line 26, in inner
    return func(*args, **kwargs)
  File "/home/rcosta00/dev/SmartQuotation/backend/.venv/lib/python3.13/site-packages/django/db/backends/postgresql/base.py", line 429, in create_cursor
    cursor = self.connection.cursor()
psycopg2.InterfaceError: connection already closed

The above exception was the direct cause of the following exception:

Traceback (most recent call last):
  File "/home/rcosta00/dev/SmartQuotation/backend/.venv/lib/python3.13/site-packages/django_tenants/test/cases.py", line 34, in setUpClass
    cls.sync_shared()
    ~~~~~~~~~~~~~~~^^
  File "/home/rcosta00/dev/SmartQuotation/backend/.venv/lib/python3.13/site-packages/django_tenants/test/cases.py", line 76, in sync_shared
    call_command('migrate_schemas',
    ~~~~~~~~~~~~^^^^^^^^^^^^^^^^^^^
                 schema_name=get_public_schema_name(),
                 ^^^^^^^^^^^^^^^^^^^^^^^^^^^^^^^^^^^^^
                 interactive=False,
                 ^^^^^^^^^^^^^^^^^^
                 verbosity=0)
                 ^^^^^^^^^^^^
  File "/home/rcosta00/dev/SmartQuotation/backend/.venv/lib/python3.13/site-packages/django/core/management/__init__.py", line 194, in call_command
    return command.execute(*args, **defaults)
           ~~~~~~~~~~~~~~~^^^^^^^^^^^^^^^^^^^
  File "/home/rcosta00/dev/SmartQuotation/backend/.venv/lib/python3.13/site-packages/django/core/management/base.py", line 460, in execute
    output = self.handle(*args, **options)
  File "/home/rcosta00/dev/SmartQuotation/backend/.venv/lib/python3.13/site-packages/django_tenants/management/commands/migrate_schemas.py", line 66, in handle
    executor.run_migrations(tenants=[self.PUBLIC_SCHEMA_NAME])
    ~~~~~~~~~~~~~~~~~~~~~~~^^^^^^^^^^^^^^^^^^^^^^^^^^^^^^^^^^^
  File "/home/rcosta00/dev/SmartQuotation/backend/.venv/lib/python3.13/site-packages/django_tenants/migration_executors/standard.py", line 11, in run_migrations
    run_migrations(self.args, self.options, self.codename, self.PUBLIC_SCHEMA_NAME)
    ~~~~~~~~~~~~~~^^^^^^^^^^^^^^^^^^^^^^^^^^^^^^^^^^^^^^^^^^^^^^^^^^^^^^^^^^^^^^^^^
  File "/home/rcosta00/dev/SmartQuotation/backend/.venv/lib/python3.13/site-packages/django_tenants/migration_executors/base.py", line 51, in run_migrations
    migration_recorder.ensure_schema()
    ~~~~~~~~~~~~~~~~~~~~~~~~~~~~~~~~^^
  File "/home/rcosta00/dev/SmartQuotation/backend/.venv/lib/python3.13/site-packages/django/db/migrations/recorder.py", line 73, in ensure_schema
    if self.has_table():
       ~~~~~~~~~~~~~~^^
  File "/home/rcosta00/dev/SmartQuotation/backend/.venv/lib/python3.13/site-packages/django/db/migrations/recorder.py", line 63, in has_table
    with self.connection.cursor() as cursor:
         ~~~~~~~~~~~~~~~~~~~~~~^^
  File "/home/rcosta00/dev/SmartQuotation/backend/.venv/lib/python3.13/site-packages/django/utils/asyncio.py", line 26, in inner
    return func(*args, **kwargs)
  File "/home/rcosta00/dev/SmartQuotation/backend/.venv/lib/python3.13/site-packages/django/db/backends/base/base.py", line 320, in cursor
    return self._cursor()
           ~~~~~~~~~~~~^^
  File "/home/rcosta00/dev/SmartQuotation/backend/.venv/lib/python3.13/site-packages/django_tenants/postgresql_backend/base.py", line 144, in _cursor
    cursor = super()._cursor()
  File "/home/rcosta00/dev/SmartQuotation/backend/.venv/lib/python3.13/site-packages/django/db/backends/base/base.py", line 297, in _cursor
    with self.wrap_database_errors:
         ^^^^^^^^^^^^^^^^^^^^^^^^^
  File "/home/rcosta00/dev/SmartQuotation/backend/.venv/lib/python3.13/site-packages/django/db/utils.py", line 91, in __exit__
    raise dj_exc_value.with_traceback(traceback) from exc_value
  File "/home/rcosta00/dev/SmartQuotation/backend/.venv/lib/python3.13/site-packages/django/db/backends/base/base.py", line 298, in _cursor
    return self._prepare_cursor(self.create_cursor(name))
                                ~~~~~~~~~~~~~~~~~~^^^^^^
  File "/home/rcosta00/dev/SmartQuotation/backend/.venv/lib/python3.13/site-packages/django/utils/asyncio.py", line 26, in inner
    return func(*args, **kwargs)
  File "/home/rcosta00/dev/SmartQuotation/backend/.venv/lib/python3.13/site-packages/django/db/backends/postgresql/base.py", line 429, in create_cursor
    cursor = self.connection.cursor()
django.db.utils.InterfaceError: connection already closed

======================================================================
ERROR: setUpClass (apps.quotations.test_feature.FeatureViewsTests)
----------------------------------------------------------------------
Traceback (most recent call last):
  File "/home/rcosta00/dev/SmartQuotation/backend/.venv/lib/python3.13/site-packages/django/db/backends/base/base.py", line 298, in _cursor
    return self._prepare_cursor(self.create_cursor(name))
                                ~~~~~~~~~~~~~~~~~~^^^^^^
  File "/home/rcosta00/dev/SmartQuotation/backend/.venv/lib/python3.13/site-packages/django/utils/asyncio.py", line 26, in inner
    return func(*args, **kwargs)
  File "/home/rcosta00/dev/SmartQuotation/backend/.venv/lib/python3.13/site-packages/django/db/backends/postgresql/base.py", line 429, in create_cursor
    cursor = self.connection.cursor()
psycopg2.InterfaceError: connection already closed

The above exception was the direct cause of the following exception:

Traceback (most recent call last):
  File "/home/rcosta00/dev/SmartQuotation/backend/.venv/lib/python3.13/site-packages/django_tenants/test/cases.py", line 34, in setUpClass
    cls.sync_shared()
    ~~~~~~~~~~~~~~~^^
  File "/home/rcosta00/dev/SmartQuotation/backend/.venv/lib/python3.13/site-packages/django_tenants/test/cases.py", line 76, in sync_shared
    call_command('migrate_schemas',
    ~~~~~~~~~~~~^^^^^^^^^^^^^^^^^^^
                 schema_name=get_public_schema_name(),
                 ^^^^^^^^^^^^^^^^^^^^^^^^^^^^^^^^^^^^^
                 interactive=False,
                 ^^^^^^^^^^^^^^^^^^
                 verbosity=0)
                 ^^^^^^^^^^^^
  File "/home/rcosta00/dev/SmartQuotation/backend/.venv/lib/python3.13/site-packages/django/core/management/__init__.py", line 194, in call_command
    return command.execute(*args, **defaults)
           ~~~~~~~~~~~~~~~^^^^^^^^^^^^^^^^^^^
  File "/home/rcosta00/dev/SmartQuotation/backend/.venv/lib/python3.13/site-packages/django/core/management/base.py", line 460, in execute
    output = self.handle(*args, **options)
  File "/home/rcosta00/dev/SmartQuotation/backend/.venv/lib/python3.13/site-packages/django_tenants/management/commands/migrate_schemas.py", line 66, in handle
    executor.run_migrations(tenants=[self.PUBLIC_SCHEMA_NAME])
    ~~~~~~~~~~~~~~~~~~~~~~~^^^^^^^^^^^^^^^^^^^^^^^^^^^^^^^^^^^
  File "/home/rcosta00/dev/SmartQuotation/backend/.venv/lib/python3.13/site-packages/django_tenants/migration_executors/standard.py", line 11, in run_migrations
    run_migrations(self.args, self.options, self.codename, self.PUBLIC_SCHEMA_NAME)
    ~~~~~~~~~~~~~~^^^^^^^^^^^^^^^^^^^^^^^^^^^^^^^^^^^^^^^^^^^^^^^^^^^^^^^^^^^^^^^^^
  File "/home/rcosta00/dev/SmartQuotation/backend/.venv/lib/python3.13/site-packages/django_tenants/migration_executors/base.py", line 51, in run_migrations
    migration_recorder.ensure_schema()
    ~~~~~~~~~~~~~~~~~~~~~~~~~~~~~~~~^^
  File "/home/rcosta00/dev/SmartQuotation/backend/.venv/lib/python3.13/site-packages/django/db/migrations/recorder.py", line 73, in ensure_schema
    if self.has_table():
       ~~~~~~~~~~~~~~^^
  File "/home/rcosta00/dev/SmartQuotation/backend/.venv/lib/python3.13/site-packages/django/db/migrations/recorder.py", line 63, in has_table
    with self.connection.cursor() as cursor:
         ~~~~~~~~~~~~~~~~~~~~~~^^
  File "/home/rcosta00/dev/SmartQuotation/backend/.venv/lib/python3.13/site-packages/django/utils/asyncio.py", line 26, in inner
    return func(*args, **kwargs)
  File "/home/rcosta00/dev/SmartQuotation/backend/.venv/lib/python3.13/site-packages/django/db/backends/base/base.py", line 320, in cursor
    return self._cursor()
           ~~~~~~~~~~~~^^
  File "/home/rcosta00/dev/SmartQuotation/backend/.venv/lib/python3.13/site-packages/django_tenants/postgresql_backend/base.py", line 144, in _cursor
    cursor = super()._cursor()
  File "/home/rcosta00/dev/SmartQuotation/backend/.venv/lib/python3.13/site-packages/django/db/backends/base/base.py", line 297, in _cursor
    with self.wrap_database_errors:
         ^^^^^^^^^^^^^^^^^^^^^^^^^
  File "/home/rcosta00/dev/SmartQuotation/backend/.venv/lib/python3.13/site-packages/django/db/utils.py", line 91, in __exit__
    raise dj_exc_value.with_traceback(traceback) from exc_value
  File "/home/rcosta00/dev/SmartQuotation/backend/.venv/lib/python3.13/site-packages/django/db/backends/base/base.py", line 298, in _cursor
    return self._prepare_cursor(self.create_cursor(name))
                                ~~~~~~~~~~~~~~~~~~^^^^^^
  File "/home/rcosta00/dev/SmartQuotation/backend/.venv/lib/python3.13/site-packages/django/utils/asyncio.py", line 26, in inner
    return func(*args, **kwargs)
  File "/home/rcosta00/dev/SmartQuotation/backend/.venv/lib/python3.13/site-packages/django/db/backends/postgresql/base.py", line 429, in create_cursor
    cursor = self.connection.cursor()
django.db.utils.InterfaceError: connection already closed

======================================================================
ERROR: setUpClass (apps.quotations.tests.ComposePartsTests)
----------------------------------------------------------------------
Traceback (most recent call last):
  File "/home/rcosta00/dev/SmartQuotation/backend/.venv/lib/python3.13/site-packages/django/db/backends/base/base.py", line 298, in _cursor
    return self._prepare_cursor(self.create_cursor(name))
                                ~~~~~~~~~~~~~~~~~~^^^^^^
  File "/home/rcosta00/dev/SmartQuotation/backend/.venv/lib/python3.13/site-packages/django/utils/asyncio.py", line 26, in inner
    return func(*args, **kwargs)
  File "/home/rcosta00/dev/SmartQuotation/backend/.venv/lib/python3.13/site-packages/django/db/backends/postgresql/base.py", line 429, in create_cursor
    cursor = self.connection.cursor()
psycopg2.InterfaceError: connection already closed

The above exception was the direct cause of the following exception:

Traceback (most recent call last):
  File "/home/rcosta00/dev/SmartQuotation/backend/.venv/lib/python3.13/site-packages/django_tenants/test/cases.py", line 34, in setUpClass
    cls.sync_shared()
    ~~~~~~~~~~~~~~~^^
  File "/home/rcosta00/dev/SmartQuotation/backend/.venv/lib/python3.13/site-packages/django_tenants/test/cases.py", line 76, in sync_shared
    call_command('migrate_schemas',
    ~~~~~~~~~~~~^^^^^^^^^^^^^^^^^^^
                 schema_name=get_public_schema_name(),
                 ^^^^^^^^^^^^^^^^^^^^^^^^^^^^^^^^^^^^^
                 interactive=False,
                 ^^^^^^^^^^^^^^^^^^
                 verbosity=0)
                 ^^^^^^^^^^^^
  File "/home/rcosta00/dev/SmartQuotation/backend/.venv/lib/python3.13/site-packages/django/core/management/__init__.py", line 194, in call_command
    return command.execute(*args, **defaults)
           ~~~~~~~~~~~~~~~^^^^^^^^^^^^^^^^^^^
  File "/home/rcosta00/dev/SmartQuotation/backend/.venv/lib/python3.13/site-packages/django/core/management/base.py", line 460, in execute
    output = self.handle(*args, **options)
  File "/home/rcosta00/dev/SmartQuotation/backend/.venv/lib/python3.13/site-packages/django_tenants/management/commands/migrate_schemas.py", line 66, in handle
    executor.run_migrations(tenants=[self.PUBLIC_SCHEMA_NAME])
    ~~~~~~~~~~~~~~~~~~~~~~~^^^^^^^^^^^^^^^^^^^^^^^^^^^^^^^^^^^
  File "/home/rcosta00/dev/SmartQuotation/backend/.venv/lib/python3.13/site-packages/django_tenants/migration_executors/standard.py", line 11, in run_migrations
    run_migrations(self.args, self.options, self.codename, self.PUBLIC_SCHEMA_NAME)
    ~~~~~~~~~~~~~~^^^^^^^^^^^^^^^^^^^^^^^^^^^^^^^^^^^^^^^^^^^^^^^^^^^^^^^^^^^^^^^^^
  File "/home/rcosta00/dev/SmartQuotation/backend/.venv/lib/python3.13/site-packages/django_tenants/migration_executors/base.py", line 51, in run_migrations
    migration_recorder.ensure_schema()
    ~~~~~~~~~~~~~~~~~~~~~~~~~~~~~~~~^^
  File "/home/rcosta00/dev/SmartQuotation/backend/.venv/lib/python3.13/site-packages/django/db/migrations/recorder.py", line 73, in ensure_schema
    if self.has_table():
       ~~~~~~~~~~~~~~^^
  File "/home/rcosta00/dev/SmartQuotation/backend/.venv/lib/python3.13/site-packages/django/db/migrations/recorder.py", line 63, in has_table
    with self.connection.cursor() as cursor:
         ~~~~~~~~~~~~~~~~~~~~~~^^
  File "/home/rcosta00/dev/SmartQuotation/backend/.venv/lib/python3.13/site-packages/django/utils/asyncio.py", line 26, in inner
    return func(*args, **kwargs)
  File "/home/rcosta00/dev/SmartQuotation/backend/.venv/lib/python3.13/site-packages/django/db/backends/base/base.py", line 320, in cursor
    return self._cursor()
           ~~~~~~~~~~~~^^
  File "/home/rcosta00/dev/SmartQuotation/backend/.venv/lib/python3.13/site-packages/django_tenants/postgresql_backend/base.py", line 144, in _cursor
    cursor = super()._cursor()
  File "/home/rcosta00/dev/SmartQuotation/backend/.venv/lib/python3.13/site-packages/django/db/backends/base/base.py", line 297, in _cursor
    with self.wrap_database_errors:
         ^^^^^^^^^^^^^^^^^^^^^^^^^
  File "/home/rcosta00/dev/SmartQuotation/backend/.venv/lib/python3.13/site-packages/django/db/utils.py", line 91, in __exit__
    raise dj_exc_value.with_traceback(traceback) from exc_value
  File "/home/rcosta00/dev/SmartQuotation/backend/.venv/lib/python3.13/site-packages/django/db/backends/base/base.py", line 298, in _cursor
    return self._prepare_cursor(self.create_cursor(name))
                                ~~~~~~~~~~~~~~~~~~^^^^^^
  File "/home/rcosta00/dev/SmartQuotation/backend/.venv/lib/python3.13/site-packages/django/utils/asyncio.py", line 26, in inner
    return func(*args, **kwargs)
  File "/home/rcosta00/dev/SmartQuotation/backend/.venv/lib/python3.13/site-packages/django/db/backends/postgresql/base.py", line 429, in create_cursor
    cursor = self.connection.cursor()
django.db.utils.InterfaceError: connection already closed

======================================================================
ERROR: setUpClass (apps.quotations.tests.CosturaARecomputeTests)
----------------------------------------------------------------------
Traceback (most recent call last):
  File "/home/rcosta00/dev/SmartQuotation/backend/.venv/lib/python3.13/site-packages/django/db/backends/base/base.py", line 298, in _cursor
    return self._prepare_cursor(self.create_cursor(name))
                                ~~~~~~~~~~~~~~~~~~^^^^^^
  File "/home/rcosta00/dev/SmartQuotation/backend/.venv/lib/python3.13/site-packages/django/utils/asyncio.py", line 26, in inner
    return func(*args, **kwargs)
  File "/home/rcosta00/dev/SmartQuotation/backend/.venv/lib/python3.13/site-packages/django/db/backends/postgresql/base.py", line 429, in create_cursor
    cursor = self.connection.cursor()
psycopg2.InterfaceError: connection already closed

The above exception was the direct cause of the following exception:

Traceback (most recent call last):
  File "/home/rcosta00/dev/SmartQuotation/backend/.venv/lib/python3.13/site-packages/django_tenants/test/cases.py", line 34, in setUpClass
    cls.sync_shared()
    ~~~~~~~~~~~~~~~^^
  File "/home/rcosta00/dev/SmartQuotation/backend/.venv/lib/python3.13/site-packages/django_tenants/test/cases.py", line 76, in sync_shared
    call_command('migrate_schemas',
    ~~~~~~~~~~~~^^^^^^^^^^^^^^^^^^^
                 schema_name=get_public_schema_name(),
                 ^^^^^^^^^^^^^^^^^^^^^^^^^^^^^^^^^^^^^
                 interactive=False,
                 ^^^^^^^^^^^^^^^^^^
                 verbosity=0)
                 ^^^^^^^^^^^^
  File "/home/rcosta00/dev/SmartQuotation/backend/.venv/lib/python3.13/site-packages/django/core/management/__init__.py", line 194, in call_command
    return command.execute(*args, **defaults)
           ~~~~~~~~~~~~~~~^^^^^^^^^^^^^^^^^^^
  File "/home/rcosta00/dev/SmartQuotation/backend/.venv/lib/python3.13/site-packages/django/core/management/base.py", line 460, in execute
    output = self.handle(*args, **options)
  File "/home/rcosta00/dev/SmartQuotation/backend/.venv/lib/python3.13/site-packages/django_tenants/management/commands/migrate_schemas.py", line 66, in handle
    executor.run_migrations(tenants=[self.PUBLIC_SCHEMA_NAME])
    ~~~~~~~~~~~~~~~~~~~~~~~^^^^^^^^^^^^^^^^^^^^^^^^^^^^^^^^^^^
  File "/home/rcosta00/dev/SmartQuotation/backend/.venv/lib/python3.13/site-packages/django_tenants/migration_executors/standard.py", line 11, in run_migrations
    run_migrations(self.args, self.options, self.codename, self.PUBLIC_SCHEMA_NAME)
    ~~~~~~~~~~~~~~^^^^^^^^^^^^^^^^^^^^^^^^^^^^^^^^^^^^^^^^^^^^^^^^^^^^^^^^^^^^^^^^^
  File "/home/rcosta00/dev/SmartQuotation/backend/.venv/lib/python3.13/site-packages/django_tenants/migration_executors/base.py", line 51, in run_migrations
    migration_recorder.ensure_schema()
    ~~~~~~~~~~~~~~~~~~~~~~~~~~~~~~~~^^
  File "/home/rcosta00/dev/SmartQuotation/backend/.venv/lib/python3.13/site-packages/django/db/migrations/recorder.py", line 73, in ensure_schema
    if self.has_table():
       ~~~~~~~~~~~~~~^^
  File "/home/rcosta00/dev/SmartQuotation/backend/.venv/lib/python3.13/site-packages/django/db/migrations/recorder.py", line 63, in has_table
    with self.connection.cursor() as cursor:
         ~~~~~~~~~~~~~~~~~~~~~~^^
  File "/home/rcosta00/dev/SmartQuotation/backend/.venv/lib/python3.13/site-packages/django/utils/asyncio.py", line 26, in inner
    return func(*args, **kwargs)
  File "/home/rcosta00/dev/SmartQuotation/backend/.venv/lib/python3.13/site-packages/django/db/backends/base/base.py", line 320, in cursor
    return self._cursor()
           ~~~~~~~~~~~~^^
  File "/home/rcosta00/dev/SmartQuotation/backend/.venv/lib/python3.13/site-packages/django_tenants/postgresql_backend/base.py", line 144, in _cursor
    cursor = super()._cursor()
  File "/home/rcosta00/dev/SmartQuotation/backend/.venv/lib/python3.13/site-packages/django/db/backends/base/base.py", line 297, in _cursor
    with self.wrap_database_errors:
         ^^^^^^^^^^^^^^^^^^^^^^^^^
  File "/home/rcosta00/dev/SmartQuotation/backend/.venv/lib/python3.13/site-packages/django/db/utils.py", line 91, in __exit__
    raise dj_exc_value.with_traceback(traceback) from exc_value
  File "/home/rcosta00/dev/SmartQuotation/backend/.venv/lib/python3.13/site-packages/django/db/backends/base/base.py", line 298, in _cursor
    return self._prepare_cursor(self.create_cursor(name))
                                ~~~~~~~~~~~~~~~~~~^^^^^^
  File "/home/rcosta00/dev/SmartQuotation/backend/.venv/lib/python3.13/site-packages/django/utils/asyncio.py", line 26, in inner
    return func(*args, **kwargs)
  File "/home/rcosta00/dev/SmartQuotation/backend/.venv/lib/python3.13/site-packages/django/db/backends/postgresql/base.py", line 429, in create_cursor
    cursor = self.connection.cursor()
django.db.utils.InterfaceError: connection already closed

======================================================================
ERROR: setUpClass (apps.quotations.tests.CustomerQuickCreateTests)
----------------------------------------------------------------------
Traceback (most recent call last):
  File "/home/rcosta00/dev/SmartQuotation/backend/.venv/lib/python3.13/site-packages/django/db/backends/base/base.py", line 298, in _cursor
    return self._prepare_cursor(self.create_cursor(name))
                                ~~~~~~~~~~~~~~~~~~^^^^^^
  File "/home/rcosta00/dev/SmartQuotation/backend/.venv/lib/python3.13/site-packages/django/utils/asyncio.py", line 26, in inner
    return func(*args, **kwargs)
  File "/home/rcosta00/dev/SmartQuotation/backend/.venv/lib/python3.13/site-packages/django/db/backends/postgresql/base.py", line 429, in create_cursor
    cursor = self.connection.cursor()
psycopg2.InterfaceError: connection already closed

The above exception was the direct cause of the following exception:

Traceback (most recent call last):
  File "/home/rcosta00/dev/SmartQuotation/backend/.venv/lib/python3.13/site-packages/django_tenants/test/cases.py", line 34, in setUpClass
    cls.sync_shared()
    ~~~~~~~~~~~~~~~^^
  File "/home/rcosta00/dev/SmartQuotation/backend/.venv/lib/python3.13/site-packages/django_tenants/test/cases.py", line 76, in sync_shared
    call_command('migrate_schemas',
    ~~~~~~~~~~~~^^^^^^^^^^^^^^^^^^^
                 schema_name=get_public_schema_name(),
                 ^^^^^^^^^^^^^^^^^^^^^^^^^^^^^^^^^^^^^
                 interactive=False,
                 ^^^^^^^^^^^^^^^^^^
                 verbosity=0)
                 ^^^^^^^^^^^^
  File "/home/rcosta00/dev/SmartQuotation/backend/.venv/lib/python3.13/site-packages/django/core/management/__init__.py", line 194, in call_command
    return command.execute(*args, **defaults)
           ~~~~~~~~~~~~~~~^^^^^^^^^^^^^^^^^^^
  File "/home/rcosta00/dev/SmartQuotation/backend/.venv/lib/python3.13/site-packages/django/core/management/base.py", line 460, in execute
    output = self.handle(*args, **options)
  File "/home/rcosta00/dev/SmartQuotation/backend/.venv/lib/python3.13/site-packages/django_tenants/management/commands/migrate_schemas.py", line 66, in handle
    executor.run_migrations(tenants=[self.PUBLIC_SCHEMA_NAME])
    ~~~~~~~~~~~~~~~~~~~~~~~^^^^^^^^^^^^^^^^^^^^^^^^^^^^^^^^^^^
  File "/home/rcosta00/dev/SmartQuotation/backend/.venv/lib/python3.13/site-packages/django_tenants/migration_executors/standard.py", line 11, in run_migrations
    run_migrations(self.args, self.options, self.codename, self.PUBLIC_SCHEMA_NAME)
    ~~~~~~~~~~~~~~^^^^^^^^^^^^^^^^^^^^^^^^^^^^^^^^^^^^^^^^^^^^^^^^^^^^^^^^^^^^^^^^^
  File "/home/rcosta00/dev/SmartQuotation/backend/.venv/lib/python3.13/site-packages/django_tenants/migration_executors/base.py", line 51, in run_migrations
    migration_recorder.ensure_schema()
    ~~~~~~~~~~~~~~~~~~~~~~~~~~~~~~~~^^
  File "/home/rcosta00/dev/SmartQuotation/backend/.venv/lib/python3.13/site-packages/django/db/migrations/recorder.py", line 73, in ensure_schema
    if self.has_table():
       ~~~~~~~~~~~~~~^^
  File "/home/rcosta00/dev/SmartQuotation/backend/.venv/lib/python3.13/site-packages/django/db/migrations/recorder.py", line 63, in has_table
    with self.connection.cursor() as cursor:
         ~~~~~~~~~~~~~~~~~~~~~~^^
  File "/home/rcosta00/dev/SmartQuotation/backend/.venv/lib/python3.13/site-packages/django/utils/asyncio.py", line 26, in inner
    return func(*args, **kwargs)
  File "/home/rcosta00/dev/SmartQuotation/backend/.venv/lib/python3.13/site-packages/django/db/backends/base/base.py", line 320, in cursor
    return self._cursor()
           ~~~~~~~~~~~~^^
  File "/home/rcosta00/dev/SmartQuotation/backend/.venv/lib/python3.13/site-packages/django_tenants/postgresql_backend/base.py", line 144, in _cursor
    cursor = super()._cursor()
  File "/home/rcosta00/dev/SmartQuotation/backend/.venv/lib/python3.13/site-packages/django/db/backends/base/base.py", line 297, in _cursor
    with self.wrap_database_errors:
         ^^^^^^^^^^^^^^^^^^^^^^^^^
  File "/home/rcosta00/dev/SmartQuotation/backend/.venv/lib/python3.13/site-packages/django/db/utils.py", line 91, in __exit__
    raise dj_exc_value.with_traceback(traceback) from exc_value
  File "/home/rcosta00/dev/SmartQuotation/backend/.venv/lib/python3.13/site-packages/django/db/backends/base/base.py", line 298, in _cursor
    return self._prepare_cursor(self.create_cursor(name))
                                ~~~~~~~~~~~~~~~~~~^^^^^^
  File "/home/rcosta00/dev/SmartQuotation/backend/.venv/lib/python3.13/site-packages/django/utils/asyncio.py", line 26, in inner
    return func(*args, **kwargs)
  File "/home/rcosta00/dev/SmartQuotation/backend/.venv/lib/python3.13/site-packages/django/db/backends/postgresql/base.py", line 429, in create_cursor
    cursor = self.connection.cursor()
django.db.utils.InterfaceError: connection already closed

======================================================================
ERROR: setUpClass (apps.quotations.tests.DataSheetViewTests)
----------------------------------------------------------------------
Traceback (most recent call last):
  File "/home/rcosta00/dev/SmartQuotation/backend/.venv/lib/python3.13/site-packages/django/db/backends/base/base.py", line 298, in _cursor
    return self._prepare_cursor(self.create_cursor(name))
                                ~~~~~~~~~~~~~~~~~~^^^^^^
  File "/home/rcosta00/dev/SmartQuotation/backend/.venv/lib/python3.13/site-packages/django/utils/asyncio.py", line 26, in inner
    return func(*args, **kwargs)
  File "/home/rcosta00/dev/SmartQuotation/backend/.venv/lib/python3.13/site-packages/django/db/backends/postgresql/base.py", line 429, in create_cursor
    cursor = self.connection.cursor()
psycopg2.InterfaceError: connection already closed

The above exception was the direct cause of the following exception:

Traceback (most recent call last):
  File "/home/rcosta00/dev/SmartQuotation/backend/.venv/lib/python3.13/site-packages/django_tenants/test/cases.py", line 34, in setUpClass
    cls.sync_shared()
    ~~~~~~~~~~~~~~~^^
  File "/home/rcosta00/dev/SmartQuotation/backend/.venv/lib/python3.13/site-packages/django_tenants/test/cases.py", line 76, in sync_shared
    call_command('migrate_schemas',
    ~~~~~~~~~~~~^^^^^^^^^^^^^^^^^^^
                 schema_name=get_public_schema_name(),
                 ^^^^^^^^^^^^^^^^^^^^^^^^^^^^^^^^^^^^^
                 interactive=False,
                 ^^^^^^^^^^^^^^^^^^
                 verbosity=0)
                 ^^^^^^^^^^^^
  File "/home/rcosta00/dev/SmartQuotation/backend/.venv/lib/python3.13/site-packages/django/core/management/__init__.py", line 194, in call_command
    return command.execute(*args, **defaults)
           ~~~~~~~~~~~~~~~^^^^^^^^^^^^^^^^^^^
  File "/home/rcosta00/dev/SmartQuotation/backend/.venv/lib/python3.13/site-packages/django/core/management/base.py", line 460, in execute
    output = self.handle(*args, **options)
  File "/home/rcosta00/dev/SmartQuotation/backend/.venv/lib/python3.13/site-packages/django_tenants/management/commands/migrate_schemas.py", line 66, in handle
    executor.run_migrations(tenants=[self.PUBLIC_SCHEMA_NAME])
    ~~~~~~~~~~~~~~~~~~~~~~~^^^^^^^^^^^^^^^^^^^^^^^^^^^^^^^^^^^
  File "/home/rcosta00/dev/SmartQuotation/backend/.venv/lib/python3.13/site-packages/django_tenants/migration_executors/standard.py", line 11, in run_migrations
    run_migrations(self.args, self.options, self.codename, self.PUBLIC_SCHEMA_NAME)
    ~~~~~~~~~~~~~~^^^^^^^^^^^^^^^^^^^^^^^^^^^^^^^^^^^^^^^^^^^^^^^^^^^^^^^^^^^^^^^^^
  File "/home/rcosta00/dev/SmartQuotation/backend/.venv/lib/python3.13/site-packages/django_tenants/migration_executors/base.py", line 51, in run_migrations
    migration_recorder.ensure_schema()
    ~~~~~~~~~~~~~~~~~~~~~~~~~~~~~~~~^^
  File "/home/rcosta00/dev/SmartQuotation/backend/.venv/lib/python3.13/site-packages/django/db/migrations/recorder.py", line 73, in ensure_schema
    if self.has_table():
       ~~~~~~~~~~~~~~^^
  File "/home/rcosta00/dev/SmartQuotation/backend/.venv/lib/python3.13/site-packages/django/db/migrations/recorder.py", line 63, in has_table
    with self.connection.cursor() as cursor:
         ~~~~~~~~~~~~~~~~~~~~~~^^
  File "/home/rcosta00/dev/SmartQuotation/backend/.venv/lib/python3.13/site-packages/django/utils/asyncio.py", line 26, in inner
    return func(*args, **kwargs)
  File "/home/rcosta00/dev/SmartQuotation/backend/.venv/lib/python3.13/site-packages/django/db/backends/base/base.py", line 320, in cursor
    return self._cursor()
           ~~~~~~~~~~~~^^
  File "/home/rcosta00/dev/SmartQuotation/backend/.venv/lib/python3.13/site-packages/django_tenants/postgresql_backend/base.py", line 144, in _cursor
    cursor = super()._cursor()
  File "/home/rcosta00/dev/SmartQuotation/backend/.venv/lib/python3.13/site-packages/django/db/backends/base/base.py", line 297, in _cursor
    with self.wrap_database_errors:
         ^^^^^^^^^^^^^^^^^^^^^^^^^
  File "/home/rcosta00/dev/SmartQuotation/backend/.venv/lib/python3.13/site-packages/django/db/utils.py", line 91, in __exit__
    raise dj_exc_value.with_traceback(traceback) from exc_value
  File "/home/rcosta00/dev/SmartQuotation/backend/.venv/lib/python3.13/site-packages/django/db/backends/base/base.py", line 298, in _cursor
    return self._prepare_cursor(self.create_cursor(name))
                                ~~~~~~~~~~~~~~~~~~^^^^^^
  File "/home/rcosta00/dev/SmartQuotation/backend/.venv/lib/python3.13/site-packages/django/utils/asyncio.py", line 26, in inner
    return func(*args, **kwargs)
  File "/home/rcosta00/dev/SmartQuotation/backend/.venv/lib/python3.13/site-packages/django/db/backends/postgresql/base.py", line 429, in create_cursor
    cursor = self.connection.cursor()
django.db.utils.InterfaceError: connection already closed

======================================================================
ERROR: setUpClass (apps.quotations.tests.DatabookServiceTests)
----------------------------------------------------------------------
Traceback (most recent call last):
  File "/home/rcosta00/dev/SmartQuotation/backend/.venv/lib/python3.13/site-packages/django/db/backends/base/base.py", line 298, in _cursor
    return self._prepare_cursor(self.create_cursor(name))
                                ~~~~~~~~~~~~~~~~~~^^^^^^
  File "/home/rcosta00/dev/SmartQuotation/backend/.venv/lib/python3.13/site-packages/django/utils/asyncio.py", line 26, in inner
    return func(*args, **kwargs)
  File "/home/rcosta00/dev/SmartQuotation/backend/.venv/lib/python3.13/site-packages/django/db/backends/postgresql/base.py", line 429, in create_cursor
    cursor = self.connection.cursor()
psycopg2.InterfaceError: connection already closed

The above exception was the direct cause of the following exception:

Traceback (most recent call last):
  File "/home/rcosta00/dev/SmartQuotation/backend/.venv/lib/python3.13/site-packages/django_tenants/test/cases.py", line 34, in setUpClass
    cls.sync_shared()
    ~~~~~~~~~~~~~~~^^
  File "/home/rcosta00/dev/SmartQuotation/backend/.venv/lib/python3.13/site-packages/django_tenants/test/cases.py", line 76, in sync_shared
    call_command('migrate_schemas',
    ~~~~~~~~~~~~^^^^^^^^^^^^^^^^^^^
                 schema_name=get_public_schema_name(),
                 ^^^^^^^^^^^^^^^^^^^^^^^^^^^^^^^^^^^^^
                 interactive=False,
                 ^^^^^^^^^^^^^^^^^^
                 verbosity=0)
                 ^^^^^^^^^^^^
  File "/home/rcosta00/dev/SmartQuotation/backend/.venv/lib/python3.13/site-packages/django/core/management/__init__.py", line 194, in call_command
    return command.execute(*args, **defaults)
           ~~~~~~~~~~~~~~~^^^^^^^^^^^^^^^^^^^
  File "/home/rcosta00/dev/SmartQuotation/backend/.venv/lib/python3.13/site-packages/django/core/management/base.py", line 460, in execute
    output = self.handle(*args, **options)
  File "/home/rcosta00/dev/SmartQuotation/backend/.venv/lib/python3.13/site-packages/django_tenants/management/commands/migrate_schemas.py", line 66, in handle
    executor.run_migrations(tenants=[self.PUBLIC_SCHEMA_NAME])
    ~~~~~~~~~~~~~~~~~~~~~~~^^^^^^^^^^^^^^^^^^^^^^^^^^^^^^^^^^^
  File "/home/rcosta00/dev/SmartQuotation/backend/.venv/lib/python3.13/site-packages/django_tenants/migration_executors/standard.py", line 11, in run_migrations
    run_migrations(self.args, self.options, self.codename, self.PUBLIC_SCHEMA_NAME)
    ~~~~~~~~~~~~~~^^^^^^^^^^^^^^^^^^^^^^^^^^^^^^^^^^^^^^^^^^^^^^^^^^^^^^^^^^^^^^^^^
  File "/home/rcosta00/dev/SmartQuotation/backend/.venv/lib/python3.13/site-packages/django_tenants/migration_executors/base.py", line 51, in run_migrations
    migration_recorder.ensure_schema()
    ~~~~~~~~~~~~~~~~~~~~~~~~~~~~~~~~^^
  File "/home/rcosta00/dev/SmartQuotation/backend/.venv/lib/python3.13/site-packages/django/db/migrations/recorder.py", line 73, in ensure_schema
    if self.has_table():
       ~~~~~~~~~~~~~~^^
  File "/home/rcosta00/dev/SmartQuotation/backend/.venv/lib/python3.13/site-packages/django/db/migrations/recorder.py", line 63, in has_table
    with self.connection.cursor() as cursor:
         ~~~~~~~~~~~~~~~~~~~~~~^^
  File "/home/rcosta00/dev/SmartQuotation/backend/.venv/lib/python3.13/site-packages/django/utils/asyncio.py", line 26, in inner
    return func(*args, **kwargs)
  File "/home/rcosta00/dev/SmartQuotation/backend/.venv/lib/python3.13/site-packages/django/db/backends/base/base.py", line 320, in cursor
    return self._cursor()
           ~~~~~~~~~~~~^^
  File "/home/rcosta00/dev/SmartQuotation/backend/.venv/lib/python3.13/site-packages/django_tenants/postgresql_backend/base.py", line 144, in _cursor
    cursor = super()._cursor()
  File "/home/rcosta00/dev/SmartQuotation/backend/.venv/lib/python3.13/site-packages/django/db/backends/base/base.py", line 297, in _cursor
    with self.wrap_database_errors:
         ^^^^^^^^^^^^^^^^^^^^^^^^^
  File "/home/rcosta00/dev/SmartQuotation/backend/.venv/lib/python3.13/site-packages/django/db/utils.py", line 91, in __exit__
    raise dj_exc_value.with_traceback(traceback) from exc_value
  File "/home/rcosta00/dev/SmartQuotation/backend/.venv/lib/python3.13/site-packages/django/db/backends/base/base.py", line 298, in _cursor
    return self._prepare_cursor(self.create_cursor(name))
                                ~~~~~~~~~~~~~~~~~~^^^^^^
  File "/home/rcosta00/dev/SmartQuotation/backend/.venv/lib/python3.13/site-packages/django/utils/asyncio.py", line 26, in inner
    return func(*args, **kwargs)
  File "/home/rcosta00/dev/SmartQuotation/backend/.venv/lib/python3.13/site-packages/django/db/backends/postgresql/base.py", line 429, in create_cursor
    cursor = self.connection.cursor()
django.db.utils.InterfaceError: connection already closed

======================================================================
ERROR: setUpClass (apps.quotations.tests.DatabookViewTests)
----------------------------------------------------------------------
Traceback (most recent call last):
  File "/home/rcosta00/dev/SmartQuotation/backend/.venv/lib/python3.13/site-packages/django/db/backends/base/base.py", line 298, in _cursor
    return self._prepare_cursor(self.create_cursor(name))
                                ~~~~~~~~~~~~~~~~~~^^^^^^
  File "/home/rcosta00/dev/SmartQuotation/backend/.venv/lib/python3.13/site-packages/django/utils/asyncio.py", line 26, in inner
    return func(*args, **kwargs)
  File "/home/rcosta00/dev/SmartQuotation/backend/.venv/lib/python3.13/site-packages/django/db/backends/postgresql/base.py", line 429, in create_cursor
    cursor = self.connection.cursor()
psycopg2.InterfaceError: connection already closed

The above exception was the direct cause of the following exception:

Traceback (most recent call last):
  File "/home/rcosta00/dev/SmartQuotation/backend/.venv/lib/python3.13/site-packages/django_tenants/test/cases.py", line 34, in setUpClass
    cls.sync_shared()
    ~~~~~~~~~~~~~~~^^
  File "/home/rcosta00/dev/SmartQuotation/backend/.venv/lib/python3.13/site-packages/django_tenants/test/cases.py", line 76, in sync_shared
    call_command('migrate_schemas',
    ~~~~~~~~~~~~^^^^^^^^^^^^^^^^^^^
                 schema_name=get_public_schema_name(),
                 ^^^^^^^^^^^^^^^^^^^^^^^^^^^^^^^^^^^^^
                 interactive=False,
                 ^^^^^^^^^^^^^^^^^^
                 verbosity=0)
                 ^^^^^^^^^^^^
  File "/home/rcosta00/dev/SmartQuotation/backend/.venv/lib/python3.13/site-packages/django/core/management/__init__.py", line 194, in call_command
    return command.execute(*args, **defaults)
           ~~~~~~~~~~~~~~~^^^^^^^^^^^^^^^^^^^
  File "/home/rcosta00/dev/SmartQuotation/backend/.venv/lib/python3.13/site-packages/django/core/management/base.py", line 460, in execute
    output = self.handle(*args, **options)
  File "/home/rcosta00/dev/SmartQuotation/backend/.venv/lib/python3.13/site-packages/django_tenants/management/commands/migrate_schemas.py", line 66, in handle
    executor.run_migrations(tenants=[self.PUBLIC_SCHEMA_NAME])
    ~~~~~~~~~~~~~~~~~~~~~~~^^^^^^^^^^^^^^^^^^^^^^^^^^^^^^^^^^^
  File "/home/rcosta00/dev/SmartQuotation/backend/.venv/lib/python3.13/site-packages/django_tenants/migration_executors/standard.py", line 11, in run_migrations
    run_migrations(self.args, self.options, self.codename, self.PUBLIC_SCHEMA_NAME)
    ~~~~~~~~~~~~~~^^^^^^^^^^^^^^^^^^^^^^^^^^^^^^^^^^^^^^^^^^^^^^^^^^^^^^^^^^^^^^^^^
  File "/home/rcosta00/dev/SmartQuotation/backend/.venv/lib/python3.13/site-packages/django_tenants/migration_executors/base.py", line 51, in run_migrations
    migration_recorder.ensure_schema()
    ~~~~~~~~~~~~~~~~~~~~~~~~~~~~~~~~^^
  File "/home/rcosta00/dev/SmartQuotation/backend/.venv/lib/python3.13/site-packages/django/db/migrations/recorder.py", line 73, in ensure_schema
    if self.has_table():
       ~~~~~~~~~~~~~~^^
  File "/home/rcosta00/dev/SmartQuotation/backend/.venv/lib/python3.13/site-packages/django/db/migrations/recorder.py", line 63, in has_table
    with self.connection.cursor() as cursor:
         ~~~~~~~~~~~~~~~~~~~~~~^^
  File "/home/rcosta00/dev/SmartQuotation/backend/.venv/lib/python3.13/site-packages/django/utils/asyncio.py", line 26, in inner
    return func(*args, **kwargs)
  File "/home/rcosta00/dev/SmartQuotation/backend/.venv/lib/python3.13/site-packages/django/db/backends/base/base.py", line 320, in cursor
    return self._cursor()
           ~~~~~~~~~~~~^^
  File "/home/rcosta00/dev/SmartQuotation/backend/.venv/lib/python3.13/site-packages/django_tenants/postgresql_backend/base.py", line 144, in _cursor
    cursor = super()._cursor()
  File "/home/rcosta00/dev/SmartQuotation/backend/.venv/lib/python3.13/site-packages/django/db/backends/base/base.py", line 297, in _cursor
    with self.wrap_database_errors:
         ^^^^^^^^^^^^^^^^^^^^^^^^^
  File "/home/rcosta00/dev/SmartQuotation/backend/.venv/lib/python3.13/site-packages/django/db/utils.py", line 91, in __exit__
    raise dj_exc_value.with_traceback(traceback) from exc_value
  File "/home/rcosta00/dev/SmartQuotation/backend/.venv/lib/python3.13/site-packages/django/db/backends/base/base.py", line 298, in _cursor
    return self._prepare_cursor(self.create_cursor(name))
                                ~~~~~~~~~~~~~~~~~~^^^^^^
  File "/home/rcosta00/dev/SmartQuotation/backend/.venv/lib/python3.13/site-packages/django/utils/asyncio.py", line 26, in inner
    return func(*args, **kwargs)
  File "/home/rcosta00/dev/SmartQuotation/backend/.venv/lib/python3.13/site-packages/django/db/backends/postgresql/base.py", line 429, in create_cursor
    cursor = self.connection.cursor()
django.db.utils.InterfaceError: connection already closed

======================================================================
ERROR: setUpClass (apps.quotations.tests.FeixeQuotationTests)
----------------------------------------------------------------------
Traceback (most recent call last):
  File "/home/rcosta00/dev/SmartQuotation/backend/.venv/lib/python3.13/site-packages/django/db/backends/base/base.py", line 298, in _cursor
    return self._prepare_cursor(self.create_cursor(name))
                                ~~~~~~~~~~~~~~~~~~^^^^^^
  File "/home/rcosta00/dev/SmartQuotation/backend/.venv/lib/python3.13/site-packages/django/utils/asyncio.py", line 26, in inner
    return func(*args, **kwargs)
  File "/home/rcosta00/dev/SmartQuotation/backend/.venv/lib/python3.13/site-packages/django/db/backends/postgresql/base.py", line 429, in create_cursor
    cursor = self.connection.cursor()
psycopg2.InterfaceError: connection already closed

The above exception was the direct cause of the following exception:

Traceback (most recent call last):
  File "/home/rcosta00/dev/SmartQuotation/backend/.venv/lib/python3.13/site-packages/django_tenants/test/cases.py", line 34, in setUpClass
    cls.sync_shared()
    ~~~~~~~~~~~~~~~^^
  File "/home/rcosta00/dev/SmartQuotation/backend/.venv/lib/python3.13/site-packages/django_tenants/test/cases.py", line 76, in sync_shared
    call_command('migrate_schemas',
    ~~~~~~~~~~~~^^^^^^^^^^^^^^^^^^^
                 schema_name=get_public_schema_name(),
                 ^^^^^^^^^^^^^^^^^^^^^^^^^^^^^^^^^^^^^
                 interactive=False,
                 ^^^^^^^^^^^^^^^^^^
                 verbosity=0)
                 ^^^^^^^^^^^^
  File "/home/rcosta00/dev/SmartQuotation/backend/.venv/lib/python3.13/site-packages/django/core/management/__init__.py", line 194, in call_command
    return command.execute(*args, **defaults)
           ~~~~~~~~~~~~~~~^^^^^^^^^^^^^^^^^^^
  File "/home/rcosta00/dev/SmartQuotation/backend/.venv/lib/python3.13/site-packages/django/core/management/base.py", line 460, in execute
    output = self.handle(*args, **options)
  File "/home/rcosta00/dev/SmartQuotation/backend/.venv/lib/python3.13/site-packages/django_tenants/management/commands/migrate_schemas.py", line 66, in handle
    executor.run_migrations(tenants=[self.PUBLIC_SCHEMA_NAME])
    ~~~~~~~~~~~~~~~~~~~~~~~^^^^^^^^^^^^^^^^^^^^^^^^^^^^^^^^^^^
  File "/home/rcosta00/dev/SmartQuotation/backend/.venv/lib/python3.13/site-packages/django_tenants/migration_executors/standard.py", line 11, in run_migrations
    run_migrations(self.args, self.options, self.codename, self.PUBLIC_SCHEMA_NAME)
    ~~~~~~~~~~~~~~^^^^^^^^^^^^^^^^^^^^^^^^^^^^^^^^^^^^^^^^^^^^^^^^^^^^^^^^^^^^^^^^^
  File "/home/rcosta00/dev/SmartQuotation/backend/.venv/lib/python3.13/site-packages/django_tenants/migration_executors/base.py", line 51, in run_migrations
    migration_recorder.ensure_schema()
    ~~~~~~~~~~~~~~~~~~~~~~~~~~~~~~~~^^
  File "/home/rcosta00/dev/SmartQuotation/backend/.venv/lib/python3.13/site-packages/django/db/migrations/recorder.py", line 73, in ensure_schema
    if self.has_table():
       ~~~~~~~~~~~~~~^^
  File "/home/rcosta00/dev/SmartQuotation/backend/.venv/lib/python3.13/site-packages/django/db/migrations/recorder.py", line 63, in has_table
    with self.connection.cursor() as cursor:
         ~~~~~~~~~~~~~~~~~~~~~~^^
  File "/home/rcosta00/dev/SmartQuotation/backend/.venv/lib/python3.13/site-packages/django/utils/asyncio.py", line 26, in inner
    return func(*args, **kwargs)
  File "/home/rcosta00/dev/SmartQuotation/backend/.venv/lib/python3.13/site-packages/django/db/backends/base/base.py", line 320, in cursor
    return self._cursor()
           ~~~~~~~~~~~~^^
  File "/home/rcosta00/dev/SmartQuotation/backend/.venv/lib/python3.13/site-packages/django_tenants/postgresql_backend/base.py", line 144, in _cursor
    cursor = super()._cursor()
  File "/home/rcosta00/dev/SmartQuotation/backend/.venv/lib/python3.13/site-packages/django/db/backends/base/base.py", line 297, in _cursor
    with self.wrap_database_errors:
         ^^^^^^^^^^^^^^^^^^^^^^^^^
  File "/home/rcosta00/dev/SmartQuotation/backend/.venv/lib/python3.13/site-packages/django/db/utils.py", line 91, in __exit__
    raise dj_exc_value.with_traceback(traceback) from exc_value
  File "/home/rcosta00/dev/SmartQuotation/backend/.venv/lib/python3.13/site-packages/django/db/backends/base/base.py", line 298, in _cursor
    return self._prepare_cursor(self.create_cursor(name))
                                ~~~~~~~~~~~~~~~~~~^^^^^^
  File "/home/rcosta00/dev/SmartQuotation/backend/.venv/lib/python3.13/site-packages/django/utils/asyncio.py", line 26, in inner
    return func(*args, **kwargs)
  File "/home/rcosta00/dev/SmartQuotation/backend/.venv/lib/python3.13/site-packages/django/db/backends/postgresql/base.py", line 429, in create_cursor
    cursor = self.connection.cursor()
django.db.utils.InterfaceError: connection already closed

======================================================================
ERROR: setUpClass (apps.quotations.tests.FolgaRcb43Tests)
----------------------------------------------------------------------
Traceback (most recent call last):
  File "/home/rcosta00/dev/SmartQuotation/backend/.venv/lib/python3.13/site-packages/django/db/backends/base/base.py", line 298, in _cursor
    return self._prepare_cursor(self.create_cursor(name))
                                ~~~~~~~~~~~~~~~~~~^^^^^^
  File "/home/rcosta00/dev/SmartQuotation/backend/.venv/lib/python3.13/site-packages/django/utils/asyncio.py", line 26, in inner
    return func(*args, **kwargs)
  File "/home/rcosta00/dev/SmartQuotation/backend/.venv/lib/python3.13/site-packages/django/db/backends/postgresql/base.py", line 429, in create_cursor
    cursor = self.connection.cursor()
psycopg2.InterfaceError: connection already closed

The above exception was the direct cause of the following exception:

Traceback (most recent call last):
  File "/home/rcosta00/dev/SmartQuotation/backend/.venv/lib/python3.13/site-packages/django_tenants/test/cases.py", line 34, in setUpClass
    cls.sync_shared()
    ~~~~~~~~~~~~~~~^^
  File "/home/rcosta00/dev/SmartQuotation/backend/.venv/lib/python3.13/site-packages/django_tenants/test/cases.py", line 76, in sync_shared
    call_command('migrate_schemas',
    ~~~~~~~~~~~~^^^^^^^^^^^^^^^^^^^
                 schema_name=get_public_schema_name(),
                 ^^^^^^^^^^^^^^^^^^^^^^^^^^^^^^^^^^^^^
                 interactive=False,
                 ^^^^^^^^^^^^^^^^^^
                 verbosity=0)
                 ^^^^^^^^^^^^
  File "/home/rcosta00/dev/SmartQuotation/backend/.venv/lib/python3.13/site-packages/django/core/management/__init__.py", line 194, in call_command
    return command.execute(*args, **defaults)
           ~~~~~~~~~~~~~~~^^^^^^^^^^^^^^^^^^^
  File "/home/rcosta00/dev/SmartQuotation/backend/.venv/lib/python3.13/site-packages/django/core/management/base.py", line 460, in execute
    output = self.handle(*args, **options)
  File "/home/rcosta00/dev/SmartQuotation/backend/.venv/lib/python3.13/site-packages/django_tenants/management/commands/migrate_schemas.py", line 66, in handle
    executor.run_migrations(tenants=[self.PUBLIC_SCHEMA_NAME])
    ~~~~~~~~~~~~~~~~~~~~~~~^^^^^^^^^^^^^^^^^^^^^^^^^^^^^^^^^^^
  File "/home/rcosta00/dev/SmartQuotation/backend/.venv/lib/python3.13/site-packages/django_tenants/migration_executors/standard.py", line 11, in run_migrations
    run_migrations(self.args, self.options, self.codename, self.PUBLIC_SCHEMA_NAME)
    ~~~~~~~~~~~~~~^^^^^^^^^^^^^^^^^^^^^^^^^^^^^^^^^^^^^^^^^^^^^^^^^^^^^^^^^^^^^^^^^
  File "/home/rcosta00/dev/SmartQuotation/backend/.venv/lib/python3.13/site-packages/django_tenants/migration_executors/base.py", line 51, in run_migrations
    migration_recorder.ensure_schema()
    ~~~~~~~~~~~~~~~~~~~~~~~~~~~~~~~~^^
  File "/home/rcosta00/dev/SmartQuotation/backend/.venv/lib/python3.13/site-packages/django/db/migrations/recorder.py", line 73, in ensure_schema
    if self.has_table():
       ~~~~~~~~~~~~~~^^
  File "/home/rcosta00/dev/SmartQuotation/backend/.venv/lib/python3.13/site-packages/django/db/migrations/recorder.py", line 63, in has_table
    with self.connection.cursor() as cursor:
         ~~~~~~~~~~~~~~~~~~~~~~^^
  File "/home/rcosta00/dev/SmartQuotation/backend/.venv/lib/python3.13/site-packages/django/utils/asyncio.py", line 26, in inner
    return func(*args, **kwargs)
  File "/home/rcosta00/dev/SmartQuotation/backend/.venv/lib/python3.13/site-packages/django/db/backends/base/base.py", line 320, in cursor
    return self._cursor()
           ~~~~~~~~~~~~^^
  File "/home/rcosta00/dev/SmartQuotation/backend/.venv/lib/python3.13/site-packages/django_tenants/postgresql_backend/base.py", line 144, in _cursor
    cursor = super()._cursor()
  File "/home/rcosta00/dev/SmartQuotation/backend/.venv/lib/python3.13/site-packages/django/db/backends/base/base.py", line 297, in _cursor
    with self.wrap_database_errors:
         ^^^^^^^^^^^^^^^^^^^^^^^^^
  File "/home/rcosta00/dev/SmartQuotation/backend/.venv/lib/python3.13/site-packages/django/db/utils.py", line 91, in __exit__
    raise dj_exc_value.with_traceback(traceback) from exc_value
  File "/home/rcosta00/dev/SmartQuotation/backend/.venv/lib/python3.13/site-packages/django/db/backends/base/base.py", line 298, in _cursor
    return self._prepare_cursor(self.create_cursor(name))
                                ~~~~~~~~~~~~~~~~~~^^^^^^
  File "/home/rcosta00/dev/SmartQuotation/backend/.venv/lib/python3.13/site-packages/django/utils/asyncio.py", line 26, in inner
    return func(*args, **kwargs)
  File "/home/rcosta00/dev/SmartQuotation/backend/.venv/lib/python3.13/site-packages/django/db/backends/postgresql/base.py", line 429, in create_cursor
    cursor = self.connection.cursor()
django.db.utils.InterfaceError: connection already closed

======================================================================
ERROR: setUpClass (apps.quotations.tests.ItemOperationProvenanceTests)
----------------------------------------------------------------------
Traceback (most recent call last):
  File "/home/rcosta00/dev/SmartQuotation/backend/.venv/lib/python3.13/site-packages/django/db/backends/base/base.py", line 298, in _cursor
    return self._prepare_cursor(self.create_cursor(name))
                                ~~~~~~~~~~~~~~~~~~^^^^^^
  File "/home/rcosta00/dev/SmartQuotation/backend/.venv/lib/python3.13/site-packages/django/utils/asyncio.py", line 26, in inner
    return func(*args, **kwargs)
  File "/home/rcosta00/dev/SmartQuotation/backend/.venv/lib/python3.13/site-packages/django/db/backends/postgresql/base.py", line 429, in create_cursor
    cursor = self.connection.cursor()
psycopg2.InterfaceError: connection already closed

The above exception was the direct cause of the following exception:

Traceback (most recent call last):
  File "/home/rcosta00/dev/SmartQuotation/backend/.venv/lib/python3.13/site-packages/django_tenants/test/cases.py", line 34, in setUpClass
    cls.sync_shared()
    ~~~~~~~~~~~~~~~^^
  File "/home/rcosta00/dev/SmartQuotation/backend/.venv/lib/python3.13/site-packages/django_tenants/test/cases.py", line 76, in sync_shared
    call_command('migrate_schemas',
    ~~~~~~~~~~~~^^^^^^^^^^^^^^^^^^^
                 schema_name=get_public_schema_name(),
                 ^^^^^^^^^^^^^^^^^^^^^^^^^^^^^^^^^^^^^
                 interactive=False,
                 ^^^^^^^^^^^^^^^^^^
                 verbosity=0)
                 ^^^^^^^^^^^^
  File "/home/rcosta00/dev/SmartQuotation/backend/.venv/lib/python3.13/site-packages/django/core/management/__init__.py", line 194, in call_command
    return command.execute(*args, **defaults)
           ~~~~~~~~~~~~~~~^^^^^^^^^^^^^^^^^^^
  File "/home/rcosta00/dev/SmartQuotation/backend/.venv/lib/python3.13/site-packages/django/core/management/base.py", line 460, in execute
    output = self.handle(*args, **options)
  File "/home/rcosta00/dev/SmartQuotation/backend/.venv/lib/python3.13/site-packages/django_tenants/management/commands/migrate_schemas.py", line 66, in handle
    executor.run_migrations(tenants=[self.PUBLIC_SCHEMA_NAME])
    ~~~~~~~~~~~~~~~~~~~~~~~^^^^^^^^^^^^^^^^^^^^^^^^^^^^^^^^^^^
  File "/home/rcosta00/dev/SmartQuotation/backend/.venv/lib/python3.13/site-packages/django_tenants/migration_executors/standard.py", line 11, in run_migrations
    run_migrations(self.args, self.options, self.codename, self.PUBLIC_SCHEMA_NAME)
    ~~~~~~~~~~~~~~^^^^^^^^^^^^^^^^^^^^^^^^^^^^^^^^^^^^^^^^^^^^^^^^^^^^^^^^^^^^^^^^^
  File "/home/rcosta00/dev/SmartQuotation/backend/.venv/lib/python3.13/site-packages/django_tenants/migration_executors/base.py", line 51, in run_migrations
    migration_recorder.ensure_schema()
    ~~~~~~~~~~~~~~~~~~~~~~~~~~~~~~~~^^
  File "/home/rcosta00/dev/SmartQuotation/backend/.venv/lib/python3.13/site-packages/django/db/migrations/recorder.py", line 73, in ensure_schema
    if self.has_table():
       ~~~~~~~~~~~~~~^^
  File "/home/rcosta00/dev/SmartQuotation/backend/.venv/lib/python3.13/site-packages/django/db/migrations/recorder.py", line 63, in has_table
    with self.connection.cursor() as cursor:
         ~~~~~~~~~~~~~~~~~~~~~~^^
  File "/home/rcosta00/dev/SmartQuotation/backend/.venv/lib/python3.13/site-packages/django/utils/asyncio.py", line 26, in inner
    return func(*args, **kwargs)
  File "/home/rcosta00/dev/SmartQuotation/backend/.venv/lib/python3.13/site-packages/django/db/backends/base/base.py", line 320, in cursor
    return self._cursor()
           ~~~~~~~~~~~~^^
  File "/home/rcosta00/dev/SmartQuotation/backend/.venv/lib/python3.13/site-packages/django_tenants/postgresql_backend/base.py", line 144, in _cursor
    cursor = super()._cursor()
  File "/home/rcosta00/dev/SmartQuotation/backend/.venv/lib/python3.13/site-packages/django/db/backends/base/base.py", line 297, in _cursor
    with self.wrap_database_errors:
         ^^^^^^^^^^^^^^^^^^^^^^^^^
  File "/home/rcosta00/dev/SmartQuotation/backend/.venv/lib/python3.13/site-packages/django/db/utils.py", line 91, in __exit__
    raise dj_exc_value.with_traceback(traceback) from exc_value
  File "/home/rcosta00/dev/SmartQuotation/backend/.venv/lib/python3.13/site-packages/django/db/backends/base/base.py", line 298, in _cursor
    return self._prepare_cursor(self.create_cursor(name))
                                ~~~~~~~~~~~~~~~~~~^^^^^^
  File "/home/rcosta00/dev/SmartQuotation/backend/.venv/lib/python3.13/site-packages/django/utils/asyncio.py", line 26, in inner
    return func(*args, **kwargs)
  File "/home/rcosta00/dev/SmartQuotation/backend/.venv/lib/python3.13/site-packages/django/db/backends/postgresql/base.py", line 429, in create_cursor
    cursor = self.connection.cursor()
django.db.utils.InterfaceError: connection already closed

======================================================================
ERROR: setUpClass (apps.quotations.tests.ItemOperationTaxaEditavelTests)
----------------------------------------------------------------------
Traceback (most recent call last):
  File "/home/rcosta00/dev/SmartQuotation/backend/.venv/lib/python3.13/site-packages/django/db/backends/base/base.py", line 298, in _cursor
    return self._prepare_cursor(self.create_cursor(name))
                                ~~~~~~~~~~~~~~~~~~^^^^^^
  File "/home/rcosta00/dev/SmartQuotation/backend/.venv/lib/python3.13/site-packages/django/utils/asyncio.py", line 26, in inner
    return func(*args, **kwargs)
  File "/home/rcosta00/dev/SmartQuotation/backend/.venv/lib/python3.13/site-packages/django/db/backends/postgresql/base.py", line 429, in create_cursor
    cursor = self.connection.cursor()
psycopg2.InterfaceError: connection already closed

The above exception was the direct cause of the following exception:

Traceback (most recent call last):
  File "/home/rcosta00/dev/SmartQuotation/backend/.venv/lib/python3.13/site-packages/django_tenants/test/cases.py", line 34, in setUpClass
    cls.sync_shared()
    ~~~~~~~~~~~~~~~^^
  File "/home/rcosta00/dev/SmartQuotation/backend/.venv/lib/python3.13/site-packages/django_tenants/test/cases.py", line 76, in sync_shared
    call_command('migrate_schemas',
    ~~~~~~~~~~~~^^^^^^^^^^^^^^^^^^^
                 schema_name=get_public_schema_name(),
                 ^^^^^^^^^^^^^^^^^^^^^^^^^^^^^^^^^^^^^
                 interactive=False,
                 ^^^^^^^^^^^^^^^^^^
                 verbosity=0)
                 ^^^^^^^^^^^^
  File "/home/rcosta00/dev/SmartQuotation/backend/.venv/lib/python3.13/site-packages/django/core/management/__init__.py", line 194, in call_command
    return command.execute(*args, **defaults)
           ~~~~~~~~~~~~~~~^^^^^^^^^^^^^^^^^^^
  File "/home/rcosta00/dev/SmartQuotation/backend/.venv/lib/python3.13/site-packages/django/core/management/base.py", line 460, in execute
    output = self.handle(*args, **options)
  File "/home/rcosta00/dev/SmartQuotation/backend/.venv/lib/python3.13/site-packages/django_tenants/management/commands/migrate_schemas.py", line 66, in handle
    executor.run_migrations(tenants=[self.PUBLIC_SCHEMA_NAME])
    ~~~~~~~~~~~~~~~~~~~~~~~^^^^^^^^^^^^^^^^^^^^^^^^^^^^^^^^^^^
  File "/home/rcosta00/dev/SmartQuotation/backend/.venv/lib/python3.13/site-packages/django_tenants/migration_executors/standard.py", line 11, in run_migrations
    run_migrations(self.args, self.options, self.codename, self.PUBLIC_SCHEMA_NAME)
    ~~~~~~~~~~~~~~^^^^^^^^^^^^^^^^^^^^^^^^^^^^^^^^^^^^^^^^^^^^^^^^^^^^^^^^^^^^^^^^^
  File "/home/rcosta00/dev/SmartQuotation/backend/.venv/lib/python3.13/site-packages/django_tenants/migration_executors/base.py", line 51, in run_migrations
    migration_recorder.ensure_schema()
    ~~~~~~~~~~~~~~~~~~~~~~~~~~~~~~~~^^
  File "/home/rcosta00/dev/SmartQuotation/backend/.venv/lib/python3.13/site-packages/django/db/migrations/recorder.py", line 73, in ensure_schema
    if self.has_table():
       ~~~~~~~~~~~~~~^^
  File "/home/rcosta00/dev/SmartQuotation/backend/.venv/lib/python3.13/site-packages/django/db/migrations/recorder.py", line 63, in has_table
    with self.connection.cursor() as cursor:
         ~~~~~~~~~~~~~~~~~~~~~~^^
  File "/home/rcosta00/dev/SmartQuotation/backend/.venv/lib/python3.13/site-packages/django/utils/asyncio.py", line 26, in inner
    return func(*args, **kwargs)
  File "/home/rcosta00/dev/SmartQuotation/backend/.venv/lib/python3.13/site-packages/django/db/backends/base/base.py", line 320, in cursor
    return self._cursor()
           ~~~~~~~~~~~~^^
  File "/home/rcosta00/dev/SmartQuotation/backend/.venv/lib/python3.13/site-packages/django_tenants/postgresql_backend/base.py", line 144, in _cursor
    cursor = super()._cursor()
  File "/home/rcosta00/dev/SmartQuotation/backend/.venv/lib/python3.13/site-packages/django/db/backends/base/base.py", line 297, in _cursor
    with self.wrap_database_errors:
         ^^^^^^^^^^^^^^^^^^^^^^^^^
  File "/home/rcosta00/dev/SmartQuotation/backend/.venv/lib/python3.13/site-packages/django/db/utils.py", line 91, in __exit__
    raise dj_exc_value.with_traceback(traceback) from exc_value
  File "/home/rcosta00/dev/SmartQuotation/backend/.venv/lib/python3.13/site-packages/django/db/backends/base/base.py", line 298, in _cursor
    return self._prepare_cursor(self.create_cursor(name))
                                ~~~~~~~~~~~~~~~~~~^^^^^^
  File "/home/rcosta00/dev/SmartQuotation/backend/.venv/lib/python3.13/site-packages/django/utils/asyncio.py", line 26, in inner
    return func(*args, **kwargs)
  File "/home/rcosta00/dev/SmartQuotation/backend/.venv/lib/python3.13/site-packages/django/db/backends/postgresql/base.py", line 429, in create_cursor
    cursor = self.connection.cursor()
django.db.utils.InterfaceError: connection already closed

======================================================================
ERROR: setUpClass (apps.quotations.tests.MetalurgiaValidatorTests)
----------------------------------------------------------------------
Traceback (most recent call last):
  File "/home/rcosta00/dev/SmartQuotation/backend/.venv/lib/python3.13/site-packages/django/db/backends/base/base.py", line 298, in _cursor
    return self._prepare_cursor(self.create_cursor(name))
                                ~~~~~~~~~~~~~~~~~~^^^^^^
  File "/home/rcosta00/dev/SmartQuotation/backend/.venv/lib/python3.13/site-packages/django/utils/asyncio.py", line 26, in inner
    return func(*args, **kwargs)
  File "/home/rcosta00/dev/SmartQuotation/backend/.venv/lib/python3.13/site-packages/django/db/backends/postgresql/base.py", line 429, in create_cursor
    cursor = self.connection.cursor()
psycopg2.InterfaceError: connection already closed

The above exception was the direct cause of the following exception:

Traceback (most recent call last):
  File "/home/rcosta00/dev/SmartQuotation/backend/.venv/lib/python3.13/site-packages/django_tenants/test/cases.py", line 34, in setUpClass
    cls.sync_shared()
    ~~~~~~~~~~~~~~~^^
  File "/home/rcosta00/dev/SmartQuotation/backend/.venv/lib/python3.13/site-packages/django_tenants/test/cases.py", line 76, in sync_shared
    call_command('migrate_schemas',
    ~~~~~~~~~~~~^^^^^^^^^^^^^^^^^^^
                 schema_name=get_public_schema_name(),
                 ^^^^^^^^^^^^^^^^^^^^^^^^^^^^^^^^^^^^^
                 interactive=False,
                 ^^^^^^^^^^^^^^^^^^
                 verbosity=0)
                 ^^^^^^^^^^^^
  File "/home/rcosta00/dev/SmartQuotation/backend/.venv/lib/python3.13/site-packages/django/core/management/__init__.py", line 194, in call_command
    return command.execute(*args, **defaults)
           ~~~~~~~~~~~~~~~^^^^^^^^^^^^^^^^^^^
  File "/home/rcosta00/dev/SmartQuotation/backend/.venv/lib/python3.13/site-packages/django/core/management/base.py", line 460, in execute
    output = self.handle(*args, **options)
  File "/home/rcosta00/dev/SmartQuotation/backend/.venv/lib/python3.13/site-packages/django_tenants/management/commands/migrate_schemas.py", line 66, in handle
    executor.run_migrations(tenants=[self.PUBLIC_SCHEMA_NAME])
    ~~~~~~~~~~~~~~~~~~~~~~~^^^^^^^^^^^^^^^^^^^^^^^^^^^^^^^^^^^
  File "/home/rcosta00/dev/SmartQuotation/backend/.venv/lib/python3.13/site-packages/django_tenants/migration_executors/standard.py", line 11, in run_migrations
    run_migrations(self.args, self.options, self.codename, self.PUBLIC_SCHEMA_NAME)
    ~~~~~~~~~~~~~~^^^^^^^^^^^^^^^^^^^^^^^^^^^^^^^^^^^^^^^^^^^^^^^^^^^^^^^^^^^^^^^^^
  File "/home/rcosta00/dev/SmartQuotation/backend/.venv/lib/python3.13/site-packages/django_tenants/migration_executors/base.py", line 51, in run_migrations
    migration_recorder.ensure_schema()
    ~~~~~~~~~~~~~~~~~~~~~~~~~~~~~~~~^^
  File "/home/rcosta00/dev/SmartQuotation/backend/.venv/lib/python3.13/site-packages/django/db/migrations/recorder.py", line 73, in ensure_schema
    if self.has_table():
       ~~~~~~~~~~~~~~^^
  File "/home/rcosta00/dev/SmartQuotation/backend/.venv/lib/python3.13/site-packages/django/db/migrations/recorder.py", line 63, in has_table
    with self.connection.cursor() as cursor:
         ~~~~~~~~~~~~~~~~~~~~~~^^
  File "/home/rcosta00/dev/SmartQuotation/backend/.venv/lib/python3.13/site-packages/django/utils/asyncio.py", line 26, in inner
    return func(*args, **kwargs)
  File "/home/rcosta00/dev/SmartQuotation/backend/.venv/lib/python3.13/site-packages/django/db/backends/base/base.py", line 320, in cursor
    return self._cursor()
           ~~~~~~~~~~~~^^
  File "/home/rcosta00/dev/SmartQuotation/backend/.venv/lib/python3.13/site-packages/django_tenants/postgresql_backend/base.py", line 144, in _cursor
    cursor = super()._cursor()
  File "/home/rcosta00/dev/SmartQuotation/backend/.venv/lib/python3.13/site-packages/django/db/backends/base/base.py", line 297, in _cursor
    with self.wrap_database_errors:
         ^^^^^^^^^^^^^^^^^^^^^^^^^
  File "/home/rcosta00/dev/SmartQuotation/backend/.venv/lib/python3.13/site-packages/django/db/utils.py", line 91, in __exit__
    raise dj_exc_value.with_traceback(traceback) from exc_value
  File "/home/rcosta00/dev/SmartQuotation/backend/.venv/lib/python3.13/site-packages/django/db/backends/base/base.py", line 298, in _cursor
    return self._prepare_cursor(self.create_cursor(name))
                                ~~~~~~~~~~~~~~~~~~^^^^^^
  File "/home/rcosta00/dev/SmartQuotation/backend/.venv/lib/python3.13/site-packages/django/utils/asyncio.py", line 26, in inner
    return func(*args, **kwargs)
  File "/home/rcosta00/dev/SmartQuotation/backend/.venv/lib/python3.13/site-packages/django/db/backends/postgresql/base.py", line 429, in create_cursor
    cursor = self.connection.cursor()
django.db.utils.InterfaceError: connection already closed

======================================================================
ERROR: setUpClass (apps.quotations.tests.PermutadorQuotationTests)
----------------------------------------------------------------------
Traceback (most recent call last):
  File "/home/rcosta00/dev/SmartQuotation/backend/.venv/lib/python3.13/site-packages/django/db/backends/base/base.py", line 298, in _cursor
    return self._prepare_cursor(self.create_cursor(name))
                                ~~~~~~~~~~~~~~~~~~^^^^^^
  File "/home/rcosta00/dev/SmartQuotation/backend/.venv/lib/python3.13/site-packages/django/utils/asyncio.py", line 26, in inner
    return func(*args, **kwargs)
  File "/home/rcosta00/dev/SmartQuotation/backend/.venv/lib/python3.13/site-packages/django/db/backends/postgresql/base.py", line 429, in create_cursor
    cursor = self.connection.cursor()
psycopg2.InterfaceError: connection already closed

The above exception was the direct cause of the following exception:

Traceback (most recent call last):
  File "/home/rcosta00/dev/SmartQuotation/backend/.venv/lib/python3.13/site-packages/django_tenants/test/cases.py", line 34, in setUpClass
    cls.sync_shared()
    ~~~~~~~~~~~~~~~^^
  File "/home/rcosta00/dev/SmartQuotation/backend/.venv/lib/python3.13/site-packages/django_tenants/test/cases.py", line 76, in sync_shared
    call_command('migrate_schemas',
    ~~~~~~~~~~~~^^^^^^^^^^^^^^^^^^^
                 schema_name=get_public_schema_name(),
                 ^^^^^^^^^^^^^^^^^^^^^^^^^^^^^^^^^^^^^
                 interactive=False,
                 ^^^^^^^^^^^^^^^^^^
                 verbosity=0)
                 ^^^^^^^^^^^^
  File "/home/rcosta00/dev/SmartQuotation/backend/.venv/lib/python3.13/site-packages/django/core/management/__init__.py", line 194, in call_command
    return command.execute(*args, **defaults)
           ~~~~~~~~~~~~~~~^^^^^^^^^^^^^^^^^^^
  File "/home/rcosta00/dev/SmartQuotation/backend/.venv/lib/python3.13/site-packages/django/core/management/base.py", line 460, in execute
    output = self.handle(*args, **options)
  File "/home/rcosta00/dev/SmartQuotation/backend/.venv/lib/python3.13/site-packages/django_tenants/management/commands/migrate_schemas.py", line 66, in handle
    executor.run_migrations(tenants=[self.PUBLIC_SCHEMA_NAME])
    ~~~~~~~~~~~~~~~~~~~~~~~^^^^^^^^^^^^^^^^^^^^^^^^^^^^^^^^^^^
  File "/home/rcosta00/dev/SmartQuotation/backend/.venv/lib/python3.13/site-packages/django_tenants/migration_executors/standard.py", line 11, in run_migrations
    run_migrations(self.args, self.options, self.codename, self.PUBLIC_SCHEMA_NAME)
    ~~~~~~~~~~~~~~^^^^^^^^^^^^^^^^^^^^^^^^^^^^^^^^^^^^^^^^^^^^^^^^^^^^^^^^^^^^^^^^^
  File "/home/rcosta00/dev/SmartQuotation/backend/.venv/lib/python3.13/site-packages/django_tenants/migration_executors/base.py", line 51, in run_migrations
    migration_recorder.ensure_schema()
    ~~~~~~~~~~~~~~~~~~~~~~~~~~~~~~~~^^
  File "/home/rcosta00/dev/SmartQuotation/backend/.venv/lib/python3.13/site-packages/django/db/migrations/recorder.py", line 73, in ensure_schema
    if self.has_table():
       ~~~~~~~~~~~~~~^^
  File "/home/rcosta00/dev/SmartQuotation/backend/.venv/lib/python3.13/site-packages/django/db/migrations/recorder.py", line 63, in has_table
    with self.connection.cursor() as cursor:
         ~~~~~~~~~~~~~~~~~~~~~~^^
  File "/home/rcosta00/dev/SmartQuotation/backend/.venv/lib/python3.13/site-packages/django/utils/asyncio.py", line 26, in inner
    return func(*args, **kwargs)
  File "/home/rcosta00/dev/SmartQuotation/backend/.venv/lib/python3.13/site-packages/django/db/backends/base/base.py", line 320, in cursor
    return self._cursor()
           ~~~~~~~~~~~~^^
  File "/home/rcosta00/dev/SmartQuotation/backend/.venv/lib/python3.13/site-packages/django_tenants/postgresql_backend/base.py", line 144, in _cursor
    cursor = super()._cursor()
  File "/home/rcosta00/dev/SmartQuotation/backend/.venv/lib/python3.13/site-packages/django/db/backends/base/base.py", line 297, in _cursor
    with self.wrap_database_errors:
         ^^^^^^^^^^^^^^^^^^^^^^^^^
  File "/home/rcosta00/dev/SmartQuotation/backend/.venv/lib/python3.13/site-packages/django/db/utils.py", line 91, in __exit__
    raise dj_exc_value.with_traceback(traceback) from exc_value
  File "/home/rcosta00/dev/SmartQuotation/backend/.venv/lib/python3.13/site-packages/django/db/backends/base/base.py", line 298, in _cursor
    return self._prepare_cursor(self.create_cursor(name))
                                ~~~~~~~~~~~~~~~~~~^^^^^^
  File "/home/rcosta00/dev/SmartQuotation/backend/.venv/lib/python3.13/site-packages/django/utils/asyncio.py", line 26, in inner
    return func(*args, **kwargs)
  File "/home/rcosta00/dev/SmartQuotation/backend/.venv/lib/python3.13/site-packages/django/db/backends/postgresql/base.py", line 429, in create_cursor
    cursor = self.connection.cursor()
django.db.utils.InterfaceError: connection already closed

======================================================================
ERROR: setUpClass (apps.quotations.tests.PricingBasisTests)
----------------------------------------------------------------------
Traceback (most recent call last):
  File "/home/rcosta00/dev/SmartQuotation/backend/.venv/lib/python3.13/site-packages/django/db/backends/base/base.py", line 298, in _cursor
    return self._prepare_cursor(self.create_cursor(name))
                                ~~~~~~~~~~~~~~~~~~^^^^^^
  File "/home/rcosta00/dev/SmartQuotation/backend/.venv/lib/python3.13/site-packages/django/utils/asyncio.py", line 26, in inner
    return func(*args, **kwargs)
  File "/home/rcosta00/dev/SmartQuotation/backend/.venv/lib/python3.13/site-packages/django/db/backends/postgresql/base.py", line 429, in create_cursor
    cursor = self.connection.cursor()
psycopg2.InterfaceError: connection already closed

The above exception was the direct cause of the following exception:

Traceback (most recent call last):
  File "/home/rcosta00/dev/SmartQuotation/backend/.venv/lib/python3.13/site-packages/django_tenants/test/cases.py", line 34, in setUpClass
    cls.sync_shared()
    ~~~~~~~~~~~~~~~^^
  File "/home/rcosta00/dev/SmartQuotation/backend/.venv/lib/python3.13/site-packages/django_tenants/test/cases.py", line 76, in sync_shared
    call_command('migrate_schemas',
    ~~~~~~~~~~~~^^^^^^^^^^^^^^^^^^^
                 schema_name=get_public_schema_name(),
                 ^^^^^^^^^^^^^^^^^^^^^^^^^^^^^^^^^^^^^
                 interactive=False,
                 ^^^^^^^^^^^^^^^^^^
                 verbosity=0)
                 ^^^^^^^^^^^^
  File "/home/rcosta00/dev/SmartQuotation/backend/.venv/lib/python3.13/site-packages/django/core/management/__init__.py", line 194, in call_command
    return command.execute(*args, **defaults)
           ~~~~~~~~~~~~~~~^^^^^^^^^^^^^^^^^^^
  File "/home/rcosta00/dev/SmartQuotation/backend/.venv/lib/python3.13/site-packages/django/core/management/base.py", line 460, in execute
    output = self.handle(*args, **options)
  File "/home/rcosta00/dev/SmartQuotation/backend/.venv/lib/python3.13/site-packages/django_tenants/management/commands/migrate_schemas.py", line 66, in handle
    executor.run_migrations(tenants=[self.PUBLIC_SCHEMA_NAME])
    ~~~~~~~~~~~~~~~~~~~~~~~^^^^^^^^^^^^^^^^^^^^^^^^^^^^^^^^^^^
  File "/home/rcosta00/dev/SmartQuotation/backend/.venv/lib/python3.13/site-packages/django_tenants/migration_executors/standard.py", line 11, in run_migrations
    run_migrations(self.args, self.options, self.codename, self.PUBLIC_SCHEMA_NAME)
    ~~~~~~~~~~~~~~^^^^^^^^^^^^^^^^^^^^^^^^^^^^^^^^^^^^^^^^^^^^^^^^^^^^^^^^^^^^^^^^^
  File "/home/rcosta00/dev/SmartQuotation/backend/.venv/lib/python3.13/site-packages/django_tenants/migration_executors/base.py", line 51, in run_migrations
    migration_recorder.ensure_schema()
    ~~~~~~~~~~~~~~~~~~~~~~~~~~~~~~~~^^
  File "/home/rcosta00/dev/SmartQuotation/backend/.venv/lib/python3.13/site-packages/django/db/migrations/recorder.py", line 73, in ensure_schema
    if self.has_table():
       ~~~~~~~~~~~~~~^^
  File "/home/rcosta00/dev/SmartQuotation/backend/.venv/lib/python3.13/site-packages/django/db/migrations/recorder.py", line 63, in has_table
    with self.connection.cursor() as cursor:
         ~~~~~~~~~~~~~~~~~~~~~~^^
  File "/home/rcosta00/dev/SmartQuotation/backend/.venv/lib/python3.13/site-packages/django/utils/asyncio.py", line 26, in inner
    return func(*args, **kwargs)
  File "/home/rcosta00/dev/SmartQuotation/backend/.venv/lib/python3.13/site-packages/django/db/backends/base/base.py", line 320, in cursor
    return self._cursor()
           ~~~~~~~~~~~~^^
  File "/home/rcosta00/dev/SmartQuotation/backend/.venv/lib/python3.13/site-packages/django_tenants/postgresql_backend/base.py", line 144, in _cursor
    cursor = super()._cursor()
  File "/home/rcosta00/dev/SmartQuotation/backend/.venv/lib/python3.13/site-packages/django/db/backends/base/base.py", line 297, in _cursor
    with self.wrap_database_errors:
         ^^^^^^^^^^^^^^^^^^^^^^^^^
  File "/home/rcosta00/dev/SmartQuotation/backend/.venv/lib/python3.13/site-packages/django/db/utils.py", line 91, in __exit__
    raise dj_exc_value.with_traceback(traceback) from exc_value
  File "/home/rcosta00/dev/SmartQuotation/backend/.venv/lib/python3.13/site-packages/django/db/backends/base/base.py", line 298, in _cursor
    return self._prepare_cursor(self.create_cursor(name))
                                ~~~~~~~~~~~~~~~~~~^^^^^^
  File "/home/rcosta00/dev/SmartQuotation/backend/.venv/lib/python3.13/site-packages/django/utils/asyncio.py", line 26, in inner
    return func(*args, **kwargs)
  File "/home/rcosta00/dev/SmartQuotation/backend/.venv/lib/python3.13/site-packages/django/db/backends/postgresql/base.py", line 429, in create_cursor
    cursor = self.connection.cursor()
django.db.utils.InterfaceError: connection already closed

======================================================================
ERROR: setUpClass (apps.quotations.tests.QuotationEntryFlowTests)
----------------------------------------------------------------------
Traceback (most recent call last):
  File "/home/rcosta00/dev/SmartQuotation/backend/.venv/lib/python3.13/site-packages/django/db/backends/base/base.py", line 298, in _cursor
    return self._prepare_cursor(self.create_cursor(name))
                                ~~~~~~~~~~~~~~~~~~^^^^^^
  File "/home/rcosta00/dev/SmartQuotation/backend/.venv/lib/python3.13/site-packages/django/utils/asyncio.py", line 26, in inner
    return func(*args, **kwargs)
  File "/home/rcosta00/dev/SmartQuotation/backend/.venv/lib/python3.13/site-packages/django/db/backends/postgresql/base.py", line 429, in create_cursor
    cursor = self.connection.cursor()
psycopg2.InterfaceError: connection already closed

The above exception was the direct cause of the following exception:

Traceback (most recent call last):
  File "/home/rcosta00/dev/SmartQuotation/backend/.venv/lib/python3.13/site-packages/django_tenants/test/cases.py", line 34, in setUpClass
    cls.sync_shared()
    ~~~~~~~~~~~~~~~^^
  File "/home/rcosta00/dev/SmartQuotation/backend/.venv/lib/python3.13/site-packages/django_tenants/test/cases.py", line 76, in sync_shared
    call_command('migrate_schemas',
    ~~~~~~~~~~~~^^^^^^^^^^^^^^^^^^^
                 schema_name=get_public_schema_name(),
                 ^^^^^^^^^^^^^^^^^^^^^^^^^^^^^^^^^^^^^
                 interactive=False,
                 ^^^^^^^^^^^^^^^^^^
                 verbosity=0)
                 ^^^^^^^^^^^^
  File "/home/rcosta00/dev/SmartQuotation/backend/.venv/lib/python3.13/site-packages/django/core/management/__init__.py", line 194, in call_command
    return command.execute(*args, **defaults)
           ~~~~~~~~~~~~~~~^^^^^^^^^^^^^^^^^^^
  File "/home/rcosta00/dev/SmartQuotation/backend/.venv/lib/python3.13/site-packages/django/core/management/base.py", line 460, in execute
    output = self.handle(*args, **options)
  File "/home/rcosta00/dev/SmartQuotation/backend/.venv/lib/python3.13/site-packages/django_tenants/management/commands/migrate_schemas.py", line 66, in handle
    executor.run_migrations(tenants=[self.PUBLIC_SCHEMA_NAME])
    ~~~~~~~~~~~~~~~~~~~~~~~^^^^^^^^^^^^^^^^^^^^^^^^^^^^^^^^^^^
  File "/home/rcosta00/dev/SmartQuotation/backend/.venv/lib/python3.13/site-packages/django_tenants/migration_executors/standard.py", line 11, in run_migrations
    run_migrations(self.args, self.options, self.codename, self.PUBLIC_SCHEMA_NAME)
    ~~~~~~~~~~~~~~^^^^^^^^^^^^^^^^^^^^^^^^^^^^^^^^^^^^^^^^^^^^^^^^^^^^^^^^^^^^^^^^^
  File "/home/rcosta00/dev/SmartQuotation/backend/.venv/lib/python3.13/site-packages/django_tenants/migration_executors/base.py", line 51, in run_migrations
    migration_recorder.ensure_schema()
    ~~~~~~~~~~~~~~~~~~~~~~~~~~~~~~~~^^
  File "/home/rcosta00/dev/SmartQuotation/backend/.venv/lib/python3.13/site-packages/django/db/migrations/recorder.py", line 73, in ensure_schema
    if self.has_table():
       ~~~~~~~~~~~~~~^^
  File "/home/rcosta00/dev/SmartQuotation/backend/.venv/lib/python3.13/site-packages/django/db/migrations/recorder.py", line 63, in has_table
    with self.connection.cursor() as cursor:
         ~~~~~~~~~~~~~~~~~~~~~~^^
  File "/home/rcosta00/dev/SmartQuotation/backend/.venv/lib/python3.13/site-packages/django/utils/asyncio.py", line 26, in inner
    return func(*args, **kwargs)
  File "/home/rcosta00/dev/SmartQuotation/backend/.venv/lib/python3.13/site-packages/django/db/backends/base/base.py", line 320, in cursor
    return self._cursor()
           ~~~~~~~~~~~~^^
  File "/home/rcosta00/dev/SmartQuotation/backend/.venv/lib/python3.13/site-packages/django_tenants/postgresql_backend/base.py", line 144, in _cursor
    cursor = super()._cursor()
  File "/home/rcosta00/dev/SmartQuotation/backend/.venv/lib/python3.13/site-packages/django/db/backends/base/base.py", line 297, in _cursor
    with self.wrap_database_errors:
         ^^^^^^^^^^^^^^^^^^^^^^^^^
  File "/home/rcosta00/dev/SmartQuotation/backend/.venv/lib/python3.13/site-packages/django/db/utils.py", line 91, in __exit__
    raise dj_exc_value.with_traceback(traceback) from exc_value
  File "/home/rcosta00/dev/SmartQuotation/backend/.venv/lib/python3.13/site-packages/django/db/backends/base/base.py", line 298, in _cursor
    return self._prepare_cursor(self.create_cursor(name))
                                ~~~~~~~~~~~~~~~~~~^^^^^^
  File "/home/rcosta00/dev/SmartQuotation/backend/.venv/lib/python3.13/site-packages/django/utils/asyncio.py", line 26, in inner
    return func(*args, **kwargs)
  File "/home/rcosta00/dev/SmartQuotation/backend/.venv/lib/python3.13/site-packages/django/db/backends/postgresql/base.py", line 429, in create_cursor
    cursor = self.connection.cursor()
django.db.utils.InterfaceError: connection already closed

======================================================================
ERROR: setUpClass (apps.quotations.tests.QuotationPartTests)
----------------------------------------------------------------------
Traceback (most recent call last):
  File "/home/rcosta00/dev/SmartQuotation/backend/.venv/lib/python3.13/site-packages/django/db/backends/base/base.py", line 298, in _cursor
    return self._prepare_cursor(self.create_cursor(name))
                                ~~~~~~~~~~~~~~~~~~^^^^^^
  File "/home/rcosta00/dev/SmartQuotation/backend/.venv/lib/python3.13/site-packages/django/utils/asyncio.py", line 26, in inner
    return func(*args, **kwargs)
  File "/home/rcosta00/dev/SmartQuotation/backend/.venv/lib/python3.13/site-packages/django/db/backends/postgresql/base.py", line 429, in create_cursor
    cursor = self.connection.cursor()
psycopg2.InterfaceError: connection already closed

The above exception was the direct cause of the following exception:

Traceback (most recent call last):
  File "/home/rcosta00/dev/SmartQuotation/backend/.venv/lib/python3.13/site-packages/django_tenants/test/cases.py", line 34, in setUpClass
    cls.sync_shared()
    ~~~~~~~~~~~~~~~^^
  File "/home/rcosta00/dev/SmartQuotation/backend/.venv/lib/python3.13/site-packages/django_tenants/test/cases.py", line 76, in sync_shared
    call_command('migrate_schemas',
    ~~~~~~~~~~~~^^^^^^^^^^^^^^^^^^^
                 schema_name=get_public_schema_name(),
                 ^^^^^^^^^^^^^^^^^^^^^^^^^^^^^^^^^^^^^
                 interactive=False,
                 ^^^^^^^^^^^^^^^^^^
                 verbosity=0)
                 ^^^^^^^^^^^^
  File "/home/rcosta00/dev/SmartQuotation/backend/.venv/lib/python3.13/site-packages/django/core/management/__init__.py", line 194, in call_command
    return command.execute(*args, **defaults)
           ~~~~~~~~~~~~~~~^^^^^^^^^^^^^^^^^^^
  File "/home/rcosta00/dev/SmartQuotation/backend/.venv/lib/python3.13/site-packages/django/core/management/base.py", line 460, in execute
    output = self.handle(*args, **options)
  File "/home/rcosta00/dev/SmartQuotation/backend/.venv/lib/python3.13/site-packages/django_tenants/management/commands/migrate_schemas.py", line 66, in handle
    executor.run_migrations(tenants=[self.PUBLIC_SCHEMA_NAME])
    ~~~~~~~~~~~~~~~~~~~~~~~^^^^^^^^^^^^^^^^^^^^^^^^^^^^^^^^^^^
  File "/home/rcosta00/dev/SmartQuotation/backend/.venv/lib/python3.13/site-packages/django_tenants/migration_executors/standard.py", line 11, in run_migrations
    run_migrations(self.args, self.options, self.codename, self.PUBLIC_SCHEMA_NAME)
    ~~~~~~~~~~~~~~^^^^^^^^^^^^^^^^^^^^^^^^^^^^^^^^^^^^^^^^^^^^^^^^^^^^^^^^^^^^^^^^^
  File "/home/rcosta00/dev/SmartQuotation/backend/.venv/lib/python3.13/site-packages/django_tenants/migration_executors/base.py", line 51, in run_migrations
    migration_recorder.ensure_schema()
    ~~~~~~~~~~~~~~~~~~~~~~~~~~~~~~~~^^
  File "/home/rcosta00/dev/SmartQuotation/backend/.venv/lib/python3.13/site-packages/django/db/migrations/recorder.py", line 73, in ensure_schema
    if self.has_table():
       ~~~~~~~~~~~~~~^^
  File "/home/rcosta00/dev/SmartQuotation/backend/.venv/lib/python3.13/site-packages/django/db/migrations/recorder.py", line 63, in has_table
    with self.connection.cursor() as cursor:
         ~~~~~~~~~~~~~~~~~~~~~~^^
  File "/home/rcosta00/dev/SmartQuotation/backend/.venv/lib/python3.13/site-packages/django/utils/asyncio.py", line 26, in inner
    return func(*args, **kwargs)
  File "/home/rcosta00/dev/SmartQuotation/backend/.venv/lib/python3.13/site-packages/django/db/backends/base/base.py", line 320, in cursor
    return self._cursor()
           ~~~~~~~~~~~~^^
  File "/home/rcosta00/dev/SmartQuotation/backend/.venv/lib/python3.13/site-packages/django_tenants/postgresql_backend/base.py", line 144, in _cursor
    cursor = super()._cursor()
  File "/home/rcosta00/dev/SmartQuotation/backend/.venv/lib/python3.13/site-packages/django/db/backends/base/base.py", line 297, in _cursor
    with self.wrap_database_errors:
         ^^^^^^^^^^^^^^^^^^^^^^^^^
  File "/home/rcosta00/dev/SmartQuotation/backend/.venv/lib/python3.13/site-packages/django/db/utils.py", line 91, in __exit__
    raise dj_exc_value.with_traceback(traceback) from exc_value
  File "/home/rcosta00/dev/SmartQuotation/backend/.venv/lib/python3.13/site-packages/django/db/backends/base/base.py", line 298, in _cursor
    return self._prepare_cursor(self.create_cursor(name))
                                ~~~~~~~~~~~~~~~~~~^^^^^^
  File "/home/rcosta00/dev/SmartQuotation/backend/.venv/lib/python3.13/site-packages/django/utils/asyncio.py", line 26, in inner
    return func(*args, **kwargs)
  File "/home/rcosta00/dev/SmartQuotation/backend/.venv/lib/python3.13/site-packages/django/db/backends/postgresql/base.py", line 429, in create_cursor
    cursor = self.connection.cursor()
django.db.utils.InterfaceError: connection already closed

======================================================================
ERROR: setUpClass (apps.quotations.tests.QuotationRBACTests)
----------------------------------------------------------------------
Traceback (most recent call last):
  File "/home/rcosta00/dev/SmartQuotation/backend/.venv/lib/python3.13/site-packages/django/db/backends/base/base.py", line 298, in _cursor
    return self._prepare_cursor(self.create_cursor(name))
                                ~~~~~~~~~~~~~~~~~~^^^^^^
  File "/home/rcosta00/dev/SmartQuotation/backend/.venv/lib/python3.13/site-packages/django/utils/asyncio.py", line 26, in inner
    return func(*args, **kwargs)
  File "/home/rcosta00/dev/SmartQuotation/backend/.venv/lib/python3.13/site-packages/django/db/backends/postgresql/base.py", line 429, in create_cursor
    cursor = self.connection.cursor()
psycopg2.InterfaceError: connection already closed

The above exception was the direct cause of the following exception:

Traceback (most recent call last):
  File "/home/rcosta00/dev/SmartQuotation/backend/.venv/lib/python3.13/site-packages/django_tenants/test/cases.py", line 34, in setUpClass
    cls.sync_shared()
    ~~~~~~~~~~~~~~~^^
  File "/home/rcosta00/dev/SmartQuotation/backend/.venv/lib/python3.13/site-packages/django_tenants/test/cases.py", line 76, in sync_shared
    call_command('migrate_schemas',
    ~~~~~~~~~~~~^^^^^^^^^^^^^^^^^^^
                 schema_name=get_public_schema_name(),
                 ^^^^^^^^^^^^^^^^^^^^^^^^^^^^^^^^^^^^^
                 interactive=False,
                 ^^^^^^^^^^^^^^^^^^
                 verbosity=0)
                 ^^^^^^^^^^^^
  File "/home/rcosta00/dev/SmartQuotation/backend/.venv/lib/python3.13/site-packages/django/core/management/__init__.py", line 194, in call_command
    return command.execute(*args, **defaults)
           ~~~~~~~~~~~~~~~^^^^^^^^^^^^^^^^^^^
  File "/home/rcosta00/dev/SmartQuotation/backend/.venv/lib/python3.13/site-packages/django/core/management/base.py", line 460, in execute
    output = self.handle(*args, **options)
  File "/home/rcosta00/dev/SmartQuotation/backend/.venv/lib/python3.13/site-packages/django_tenants/management/commands/migrate_schemas.py", line 66, in handle
    executor.run_migrations(tenants=[self.PUBLIC_SCHEMA_NAME])
    ~~~~~~~~~~~~~~~~~~~~~~~^^^^^^^^^^^^^^^^^^^^^^^^^^^^^^^^^^^
  File "/home/rcosta00/dev/SmartQuotation/backend/.venv/lib/python3.13/site-packages/django_tenants/migration_executors/standard.py", line 11, in run_migrations
    run_migrations(self.args, self.options, self.codename, self.PUBLIC_SCHEMA_NAME)
    ~~~~~~~~~~~~~~^^^^^^^^^^^^^^^^^^^^^^^^^^^^^^^^^^^^^^^^^^^^^^^^^^^^^^^^^^^^^^^^^
  File "/home/rcosta00/dev/SmartQuotation/backend/.venv/lib/python3.13/site-packages/django_tenants/migration_executors/base.py", line 51, in run_migrations
    migration_recorder.ensure_schema()
    ~~~~~~~~~~~~~~~~~~~~~~~~~~~~~~~~^^
  File "/home/rcosta00/dev/SmartQuotation/backend/.venv/lib/python3.13/site-packages/django/db/migrations/recorder.py", line 73, in ensure_schema
    if self.has_table():
       ~~~~~~~~~~~~~~^^
  File "/home/rcosta00/dev/SmartQuotation/backend/.venv/lib/python3.13/site-packages/django/db/migrations/recorder.py", line 63, in has_table
    with self.connection.cursor() as cursor:
         ~~~~~~~~~~~~~~~~~~~~~~^^
  File "/home/rcosta00/dev/SmartQuotation/backend/.venv/lib/python3.13/site-packages/django/utils/asyncio.py", line 26, in inner
    return func(*args, **kwargs)
  File "/home/rcosta00/dev/SmartQuotation/backend/.venv/lib/python3.13/site-packages/django/db/backends/base/base.py", line 320, in cursor
    return self._cursor()
           ~~~~~~~~~~~~^^
  File "/home/rcosta00/dev/SmartQuotation/backend/.venv/lib/python3.13/site-packages/django_tenants/postgresql_backend/base.py", line 144, in _cursor
    cursor = super()._cursor()
  File "/home/rcosta00/dev/SmartQuotation/backend/.venv/lib/python3.13/site-packages/django/db/backends/base/base.py", line 297, in _cursor
    with self.wrap_database_errors:
         ^^^^^^^^^^^^^^^^^^^^^^^^^
  File "/home/rcosta00/dev/SmartQuotation/backend/.venv/lib/python3.13/site-packages/django/db/utils.py", line 91, in __exit__
    raise dj_exc_value.with_traceback(traceback) from exc_value
  File "/home/rcosta00/dev/SmartQuotation/backend/.venv/lib/python3.13/site-packages/django/db/backends/base/base.py", line 298, in _cursor
    return self._prepare_cursor(self.create_cursor(name))
                                ~~~~~~~~~~~~~~~~~~^^^^^^
  File "/home/rcosta00/dev/SmartQuotation/backend/.venv/lib/python3.13/site-packages/django/utils/asyncio.py", line 26, in inner
    return func(*args, **kwargs)
  File "/home/rcosta00/dev/SmartQuotation/backend/.venv/lib/python3.13/site-packages/django/db/backends/postgresql/base.py", line 429, in create_cursor
    cursor = self.connection.cursor()
django.db.utils.InterfaceError: connection already closed

======================================================================
ERROR: setUpClass (apps.quotations.tests.QuotationSetStatusTests)
----------------------------------------------------------------------
Traceback (most recent call last):
  File "/home/rcosta00/dev/SmartQuotation/backend/.venv/lib/python3.13/site-packages/django/db/backends/base/base.py", line 298, in _cursor
    return self._prepare_cursor(self.create_cursor(name))
                                ~~~~~~~~~~~~~~~~~~^^^^^^
  File "/home/rcosta00/dev/SmartQuotation/backend/.venv/lib/python3.13/site-packages/django/utils/asyncio.py", line 26, in inner
    return func(*args, **kwargs)
  File "/home/rcosta00/dev/SmartQuotation/backend/.venv/lib/python3.13/site-packages/django/db/backends/postgresql/base.py", line 429, in create_cursor
    cursor = self.connection.cursor()
psycopg2.InterfaceError: connection already closed

The above exception was the direct cause of the following exception:

Traceback (most recent call last):
  File "/home/rcosta00/dev/SmartQuotation/backend/.venv/lib/python3.13/site-packages/django_tenants/test/cases.py", line 34, in setUpClass
    cls.sync_shared()
    ~~~~~~~~~~~~~~~^^
  File "/home/rcosta00/dev/SmartQuotation/backend/.venv/lib/python3.13/site-packages/django_tenants/test/cases.py", line 76, in sync_shared
    call_command('migrate_schemas',
    ~~~~~~~~~~~~^^^^^^^^^^^^^^^^^^^
                 schema_name=get_public_schema_name(),
                 ^^^^^^^^^^^^^^^^^^^^^^^^^^^^^^^^^^^^^
                 interactive=False,
                 ^^^^^^^^^^^^^^^^^^
                 verbosity=0)
                 ^^^^^^^^^^^^
  File "/home/rcosta00/dev/SmartQuotation/backend/.venv/lib/python3.13/site-packages/django/core/management/__init__.py", line 194, in call_command
    return command.execute(*args, **defaults)
           ~~~~~~~~~~~~~~~^^^^^^^^^^^^^^^^^^^
  File "/home/rcosta00/dev/SmartQuotation/backend/.venv/lib/python3.13/site-packages/django/core/management/base.py", line 460, in execute
    output = self.handle(*args, **options)
  File "/home/rcosta00/dev/SmartQuotation/backend/.venv/lib/python3.13/site-packages/django_tenants/management/commands/migrate_schemas.py", line 66, in handle
    executor.run_migrations(tenants=[self.PUBLIC_SCHEMA_NAME])
    ~~~~~~~~~~~~~~~~~~~~~~~^^^^^^^^^^^^^^^^^^^^^^^^^^^^^^^^^^^
  File "/home/rcosta00/dev/SmartQuotation/backend/.venv/lib/python3.13/site-packages/django_tenants/migration_executors/standard.py", line 11, in run_migrations
    run_migrations(self.args, self.options, self.codename, self.PUBLIC_SCHEMA_NAME)
    ~~~~~~~~~~~~~~^^^^^^^^^^^^^^^^^^^^^^^^^^^^^^^^^^^^^^^^^^^^^^^^^^^^^^^^^^^^^^^^^
  File "/home/rcosta00/dev/SmartQuotation/backend/.venv/lib/python3.13/site-packages/django_tenants/migration_executors/base.py", line 51, in run_migrations
    migration_recorder.ensure_schema()
    ~~~~~~~~~~~~~~~~~~~~~~~~~~~~~~~~^^
  File "/home/rcosta00/dev/SmartQuotation/backend/.venv/lib/python3.13/site-packages/django/db/migrations/recorder.py", line 73, in ensure_schema
    if self.has_table():
       ~~~~~~~~~~~~~~^^
  File "/home/rcosta00/dev/SmartQuotation/backend/.venv/lib/python3.13/site-packages/django/db/migrations/recorder.py", line 63, in has_table
    with self.connection.cursor() as cursor:
         ~~~~~~~~~~~~~~~~~~~~~~^^
  File "/home/rcosta00/dev/SmartQuotation/backend/.venv/lib/python3.13/site-packages/django/utils/asyncio.py", line 26, in inner
    return func(*args, **kwargs)
  File "/home/rcosta00/dev/SmartQuotation/backend/.venv/lib/python3.13/site-packages/django/db/backends/base/base.py", line 320, in cursor
    return self._cursor()
           ~~~~~~~~~~~~^^
  File "/home/rcosta00/dev/SmartQuotation/backend/.venv/lib/python3.13/site-packages/django_tenants/postgresql_backend/base.py", line 144, in _cursor
    cursor = super()._cursor()
  File "/home/rcosta00/dev/SmartQuotation/backend/.venv/lib/python3.13/site-packages/django/db/backends/base/base.py", line 297, in _cursor
    with self.wrap_database_errors:
         ^^^^^^^^^^^^^^^^^^^^^^^^^
  File "/home/rcosta00/dev/SmartQuotation/backend/.venv/lib/python3.13/site-packages/django/db/utils.py", line 91, in __exit__
    raise dj_exc_value.with_traceback(traceback) from exc_value
  File "/home/rcosta00/dev/SmartQuotation/backend/.venv/lib/python3.13/site-packages/django/db/backends/base/base.py", line 298, in _cursor
    return self._prepare_cursor(self.create_cursor(name))
                                ~~~~~~~~~~~~~~~~~~^^^^^^
  File "/home/rcosta00/dev/SmartQuotation/backend/.venv/lib/python3.13/site-packages/django/utils/asyncio.py", line 26, in inner
    return func(*args, **kwargs)
  File "/home/rcosta00/dev/SmartQuotation/backend/.venv/lib/python3.13/site-packages/django/db/backends/postgresql/base.py", line 429, in create_cursor
    cursor = self.connection.cursor()
django.db.utils.InterfaceError: connection already closed

======================================================================
ERROR: setUpClass (apps.quotations.tests.TemaEntryRoutingTests)
----------------------------------------------------------------------
Traceback (most recent call last):
  File "/home/rcosta00/dev/SmartQuotation/backend/.venv/lib/python3.13/site-packages/django/db/backends/base/base.py", line 298, in _cursor
    return self._prepare_cursor(self.create_cursor(name))
                                ~~~~~~~~~~~~~~~~~~^^^^^^
  File "/home/rcosta00/dev/SmartQuotation/backend/.venv/lib/python3.13/site-packages/django/utils/asyncio.py", line 26, in inner
    return func(*args, **kwargs)
  File "/home/rcosta00/dev/SmartQuotation/backend/.venv/lib/python3.13/site-packages/django/db/backends/postgresql/base.py", line 429, in create_cursor
    cursor = self.connection.cursor()
psycopg2.InterfaceError: connection already closed

The above exception was the direct cause of the following exception:

Traceback (most recent call last):
  File "/home/rcosta00/dev/SmartQuotation/backend/.venv/lib/python3.13/site-packages/django_tenants/test/cases.py", line 34, in setUpClass
    cls.sync_shared()
    ~~~~~~~~~~~~~~~^^
  File "/home/rcosta00/dev/SmartQuotation/backend/.venv/lib/python3.13/site-packages/django_tenants/test/cases.py", line 76, in sync_shared
    call_command('migrate_schemas',
    ~~~~~~~~~~~~^^^^^^^^^^^^^^^^^^^
                 schema_name=get_public_schema_name(),
                 ^^^^^^^^^^^^^^^^^^^^^^^^^^^^^^^^^^^^^
                 interactive=False,
                 ^^^^^^^^^^^^^^^^^^
                 verbosity=0)
                 ^^^^^^^^^^^^
  File "/home/rcosta00/dev/SmartQuotation/backend/.venv/lib/python3.13/site-packages/django/core/management/__init__.py", line 194, in call_command
    return command.execute(*args, **defaults)
           ~~~~~~~~~~~~~~~^^^^^^^^^^^^^^^^^^^
  File "/home/rcosta00/dev/SmartQuotation/backend/.venv/lib/python3.13/site-packages/django/core/management/base.py", line 460, in execute
    output = self.handle(*args, **options)
  File "/home/rcosta00/dev/SmartQuotation/backend/.venv/lib/python3.13/site-packages/django_tenants/management/commands/migrate_schemas.py", line 66, in handle
    executor.run_migrations(tenants=[self.PUBLIC_SCHEMA_NAME])
    ~~~~~~~~~~~~~~~~~~~~~~~^^^^^^^^^^^^^^^^^^^^^^^^^^^^^^^^^^^
  File "/home/rcosta00/dev/SmartQuotation/backend/.venv/lib/python3.13/site-packages/django_tenants/migration_executors/standard.py", line 11, in run_migrations
    run_migrations(self.args, self.options, self.codename, self.PUBLIC_SCHEMA_NAME)
    ~~~~~~~~~~~~~~^^^^^^^^^^^^^^^^^^^^^^^^^^^^^^^^^^^^^^^^^^^^^^^^^^^^^^^^^^^^^^^^^
  File "/home/rcosta00/dev/SmartQuotation/backend/.venv/lib/python3.13/site-packages/django_tenants/migration_executors/base.py", line 51, in run_migrations
    migration_recorder.ensure_schema()
    ~~~~~~~~~~~~~~~~~~~~~~~~~~~~~~~~^^
  File "/home/rcosta00/dev/SmartQuotation/backend/.venv/lib/python3.13/site-packages/django/db/migrations/recorder.py", line 73, in ensure_schema
    if self.has_table():
       ~~~~~~~~~~~~~~^^
  File "/home/rcosta00/dev/SmartQuotation/backend/.venv/lib/python3.13/site-packages/django/db/migrations/recorder.py", line 63, in has_table
    with self.connection.cursor() as cursor:
         ~~~~~~~~~~~~~~~~~~~~~~^^
  File "/home/rcosta00/dev/SmartQuotation/backend/.venv/lib/python3.13/site-packages/django/utils/asyncio.py", line 26, in inner
    return func(*args, **kwargs)
  File "/home/rcosta00/dev/SmartQuotation/backend/.venv/lib/python3.13/site-packages/django/db/backends/base/base.py", line 320, in cursor
    return self._cursor()
           ~~~~~~~~~~~~^^
  File "/home/rcosta00/dev/SmartQuotation/backend/.venv/lib/python3.13/site-packages/django_tenants/postgresql_backend/base.py", line 144, in _cursor
    cursor = super()._cursor()
  File "/home/rcosta00/dev/SmartQuotation/backend/.venv/lib/python3.13/site-packages/django/db/backends/base/base.py", line 297, in _cursor
    with self.wrap_database_errors:
         ^^^^^^^^^^^^^^^^^^^^^^^^^
  File "/home/rcosta00/dev/SmartQuotation/backend/.venv/lib/python3.13/site-packages/django/db/utils.py", line 91, in __exit__
    raise dj_exc_value.with_traceback(traceback) from exc_value
  File "/home/rcosta00/dev/SmartQuotation/backend/.venv/lib/python3.13/site-packages/django/db/backends/base/base.py", line 298, in _cursor
    return self._prepare_cursor(self.create_cursor(name))
                                ~~~~~~~~~~~~~~~~~~^^^^^^
  File "/home/rcosta00/dev/SmartQuotation/backend/.venv/lib/python3.13/site-packages/django/utils/asyncio.py", line 26, in inner
    return func(*args, **kwargs)
  File "/home/rcosta00/dev/SmartQuotation/backend/.venv/lib/python3.13/site-packages/django/db/backends/postgresql/base.py", line 429, in create_cursor
    cursor = self.connection.cursor()
django.db.utils.InterfaceError: connection already closed

======================================================================
ERROR: setUpClass (apps.quotations.tests_eap_guardrail.EapGuardRailTests)
----------------------------------------------------------------------
Traceback (most recent call last):
  File "/home/rcosta00/dev/SmartQuotation/backend/.venv/lib/python3.13/site-packages/django/db/backends/base/base.py", line 298, in _cursor
    return self._prepare_cursor(self.create_cursor(name))
                                ~~~~~~~~~~~~~~~~~~^^^^^^
  File "/home/rcosta00/dev/SmartQuotation/backend/.venv/lib/python3.13/site-packages/django/utils/asyncio.py", line 26, in inner
    return func(*args, **kwargs)
  File "/home/rcosta00/dev/SmartQuotation/backend/.venv/lib/python3.13/site-packages/django/db/backends/postgresql/base.py", line 429, in create_cursor
    cursor = self.connection.cursor()
psycopg2.InterfaceError: connection already closed

The above exception was the direct cause of the following exception:

Traceback (most recent call last):
  File "/home/rcosta00/dev/SmartQuotation/backend/.venv/lib/python3.13/site-packages/django_tenants/test/cases.py", line 34, in setUpClass
    cls.sync_shared()
    ~~~~~~~~~~~~~~~^^
  File "/home/rcosta00/dev/SmartQuotation/backend/.venv/lib/python3.13/site-packages/django_tenants/test/cases.py", line 76, in sync_shared
    call_command('migrate_schemas',
    ~~~~~~~~~~~~^^^^^^^^^^^^^^^^^^^
                 schema_name=get_public_schema_name(),
                 ^^^^^^^^^^^^^^^^^^^^^^^^^^^^^^^^^^^^^
                 interactive=False,
                 ^^^^^^^^^^^^^^^^^^
                 verbosity=0)
                 ^^^^^^^^^^^^
  File "/home/rcosta00/dev/SmartQuotation/backend/.venv/lib/python3.13/site-packages/django/core/management/__init__.py", line 194, in call_command
    return command.execute(*args, **defaults)
           ~~~~~~~~~~~~~~~^^^^^^^^^^^^^^^^^^^
  File "/home/rcosta00/dev/SmartQuotation/backend/.venv/lib/python3.13/site-packages/django/core/management/base.py", line 460, in execute
    output = self.handle(*args, **options)
  File "/home/rcosta00/dev/SmartQuotation/backend/.venv/lib/python3.13/site-packages/django_tenants/management/commands/migrate_schemas.py", line 66, in handle
    executor.run_migrations(tenants=[self.PUBLIC_SCHEMA_NAME])
    ~~~~~~~~~~~~~~~~~~~~~~~^^^^^^^^^^^^^^^^^^^^^^^^^^^^^^^^^^^
  File "/home/rcosta00/dev/SmartQuotation/backend/.venv/lib/python3.13/site-packages/django_tenants/migration_executors/standard.py", line 11, in run_migrations
    run_migrations(self.args, self.options, self.codename, self.PUBLIC_SCHEMA_NAME)
    ~~~~~~~~~~~~~~^^^^^^^^^^^^^^^^^^^^^^^^^^^^^^^^^^^^^^^^^^^^^^^^^^^^^^^^^^^^^^^^^
  File "/home/rcosta00/dev/SmartQuotation/backend/.venv/lib/python3.13/site-packages/django_tenants/migration_executors/base.py", line 51, in run_migrations
    migration_recorder.ensure_schema()
    ~~~~~~~~~~~~~~~~~~~~~~~~~~~~~~~~^^
  File "/home/rcosta00/dev/SmartQuotation/backend/.venv/lib/python3.13/site-packages/django/db/migrations/recorder.py", line 73, in ensure_schema
    if self.has_table():
       ~~~~~~~~~~~~~~^^
  File "/home/rcosta00/dev/SmartQuotation/backend/.venv/lib/python3.13/site-packages/django/db/migrations/recorder.py", line 63, in has_table
    with self.connection.cursor() as cursor:
         ~~~~~~~~~~~~~~~~~~~~~~^^
  File "/home/rcosta00/dev/SmartQuotation/backend/.venv/lib/python3.13/site-packages/django/utils/asyncio.py", line 26, in inner
    return func(*args, **kwargs)
  File "/home/rcosta00/dev/SmartQuotation/backend/.venv/lib/python3.13/site-packages/django/db/backends/base/base.py", line 320, in cursor
    return self._cursor()
           ~~~~~~~~~~~~^^
  File "/home/rcosta00/dev/SmartQuotation/backend/.venv/lib/python3.13/site-packages/django_tenants/postgresql_backend/base.py", line 144, in _cursor
    cursor = super()._cursor()
  File "/home/rcosta00/dev/SmartQuotation/backend/.venv/lib/python3.13/site-packages/django/db/backends/base/base.py", line 297, in _cursor
    with self.wrap_database_errors:
         ^^^^^^^^^^^^^^^^^^^^^^^^^
  File "/home/rcosta00/dev/SmartQuotation/backend/.venv/lib/python3.13/site-packages/django/db/utils.py", line 91, in __exit__
    raise dj_exc_value.with_traceback(traceback) from exc_value
  File "/home/rcosta00/dev/SmartQuotation/backend/.venv/lib/python3.13/site-packages/django/db/backends/base/base.py", line 298, in _cursor
    return self._prepare_cursor(self.create_cursor(name))
                                ~~~~~~~~~~~~~~~~~~^^^^^^
  File "/home/rcosta00/dev/SmartQuotation/backend/.venv/lib/python3.13/site-packages/django/utils/asyncio.py", line 26, in inner
    return func(*args, **kwargs)
  File "/home/rcosta00/dev/SmartQuotation/backend/.venv/lib/python3.13/site-packages/django/db/backends/postgresql/base.py", line 429, in create_cursor
    cursor = self.connection.cursor()
django.db.utils.InterfaceError: connection already closed

======================================================================
ERROR: setUpClass (apps.tema_templates.tests.AsmeDataDrivenTests)
----------------------------------------------------------------------
Traceback (most recent call last):
  File "/home/rcosta00/dev/SmartQuotation/backend/.venv/lib/python3.13/site-packages/django/db/backends/base/base.py", line 298, in _cursor
    return self._prepare_cursor(self.create_cursor(name))
                                ~~~~~~~~~~~~~~~~~~^^^^^^
  File "/home/rcosta00/dev/SmartQuotation/backend/.venv/lib/python3.13/site-packages/django/utils/asyncio.py", line 26, in inner
    return func(*args, **kwargs)
  File "/home/rcosta00/dev/SmartQuotation/backend/.venv/lib/python3.13/site-packages/django/db/backends/postgresql/base.py", line 429, in create_cursor
    cursor = self.connection.cursor()
psycopg2.InterfaceError: connection already closed

The above exception was the direct cause of the following exception:

Traceback (most recent call last):
  File "/home/rcosta00/dev/SmartQuotation/backend/.venv/lib/python3.13/site-packages/django_tenants/test/cases.py", line 34, in setUpClass
    cls.sync_shared()
    ~~~~~~~~~~~~~~~^^
  File "/home/rcosta00/dev/SmartQuotation/backend/.venv/lib/python3.13/site-packages/django_tenants/test/cases.py", line 76, in sync_shared
    call_command('migrate_schemas',
    ~~~~~~~~~~~~^^^^^^^^^^^^^^^^^^^
                 schema_name=get_public_schema_name(),
                 ^^^^^^^^^^^^^^^^^^^^^^^^^^^^^^^^^^^^^
                 interactive=False,
                 ^^^^^^^^^^^^^^^^^^
                 verbosity=0)
                 ^^^^^^^^^^^^
  File "/home/rcosta00/dev/SmartQuotation/backend/.venv/lib/python3.13/site-packages/django/core/management/__init__.py", line 194, in call_command
    return command.execute(*args, **defaults)
           ~~~~~~~~~~~~~~~^^^^^^^^^^^^^^^^^^^
  File "/home/rcosta00/dev/SmartQuotation/backend/.venv/lib/python3.13/site-packages/django/core/management/base.py", line 460, in execute
    output = self.handle(*args, **options)
  File "/home/rcosta00/dev/SmartQuotation/backend/.venv/lib/python3.13/site-packages/django_tenants/management/commands/migrate_schemas.py", line 66, in handle
    executor.run_migrations(tenants=[self.PUBLIC_SCHEMA_NAME])
    ~~~~~~~~~~~~~~~~~~~~~~~^^^^^^^^^^^^^^^^^^^^^^^^^^^^^^^^^^^
  File "/home/rcosta00/dev/SmartQuotation/backend/.venv/lib/python3.13/site-packages/django_tenants/migration_executors/standard.py", line 11, in run_migrations
    run_migrations(self.args, self.options, self.codename, self.PUBLIC_SCHEMA_NAME)
    ~~~~~~~~~~~~~~^^^^^^^^^^^^^^^^^^^^^^^^^^^^^^^^^^^^^^^^^^^^^^^^^^^^^^^^^^^^^^^^^
  File "/home/rcosta00/dev/SmartQuotation/backend/.venv/lib/python3.13/site-packages/django_tenants/migration_executors/base.py", line 51, in run_migrations
    migration_recorder.ensure_schema()
    ~~~~~~~~~~~~~~~~~~~~~~~~~~~~~~~~^^
  File "/home/rcosta00/dev/SmartQuotation/backend/.venv/lib/python3.13/site-packages/django/db/migrations/recorder.py", line 73, in ensure_schema
    if self.has_table():
       ~~~~~~~~~~~~~~^^
  File "/home/rcosta00/dev/SmartQuotation/backend/.venv/lib/python3.13/site-packages/django/db/migrations/recorder.py", line 63, in has_table
    with self.connection.cursor() as cursor:
         ~~~~~~~~~~~~~~~~~~~~~~^^
  File "/home/rcosta00/dev/SmartQuotation/backend/.venv/lib/python3.13/site-packages/django/utils/asyncio.py", line 26, in inner
    return func(*args, **kwargs)
  File "/home/rcosta00/dev/SmartQuotation/backend/.venv/lib/python3.13/site-packages/django/db/backends/base/base.py", line 320, in cursor
    return self._cursor()
           ~~~~~~~~~~~~^^
  File "/home/rcosta00/dev/SmartQuotation/backend/.venv/lib/python3.13/site-packages/django_tenants/postgresql_backend/base.py", line 144, in _cursor
    cursor = super()._cursor()
  File "/home/rcosta00/dev/SmartQuotation/backend/.venv/lib/python3.13/site-packages/django/db/backends/base/base.py", line 297, in _cursor
    with self.wrap_database_errors:
         ^^^^^^^^^^^^^^^^^^^^^^^^^
  File "/home/rcosta00/dev/SmartQuotation/backend/.venv/lib/python3.13/site-packages/django/db/utils.py", line 91, in __exit__
    raise dj_exc_value.with_traceback(traceback) from exc_value
  File "/home/rcosta00/dev/SmartQuotation/backend/.venv/lib/python3.13/site-packages/django/db/backends/base/base.py", line 298, in _cursor
    return self._prepare_cursor(self.create_cursor(name))
                                ~~~~~~~~~~~~~~~~~~^^^^^^
  File "/home/rcosta00/dev/SmartQuotation/backend/.venv/lib/python3.13/site-packages/django/utils/asyncio.py", line 26, in inner
    return func(*args, **kwargs)
  File "/home/rcosta00/dev/SmartQuotation/backend/.venv/lib/python3.13/site-packages/django/db/backends/postgresql/base.py", line 429, in create_cursor
    cursor = self.connection.cursor()
django.db.utils.InterfaceError: connection already closed

======================================================================
ERROR: setUpClass (apps.tema_templates.tests.CheckCompatibilityTests)
----------------------------------------------------------------------
Traceback (most recent call last):
  File "/home/rcosta00/dev/SmartQuotation/backend/.venv/lib/python3.13/site-packages/django/db/backends/base/base.py", line 298, in _cursor
    return self._prepare_cursor(self.create_cursor(name))
                                ~~~~~~~~~~~~~~~~~~^^^^^^
  File "/home/rcosta00/dev/SmartQuotation/backend/.venv/lib/python3.13/site-packages/django/utils/asyncio.py", line 26, in inner
    return func(*args, **kwargs)
  File "/home/rcosta00/dev/SmartQuotation/backend/.venv/lib/python3.13/site-packages/django/db/backends/postgresql/base.py", line 429, in create_cursor
    cursor = self.connection.cursor()
psycopg2.InterfaceError: connection already closed

The above exception was the direct cause of the following exception:

Traceback (most recent call last):
  File "/home/rcosta00/dev/SmartQuotation/backend/.venv/lib/python3.13/site-packages/django_tenants/test/cases.py", line 34, in setUpClass
    cls.sync_shared()
    ~~~~~~~~~~~~~~~^^
  File "/home/rcosta00/dev/SmartQuotation/backend/.venv/lib/python3.13/site-packages/django_tenants/test/cases.py", line 76, in sync_shared
    call_command('migrate_schemas',
    ~~~~~~~~~~~~^^^^^^^^^^^^^^^^^^^
                 schema_name=get_public_schema_name(),
                 ^^^^^^^^^^^^^^^^^^^^^^^^^^^^^^^^^^^^^
                 interactive=False,
                 ^^^^^^^^^^^^^^^^^^
                 verbosity=0)
                 ^^^^^^^^^^^^
  File "/home/rcosta00/dev/SmartQuotation/backend/.venv/lib/python3.13/site-packages/django/core/management/__init__.py", line 194, in call_command
    return command.execute(*args, **defaults)
           ~~~~~~~~~~~~~~~^^^^^^^^^^^^^^^^^^^
  File "/home/rcosta00/dev/SmartQuotation/backend/.venv/lib/python3.13/site-packages/django/core/management/base.py", line 460, in execute
    output = self.handle(*args, **options)
  File "/home/rcosta00/dev/SmartQuotation/backend/.venv/lib/python3.13/site-packages/django_tenants/management/commands/migrate_schemas.py", line 66, in handle
    executor.run_migrations(tenants=[self.PUBLIC_SCHEMA_NAME])
    ~~~~~~~~~~~~~~~~~~~~~~~^^^^^^^^^^^^^^^^^^^^^^^^^^^^^^^^^^^
  File "/home/rcosta00/dev/SmartQuotation/backend/.venv/lib/python3.13/site-packages/django_tenants/migration_executors/standard.py", line 11, in run_migrations
    run_migrations(self.args, self.options, self.codename, self.PUBLIC_SCHEMA_NAME)
    ~~~~~~~~~~~~~~^^^^^^^^^^^^^^^^^^^^^^^^^^^^^^^^^^^^^^^^^^^^^^^^^^^^^^^^^^^^^^^^^
  File "/home/rcosta00/dev/SmartQuotation/backend/.venv/lib/python3.13/site-packages/django_tenants/migration_executors/base.py", line 51, in run_migrations
    migration_recorder.ensure_schema()
    ~~~~~~~~~~~~~~~~~~~~~~~~~~~~~~~~^^
  File "/home/rcosta00/dev/SmartQuotation/backend/.venv/lib/python3.13/site-packages/django/db/migrations/recorder.py", line 73, in ensure_schema
    if self.has_table():
       ~~~~~~~~~~~~~~^^
  File "/home/rcosta00/dev/SmartQuotation/backend/.venv/lib/python3.13/site-packages/django/db/migrations/recorder.py", line 63, in has_table
    with self.connection.cursor() as cursor:
         ~~~~~~~~~~~~~~~~~~~~~~^^
  File "/home/rcosta00/dev/SmartQuotation/backend/.venv/lib/python3.13/site-packages/django/utils/asyncio.py", line 26, in inner
    return func(*args, **kwargs)
  File "/home/rcosta00/dev/SmartQuotation/backend/.venv/lib/python3.13/site-packages/django/db/backends/base/base.py", line 320, in cursor
    return self._cursor()
           ~~~~~~~~~~~~^^
  File "/home/rcosta00/dev/SmartQuotation/backend/.venv/lib/python3.13/site-packages/django_tenants/postgresql_backend/base.py", line 144, in _cursor
    cursor = super()._cursor()
  File "/home/rcosta00/dev/SmartQuotation/backend/.venv/lib/python3.13/site-packages/django/db/backends/base/base.py", line 297, in _cursor
    with self.wrap_database_errors:
         ^^^^^^^^^^^^^^^^^^^^^^^^^
  File "/home/rcosta00/dev/SmartQuotation/backend/.venv/lib/python3.13/site-packages/django/db/utils.py", line 91, in __exit__
    raise dj_exc_value.with_traceback(traceback) from exc_value
  File "/home/rcosta00/dev/SmartQuotation/backend/.venv/lib/python3.13/site-packages/django/db/backends/base/base.py", line 298, in _cursor
    return self._prepare_cursor(self.create_cursor(name))
                                ~~~~~~~~~~~~~~~~~~^^^^^^
  File "/home/rcosta00/dev/SmartQuotation/backend/.venv/lib/python3.13/site-packages/django/utils/asyncio.py", line 26, in inner
    return func(*args, **kwargs)
  File "/home/rcosta00/dev/SmartQuotation/backend/.venv/lib/python3.13/site-packages/django/db/backends/postgresql/base.py", line 429, in create_cursor
    cursor = self.connection.cursor()
django.db.utils.InterfaceError: connection already closed

======================================================================
ERROR: setUpClass (apps.tema_templates.tests.ComponentOperationModelTests)
----------------------------------------------------------------------
Traceback (most recent call last):
  File "/home/rcosta00/dev/SmartQuotation/backend/.venv/lib/python3.13/site-packages/django/db/backends/base/base.py", line 298, in _cursor
    return self._prepare_cursor(self.create_cursor(name))
                                ~~~~~~~~~~~~~~~~~~^^^^^^
  File "/home/rcosta00/dev/SmartQuotation/backend/.venv/lib/python3.13/site-packages/django/utils/asyncio.py", line 26, in inner
    return func(*args, **kwargs)
  File "/home/rcosta00/dev/SmartQuotation/backend/.venv/lib/python3.13/site-packages/django/db/backends/postgresql/base.py", line 429, in create_cursor
    cursor = self.connection.cursor()
psycopg2.InterfaceError: connection already closed

The above exception was the direct cause of the following exception:

Traceback (most recent call last):
  File "/home/rcosta00/dev/SmartQuotation/backend/.venv/lib/python3.13/site-packages/django_tenants/test/cases.py", line 34, in setUpClass
    cls.sync_shared()
    ~~~~~~~~~~~~~~~^^
  File "/home/rcosta00/dev/SmartQuotation/backend/.venv/lib/python3.13/site-packages/django_tenants/test/cases.py", line 76, in sync_shared
    call_command('migrate_schemas',
    ~~~~~~~~~~~~^^^^^^^^^^^^^^^^^^^
                 schema_name=get_public_schema_name(),
                 ^^^^^^^^^^^^^^^^^^^^^^^^^^^^^^^^^^^^^
                 interactive=False,
                 ^^^^^^^^^^^^^^^^^^
                 verbosity=0)
                 ^^^^^^^^^^^^
  File "/home/rcosta00/dev/SmartQuotation/backend/.venv/lib/python3.13/site-packages/django/core/management/__init__.py", line 194, in call_command
    return command.execute(*args, **defaults)
           ~~~~~~~~~~~~~~~^^^^^^^^^^^^^^^^^^^
  File "/home/rcosta00/dev/SmartQuotation/backend/.venv/lib/python3.13/site-packages/django/core/management/base.py", line 460, in execute
    output = self.handle(*args, **options)
  File "/home/rcosta00/dev/SmartQuotation/backend/.venv/lib/python3.13/site-packages/django_tenants/management/commands/migrate_schemas.py", line 66, in handle
    executor.run_migrations(tenants=[self.PUBLIC_SCHEMA_NAME])
    ~~~~~~~~~~~~~~~~~~~~~~~^^^^^^^^^^^^^^^^^^^^^^^^^^^^^^^^^^^
  File "/home/rcosta00/dev/SmartQuotation/backend/.venv/lib/python3.13/site-packages/django_tenants/migration_executors/standard.py", line 11, in run_migrations
    run_migrations(self.args, self.options, self.codename, self.PUBLIC_SCHEMA_NAME)
    ~~~~~~~~~~~~~~^^^^^^^^^^^^^^^^^^^^^^^^^^^^^^^^^^^^^^^^^^^^^^^^^^^^^^^^^^^^^^^^^
  File "/home/rcosta00/dev/SmartQuotation/backend/.venv/lib/python3.13/site-packages/django_tenants/migration_executors/base.py", line 51, in run_migrations
    migration_recorder.ensure_schema()
    ~~~~~~~~~~~~~~~~~~~~~~~~~~~~~~~~^^
  File "/home/rcosta00/dev/SmartQuotation/backend/.venv/lib/python3.13/site-packages/django/db/migrations/recorder.py", line 73, in ensure_schema
    if self.has_table():
       ~~~~~~~~~~~~~~^^
  File "/home/rcosta00/dev/SmartQuotation/backend/.venv/lib/python3.13/site-packages/django/db/migrations/recorder.py", line 63, in has_table
    with self.connection.cursor() as cursor:
         ~~~~~~~~~~~~~~~~~~~~~~^^
  File "/home/rcosta00/dev/SmartQuotation/backend/.venv/lib/python3.13/site-packages/django/utils/asyncio.py", line 26, in inner
    return func(*args, **kwargs)
  File "/home/rcosta00/dev/SmartQuotation/backend/.venv/lib/python3.13/site-packages/django/db/backends/base/base.py", line 320, in cursor
    return self._cursor()
           ~~~~~~~~~~~~^^
  File "/home/rcosta00/dev/SmartQuotation/backend/.venv/lib/python3.13/site-packages/django_tenants/postgresql_backend/base.py", line 144, in _cursor
    cursor = super()._cursor()
  File "/home/rcosta00/dev/SmartQuotation/backend/.venv/lib/python3.13/site-packages/django/db/backends/base/base.py", line 297, in _cursor
    with self.wrap_database_errors:
         ^^^^^^^^^^^^^^^^^^^^^^^^^
  File "/home/rcosta00/dev/SmartQuotation/backend/.venv/lib/python3.13/site-packages/django/db/utils.py", line 91, in __exit__
    raise dj_exc_value.with_traceback(traceback) from exc_value
  File "/home/rcosta00/dev/SmartQuotation/backend/.venv/lib/python3.13/site-packages/django/db/backends/base/base.py", line 298, in _cursor
    return self._prepare_cursor(self.create_cursor(name))
                                ~~~~~~~~~~~~~~~~~~^^^^^^
  File "/home/rcosta00/dev/SmartQuotation/backend/.venv/lib/python3.13/site-packages/django/utils/asyncio.py", line 26, in inner
    return func(*args, **kwargs)
  File "/home/rcosta00/dev/SmartQuotation/backend/.venv/lib/python3.13/site-packages/django/db/backends/postgresql/base.py", line 429, in create_cursor
    cursor = self.connection.cursor()
django.db.utils.InterfaceError: connection already closed

======================================================================
ERROR: setUpClass (apps.tema_templates.tests.ComposeViewTests)
----------------------------------------------------------------------
Traceback (most recent call last):
  File "/home/rcosta00/dev/SmartQuotation/backend/.venv/lib/python3.13/site-packages/django/db/backends/base/base.py", line 298, in _cursor
    return self._prepare_cursor(self.create_cursor(name))
                                ~~~~~~~~~~~~~~~~~~^^^^^^
  File "/home/rcosta00/dev/SmartQuotation/backend/.venv/lib/python3.13/site-packages/django/utils/asyncio.py", line 26, in inner
    return func(*args, **kwargs)
  File "/home/rcosta00/dev/SmartQuotation/backend/.venv/lib/python3.13/site-packages/django/db/backends/postgresql/base.py", line 429, in create_cursor
    cursor = self.connection.cursor()
psycopg2.InterfaceError: connection already closed

The above exception was the direct cause of the following exception:

Traceback (most recent call last):
  File "/home/rcosta00/dev/SmartQuotation/backend/.venv/lib/python3.13/site-packages/django_tenants/test/cases.py", line 34, in setUpClass
    cls.sync_shared()
    ~~~~~~~~~~~~~~~^^
  File "/home/rcosta00/dev/SmartQuotation/backend/.venv/lib/python3.13/site-packages/django_tenants/test/cases.py", line 76, in sync_shared
    call_command('migrate_schemas',
    ~~~~~~~~~~~~^^^^^^^^^^^^^^^^^^^
                 schema_name=get_public_schema_name(),
                 ^^^^^^^^^^^^^^^^^^^^^^^^^^^^^^^^^^^^^
                 interactive=False,
                 ^^^^^^^^^^^^^^^^^^
                 verbosity=0)
                 ^^^^^^^^^^^^
  File "/home/rcosta00/dev/SmartQuotation/backend/.venv/lib/python3.13/site-packages/django/core/management/__init__.py", line 194, in call_command
    return command.execute(*args, **defaults)
           ~~~~~~~~~~~~~~~^^^^^^^^^^^^^^^^^^^
  File "/home/rcosta00/dev/SmartQuotation/backend/.venv/lib/python3.13/site-packages/django/core/management/base.py", line 460, in execute
    output = self.handle(*args, **options)
  File "/home/rcosta00/dev/SmartQuotation/backend/.venv/lib/python3.13/site-packages/django_tenants/management/commands/migrate_schemas.py", line 66, in handle
    executor.run_migrations(tenants=[self.PUBLIC_SCHEMA_NAME])
    ~~~~~~~~~~~~~~~~~~~~~~~^^^^^^^^^^^^^^^^^^^^^^^^^^^^^^^^^^^
  File "/home/rcosta00/dev/SmartQuotation/backend/.venv/lib/python3.13/site-packages/django_tenants/migration_executors/standard.py", line 11, in run_migrations
    run_migrations(self.args, self.options, self.codename, self.PUBLIC_SCHEMA_NAME)
    ~~~~~~~~~~~~~~^^^^^^^^^^^^^^^^^^^^^^^^^^^^^^^^^^^^^^^^^^^^^^^^^^^^^^^^^^^^^^^^^
  File "/home/rcosta00/dev/SmartQuotation/backend/.venv/lib/python3.13/site-packages/django_tenants/migration_executors/base.py", line 51, in run_migrations
    migration_recorder.ensure_schema()
    ~~~~~~~~~~~~~~~~~~~~~~~~~~~~~~~~^^
  File "/home/rcosta00/dev/SmartQuotation/backend/.venv/lib/python3.13/site-packages/django/db/migrations/recorder.py", line 73, in ensure_schema
    if self.has_table():
       ~~~~~~~~~~~~~~^^
  File "/home/rcosta00/dev/SmartQuotation/backend/.venv/lib/python3.13/site-packages/django/db/migrations/recorder.py", line 63, in has_table
    with self.connection.cursor() as cursor:
         ~~~~~~~~~~~~~~~~~~~~~~^^
  File "/home/rcosta00/dev/SmartQuotation/backend/.venv/lib/python3.13/site-packages/django/utils/asyncio.py", line 26, in inner
    return func(*args, **kwargs)
  File "/home/rcosta00/dev/SmartQuotation/backend/.venv/lib/python3.13/site-packages/django/db/backends/base/base.py", line 320, in cursor
    return self._cursor()
           ~~~~~~~~~~~~^^
  File "/home/rcosta00/dev/SmartQuotation/backend/.venv/lib/python3.13/site-packages/django_tenants/postgresql_backend/base.py", line 144, in _cursor
    cursor = super()._cursor()
  File "/home/rcosta00/dev/SmartQuotation/backend/.venv/lib/python3.13/site-packages/django/db/backends/base/base.py", line 297, in _cursor
    with self.wrap_database_errors:
         ^^^^^^^^^^^^^^^^^^^^^^^^^
  File "/home/rcosta00/dev/SmartQuotation/backend/.venv/lib/python3.13/site-packages/django/db/utils.py", line 91, in __exit__
    raise dj_exc_value.with_traceback(traceback) from exc_value
  File "/home/rcosta00/dev/SmartQuotation/backend/.venv/lib/python3.13/site-packages/django/db/backends/base/base.py", line 298, in _cursor
    return self._prepare_cursor(self.create_cursor(name))
                                ~~~~~~~~~~~~~~~~~~^^^^^^
  File "/home/rcosta00/dev/SmartQuotation/backend/.venv/lib/python3.13/site-packages/django/utils/asyncio.py", line 26, in inner
    return func(*args, **kwargs)
  File "/home/rcosta00/dev/SmartQuotation/backend/.venv/lib/python3.13/site-packages/django/db/backends/postgresql/base.py", line 429, in create_cursor
    cursor = self.connection.cursor()
django.db.utils.InterfaceError: connection already closed

======================================================================
ERROR: setUpClass (apps.tema_templates.tests.DataSheetRBACTests)
----------------------------------------------------------------------
Traceback (most recent call last):
  File "/home/rcosta00/dev/SmartQuotation/backend/.venv/lib/python3.13/site-packages/django/db/backends/base/base.py", line 298, in _cursor
    return self._prepare_cursor(self.create_cursor(name))
                                ~~~~~~~~~~~~~~~~~~^^^^^^
  File "/home/rcosta00/dev/SmartQuotation/backend/.venv/lib/python3.13/site-packages/django/utils/asyncio.py", line 26, in inner
    return func(*args, **kwargs)
  File "/home/rcosta00/dev/SmartQuotation/backend/.venv/lib/python3.13/site-packages/django/db/backends/postgresql/base.py", line 429, in create_cursor
    cursor = self.connection.cursor()
psycopg2.InterfaceError: connection already closed

The above exception was the direct cause of the following exception:

Traceback (most recent call last):
  File "/home/rcosta00/dev/SmartQuotation/backend/.venv/lib/python3.13/site-packages/django_tenants/test/cases.py", line 34, in setUpClass
    cls.sync_shared()
    ~~~~~~~~~~~~~~~^^
  File "/home/rcosta00/dev/SmartQuotation/backend/.venv/lib/python3.13/site-packages/django_tenants/test/cases.py", line 76, in sync_shared
    call_command('migrate_schemas',
    ~~~~~~~~~~~~^^^^^^^^^^^^^^^^^^^
                 schema_name=get_public_schema_name(),
                 ^^^^^^^^^^^^^^^^^^^^^^^^^^^^^^^^^^^^^
                 interactive=False,
                 ^^^^^^^^^^^^^^^^^^
                 verbosity=0)
                 ^^^^^^^^^^^^
  File "/home/rcosta00/dev/SmartQuotation/backend/.venv/lib/python3.13/site-packages/django/core/management/__init__.py", line 194, in call_command
    return command.execute(*args, **defaults)
           ~~~~~~~~~~~~~~~^^^^^^^^^^^^^^^^^^^
  File "/home/rcosta00/dev/SmartQuotation/backend/.venv/lib/python3.13/site-packages/django/core/management/base.py", line 460, in execute
    output = self.handle(*args, **options)
  File "/home/rcosta00/dev/SmartQuotation/backend/.venv/lib/python3.13/site-packages/django_tenants/management/commands/migrate_schemas.py", line 66, in handle
    executor.run_migrations(tenants=[self.PUBLIC_SCHEMA_NAME])
    ~~~~~~~~~~~~~~~~~~~~~~~^^^^^^^^^^^^^^^^^^^^^^^^^^^^^^^^^^^
  File "/home/rcosta00/dev/SmartQuotation/backend/.venv/lib/python3.13/site-packages/django_tenants/migration_executors/standard.py", line 11, in run_migrations
    run_migrations(self.args, self.options, self.codename, self.PUBLIC_SCHEMA_NAME)
    ~~~~~~~~~~~~~~^^^^^^^^^^^^^^^^^^^^^^^^^^^^^^^^^^^^^^^^^^^^^^^^^^^^^^^^^^^^^^^^^
  File "/home/rcosta00/dev/SmartQuotation/backend/.venv/lib/python3.13/site-packages/django_tenants/migration_executors/base.py", line 51, in run_migrations
    migration_recorder.ensure_schema()
    ~~~~~~~~~~~~~~~~~~~~~~~~~~~~~~~~^^
  File "/home/rcosta00/dev/SmartQuotation/backend/.venv/lib/python3.13/site-packages/django/db/migrations/recorder.py", line 73, in ensure_schema
    if self.has_table():
       ~~~~~~~~~~~~~~^^
  File "/home/rcosta00/dev/SmartQuotation/backend/.venv/lib/python3.13/site-packages/django/db/migrations/recorder.py", line 63, in has_table
    with self.connection.cursor() as cursor:
         ~~~~~~~~~~~~~~~~~~~~~~^^
  File "/home/rcosta00/dev/SmartQuotation/backend/.venv/lib/python3.13/site-packages/django/utils/asyncio.py", line 26, in inner
    return func(*args, **kwargs)
  File "/home/rcosta00/dev/SmartQuotation/backend/.venv/lib/python3.13/site-packages/django/db/backends/base/base.py", line 320, in cursor
    return self._cursor()
           ~~~~~~~~~~~~^^
  File "/home/rcosta00/dev/SmartQuotation/backend/.venv/lib/python3.13/site-packages/django_tenants/postgresql_backend/base.py", line 144, in _cursor
    cursor = super()._cursor()
  File "/home/rcosta00/dev/SmartQuotation/backend/.venv/lib/python3.13/site-packages/django/db/backends/base/base.py", line 297, in _cursor
    with self.wrap_database_errors:
         ^^^^^^^^^^^^^^^^^^^^^^^^^
  File "/home/rcosta00/dev/SmartQuotation/backend/.venv/lib/python3.13/site-packages/django/db/utils.py", line 91, in __exit__
    raise dj_exc_value.with_traceback(traceback) from exc_value
  File "/home/rcosta00/dev/SmartQuotation/backend/.venv/lib/python3.13/site-packages/django/db/backends/base/base.py", line 298, in _cursor
    return self._prepare_cursor(self.create_cursor(name))
                                ~~~~~~~~~~~~~~~~~~^^^^^^
  File "/home/rcosta00/dev/SmartQuotation/backend/.venv/lib/python3.13/site-packages/django/utils/asyncio.py", line 26, in inner
    return func(*args, **kwargs)
  File "/home/rcosta00/dev/SmartQuotation/backend/.venv/lib/python3.13/site-packages/django/db/backends/postgresql/base.py", line 429, in create_cursor
    cursor = self.connection.cursor()
django.db.utils.InterfaceError: connection already closed

======================================================================
ERROR: setUpClass (apps.tema_templates.tests.FlangeCorpoTests)
----------------------------------------------------------------------
Traceback (most recent call last):
  File "/home/rcosta00/dev/SmartQuotation/backend/.venv/lib/python3.13/site-packages/django/db/backends/base/base.py", line 298, in _cursor
    return self._prepare_cursor(self.create_cursor(name))
                                ~~~~~~~~~~~~~~~~~~^^^^^^
  File "/home/rcosta00/dev/SmartQuotation/backend/.venv/lib/python3.13/site-packages/django/utils/asyncio.py", line 26, in inner
    return func(*args, **kwargs)
  File "/home/rcosta00/dev/SmartQuotation/backend/.venv/lib/python3.13/site-packages/django/db/backends/postgresql/base.py", line 429, in create_cursor
    cursor = self.connection.cursor()
psycopg2.InterfaceError: connection already closed

The above exception was the direct cause of the following exception:

Traceback (most recent call last):
  File "/home/rcosta00/dev/SmartQuotation/backend/.venv/lib/python3.13/site-packages/django_tenants/test/cases.py", line 34, in setUpClass
    cls.sync_shared()
    ~~~~~~~~~~~~~~~^^
  File "/home/rcosta00/dev/SmartQuotation/backend/.venv/lib/python3.13/site-packages/django_tenants/test/cases.py", line 76, in sync_shared
    call_command('migrate_schemas',
    ~~~~~~~~~~~~^^^^^^^^^^^^^^^^^^^
                 schema_name=get_public_schema_name(),
                 ^^^^^^^^^^^^^^^^^^^^^^^^^^^^^^^^^^^^^
                 interactive=False,
                 ^^^^^^^^^^^^^^^^^^
                 verbosity=0)
                 ^^^^^^^^^^^^
  File "/home/rcosta00/dev/SmartQuotation/backend/.venv/lib/python3.13/site-packages/django/core/management/__init__.py", line 194, in call_command
    return command.execute(*args, **defaults)
           ~~~~~~~~~~~~~~~^^^^^^^^^^^^^^^^^^^
  File "/home/rcosta00/dev/SmartQuotation/backend/.venv/lib/python3.13/site-packages/django/core/management/base.py", line 460, in execute
    output = self.handle(*args, **options)
  File "/home/rcosta00/dev/SmartQuotation/backend/.venv/lib/python3.13/site-packages/django_tenants/management/commands/migrate_schemas.py", line 66, in handle
    executor.run_migrations(tenants=[self.PUBLIC_SCHEMA_NAME])
    ~~~~~~~~~~~~~~~~~~~~~~~^^^^^^^^^^^^^^^^^^^^^^^^^^^^^^^^^^^
  File "/home/rcosta00/dev/SmartQuotation/backend/.venv/lib/python3.13/site-packages/django_tenants/migration_executors/standard.py", line 11, in run_migrations
    run_migrations(self.args, self.options, self.codename, self.PUBLIC_SCHEMA_NAME)
    ~~~~~~~~~~~~~~^^^^^^^^^^^^^^^^^^^^^^^^^^^^^^^^^^^^^^^^^^^^^^^^^^^^^^^^^^^^^^^^^
  File "/home/rcosta00/dev/SmartQuotation/backend/.venv/lib/python3.13/site-packages/django_tenants/migration_executors/base.py", line 51, in run_migrations
    migration_recorder.ensure_schema()
    ~~~~~~~~~~~~~~~~~~~~~~~~~~~~~~~~^^
  File "/home/rcosta00/dev/SmartQuotation/backend/.venv/lib/python3.13/site-packages/django/db/migrations/recorder.py", line 73, in ensure_schema
    if self.has_table():
       ~~~~~~~~~~~~~~^^
  File "/home/rcosta00/dev/SmartQuotation/backend/.venv/lib/python3.13/site-packages/django/db/migrations/recorder.py", line 63, in has_table
    with self.connection.cursor() as cursor:
         ~~~~~~~~~~~~~~~~~~~~~~^^
  File "/home/rcosta00/dev/SmartQuotation/backend/.venv/lib/python3.13/site-packages/django/utils/asyncio.py", line 26, in inner
    return func(*args, **kwargs)
  File "/home/rcosta00/dev/SmartQuotation/backend/.venv/lib/python3.13/site-packages/django/db/backends/base/base.py", line 320, in cursor
    return self._cursor()
           ~~~~~~~~~~~~^^
  File "/home/rcosta00/dev/SmartQuotation/backend/.venv/lib/python3.13/site-packages/django_tenants/postgresql_backend/base.py", line 144, in _cursor
    cursor = super()._cursor()
  File "/home/rcosta00/dev/SmartQuotation/backend/.venv/lib/python3.13/site-packages/django/db/backends/base/base.py", line 297, in _cursor
    with self.wrap_database_errors:
         ^^^^^^^^^^^^^^^^^^^^^^^^^
  File "/home/rcosta00/dev/SmartQuotation/backend/.venv/lib/python3.13/site-packages/django/db/utils.py", line 91, in __exit__
    raise dj_exc_value.with_traceback(traceback) from exc_value
  File "/home/rcosta00/dev/SmartQuotation/backend/.venv/lib/python3.13/site-packages/django/db/backends/base/base.py", line 298, in _cursor
    return self._prepare_cursor(self.create_cursor(name))
                                ~~~~~~~~~~~~~~~~~~^^^^^^
  File "/home/rcosta00/dev/SmartQuotation/backend/.venv/lib/python3.13/site-packages/django/utils/asyncio.py", line 26, in inner
    return func(*args, **kwargs)
  File "/home/rcosta00/dev/SmartQuotation/backend/.venv/lib/python3.13/site-packages/django/db/backends/postgresql/base.py", line 429, in create_cursor
    cursor = self.connection.cursor()
django.db.utils.InterfaceError: connection already closed

======================================================================
ERROR: setUpClass (apps.tema_templates.tests.KnobsConfigTests)
----------------------------------------------------------------------
Traceback (most recent call last):
  File "/home/rcosta00/dev/SmartQuotation/backend/.venv/lib/python3.13/site-packages/django/db/backends/base/base.py", line 298, in _cursor
    return self._prepare_cursor(self.create_cursor(name))
                                ~~~~~~~~~~~~~~~~~~^^^^^^
  File "/home/rcosta00/dev/SmartQuotation/backend/.venv/lib/python3.13/site-packages/django/utils/asyncio.py", line 26, in inner
    return func(*args, **kwargs)
  File "/home/rcosta00/dev/SmartQuotation/backend/.venv/lib/python3.13/site-packages/django/db/backends/postgresql/base.py", line 429, in create_cursor
    cursor = self.connection.cursor()
psycopg2.InterfaceError: connection already closed

The above exception was the direct cause of the following exception:

Traceback (most recent call last):
  File "/home/rcosta00/dev/SmartQuotation/backend/.venv/lib/python3.13/site-packages/django_tenants/test/cases.py", line 34, in setUpClass
    cls.sync_shared()
    ~~~~~~~~~~~~~~~^^
  File "/home/rcosta00/dev/SmartQuotation/backend/.venv/lib/python3.13/site-packages/django_tenants/test/cases.py", line 76, in sync_shared
    call_command('migrate_schemas',
    ~~~~~~~~~~~~^^^^^^^^^^^^^^^^^^^
                 schema_name=get_public_schema_name(),
                 ^^^^^^^^^^^^^^^^^^^^^^^^^^^^^^^^^^^^^
                 interactive=False,
                 ^^^^^^^^^^^^^^^^^^
                 verbosity=0)
                 ^^^^^^^^^^^^
  File "/home/rcosta00/dev/SmartQuotation/backend/.venv/lib/python3.13/site-packages/django/core/management/__init__.py", line 194, in call_command
    return command.execute(*args, **defaults)
           ~~~~~~~~~~~~~~~^^^^^^^^^^^^^^^^^^^
  File "/home/rcosta00/dev/SmartQuotation/backend/.venv/lib/python3.13/site-packages/django/core/management/base.py", line 460, in execute
    output = self.handle(*args, **options)
  File "/home/rcosta00/dev/SmartQuotation/backend/.venv/lib/python3.13/site-packages/django_tenants/management/commands/migrate_schemas.py", line 66, in handle
    executor.run_migrations(tenants=[self.PUBLIC_SCHEMA_NAME])
    ~~~~~~~~~~~~~~~~~~~~~~~^^^^^^^^^^^^^^^^^^^^^^^^^^^^^^^^^^^
  File "/home/rcosta00/dev/SmartQuotation/backend/.venv/lib/python3.13/site-packages/django_tenants/migration_executors/standard.py", line 11, in run_migrations
    run_migrations(self.args, self.options, self.codename, self.PUBLIC_SCHEMA_NAME)
    ~~~~~~~~~~~~~~^^^^^^^^^^^^^^^^^^^^^^^^^^^^^^^^^^^^^^^^^^^^^^^^^^^^^^^^^^^^^^^^^
  File "/home/rcosta00/dev/SmartQuotation/backend/.venv/lib/python3.13/site-packages/django_tenants/migration_executors/base.py", line 51, in run_migrations
    migration_recorder.ensure_schema()
    ~~~~~~~~~~~~~~~~~~~~~~~~~~~~~~~~^^
  File "/home/rcosta00/dev/SmartQuotation/backend/.venv/lib/python3.13/site-packages/django/db/migrations/recorder.py", line 73, in ensure_schema
    if self.has_table():
       ~~~~~~~~~~~~~~^^
  File "/home/rcosta00/dev/SmartQuotation/backend/.venv/lib/python3.13/site-packages/django/db/migrations/recorder.py", line 63, in has_table
    with self.connection.cursor() as cursor:
         ~~~~~~~~~~~~~~~~~~~~~~^^
  File "/home/rcosta00/dev/SmartQuotation/backend/.venv/lib/python3.13/site-packages/django/utils/asyncio.py", line 26, in inner
    return func(*args, **kwargs)
  File "/home/rcosta00/dev/SmartQuotation/backend/.venv/lib/python3.13/site-packages/django/db/backends/base/base.py", line 320, in cursor
    return self._cursor()
           ~~~~~~~~~~~~^^
  File "/home/rcosta00/dev/SmartQuotation/backend/.venv/lib/python3.13/site-packages/django_tenants/postgresql_backend/base.py", line 144, in _cursor
    cursor = super()._cursor()
  File "/home/rcosta00/dev/SmartQuotation/backend/.venv/lib/python3.13/site-packages/django/db/backends/base/base.py", line 297, in _cursor
    with self.wrap_database_errors:
         ^^^^^^^^^^^^^^^^^^^^^^^^^
  File "/home/rcosta00/dev/SmartQuotation/backend/.venv/lib/python3.13/site-packages/django/db/utils.py", line 91, in __exit__
    raise dj_exc_value.with_traceback(traceback) from exc_value
  File "/home/rcosta00/dev/SmartQuotation/backend/.venv/lib/python3.13/site-packages/django/db/backends/base/base.py", line 298, in _cursor
    return self._prepare_cursor(self.create_cursor(name))
                                ~~~~~~~~~~~~~~~~~~^^^^^^
  File "/home/rcosta00/dev/SmartQuotation/backend/.venv/lib/python3.13/site-packages/django/utils/asyncio.py", line 26, in inner
    return func(*args, **kwargs)
  File "/home/rcosta00/dev/SmartQuotation/backend/.venv/lib/python3.13/site-packages/django/db/backends/postgresql/base.py", line 429, in create_cursor
    cursor = self.connection.cursor()
django.db.utils.InterfaceError: connection already closed

======================================================================
ERROR: setUpClass (apps.tema_templates.tests.LigaCadastroTests)
----------------------------------------------------------------------
Traceback (most recent call last):
  File "/home/rcosta00/dev/SmartQuotation/backend/.venv/lib/python3.13/site-packages/django/db/backends/base/base.py", line 298, in _cursor
    return self._prepare_cursor(self.create_cursor(name))
                                ~~~~~~~~~~~~~~~~~~^^^^^^
  File "/home/rcosta00/dev/SmartQuotation/backend/.venv/lib/python3.13/site-packages/django/utils/asyncio.py", line 26, in inner
    return func(*args, **kwargs)
  File "/home/rcosta00/dev/SmartQuotation/backend/.venv/lib/python3.13/site-packages/django/db/backends/postgresql/base.py", line 429, in create_cursor
    cursor = self.connection.cursor()
psycopg2.InterfaceError: connection already closed

The above exception was the direct cause of the following exception:

Traceback (most recent call last):
  File "/home/rcosta00/dev/SmartQuotation/backend/.venv/lib/python3.13/site-packages/django_tenants/test/cases.py", line 34, in setUpClass
    cls.sync_shared()
    ~~~~~~~~~~~~~~~^^
  File "/home/rcosta00/dev/SmartQuotation/backend/.venv/lib/python3.13/site-packages/django_tenants/test/cases.py", line 76, in sync_shared
    call_command('migrate_schemas',
    ~~~~~~~~~~~~^^^^^^^^^^^^^^^^^^^
                 schema_name=get_public_schema_name(),
                 ^^^^^^^^^^^^^^^^^^^^^^^^^^^^^^^^^^^^^
                 interactive=False,
                 ^^^^^^^^^^^^^^^^^^
                 verbosity=0)
                 ^^^^^^^^^^^^
  File "/home/rcosta00/dev/SmartQuotation/backend/.venv/lib/python3.13/site-packages/django/core/management/__init__.py", line 194, in call_command
    return command.execute(*args, **defaults)
           ~~~~~~~~~~~~~~~^^^^^^^^^^^^^^^^^^^
  File "/home/rcosta00/dev/SmartQuotation/backend/.venv/lib/python3.13/site-packages/django/core/management/base.py", line 460, in execute
    output = self.handle(*args, **options)
  File "/home/rcosta00/dev/SmartQuotation/backend/.venv/lib/python3.13/site-packages/django_tenants/management/commands/migrate_schemas.py", line 66, in handle
    executor.run_migrations(tenants=[self.PUBLIC_SCHEMA_NAME])
    ~~~~~~~~~~~~~~~~~~~~~~~^^^^^^^^^^^^^^^^^^^^^^^^^^^^^^^^^^^
  File "/home/rcosta00/dev/SmartQuotation/backend/.venv/lib/python3.13/site-packages/django_tenants/migration_executors/standard.py", line 11, in run_migrations
    run_migrations(self.args, self.options, self.codename, self.PUBLIC_SCHEMA_NAME)
    ~~~~~~~~~~~~~~^^^^^^^^^^^^^^^^^^^^^^^^^^^^^^^^^^^^^^^^^^^^^^^^^^^^^^^^^^^^^^^^^
  File "/home/rcosta00/dev/SmartQuotation/backend/.venv/lib/python3.13/site-packages/django_tenants/migration_executors/base.py", line 51, in run_migrations
    migration_recorder.ensure_schema()
    ~~~~~~~~~~~~~~~~~~~~~~~~~~~~~~~~^^
  File "/home/rcosta00/dev/SmartQuotation/backend/.venv/lib/python3.13/site-packages/django/db/migrations/recorder.py", line 73, in ensure_schema
    if self.has_table():
       ~~~~~~~~~~~~~~^^
  File "/home/rcosta00/dev/SmartQuotation/backend/.venv/lib/python3.13/site-packages/django/db/migrations/recorder.py", line 63, in has_table
    with self.connection.cursor() as cursor:
         ~~~~~~~~~~~~~~~~~~~~~~^^
  File "/home/rcosta00/dev/SmartQuotation/backend/.venv/lib/python3.13/site-packages/django/utils/asyncio.py", line 26, in inner
    return func(*args, **kwargs)
  File "/home/rcosta00/dev/SmartQuotation/backend/.venv/lib/python3.13/site-packages/django/db/backends/base/base.py", line 320, in cursor
    return self._cursor()
           ~~~~~~~~~~~~^^
  File "/home/rcosta00/dev/SmartQuotation/backend/.venv/lib/python3.13/site-packages/django_tenants/postgresql_backend/base.py", line 144, in _cursor
    cursor = super()._cursor()
  File "/home/rcosta00/dev/SmartQuotation/backend/.venv/lib/python3.13/site-packages/django/db/backends/base/base.py", line 297, in _cursor
    with self.wrap_database_errors:
         ^^^^^^^^^^^^^^^^^^^^^^^^^
  File "/home/rcosta00/dev/SmartQuotation/backend/.venv/lib/python3.13/site-packages/django/db/utils.py", line 91, in __exit__
    raise dj_exc_value.with_traceback(traceback) from exc_value
  File "/home/rcosta00/dev/SmartQuotation/backend/.venv/lib/python3.13/site-packages/django/db/backends/base/base.py", line 298, in _cursor
    return self._prepare_cursor(self.create_cursor(name))
                                ~~~~~~~~~~~~~~~~~~^^^^^^
  File "/home/rcosta00/dev/SmartQuotation/backend/.venv/lib/python3.13/site-packages/django/utils/asyncio.py", line 26, in inner
    return func(*args, **kwargs)
  File "/home/rcosta00/dev/SmartQuotation/backend/.venv/lib/python3.13/site-packages/django/db/backends/postgresql/base.py", line 429, in create_cursor
    cursor = self.connection.cursor()
django.db.utils.InterfaceError: connection already closed

======================================================================
ERROR: setUpClass (apps.tema_templates.tests.MemorialASMETests)
----------------------------------------------------------------------
Traceback (most recent call last):
  File "/home/rcosta00/dev/SmartQuotation/backend/.venv/lib/python3.13/site-packages/django/db/backends/base/base.py", line 298, in _cursor
    return self._prepare_cursor(self.create_cursor(name))
                                ~~~~~~~~~~~~~~~~~~^^^^^^
  File "/home/rcosta00/dev/SmartQuotation/backend/.venv/lib/python3.13/site-packages/django/utils/asyncio.py", line 26, in inner
    return func(*args, **kwargs)
  File "/home/rcosta00/dev/SmartQuotation/backend/.venv/lib/python3.13/site-packages/django/db/backends/postgresql/base.py", line 429, in create_cursor
    cursor = self.connection.cursor()
psycopg2.InterfaceError: connection already closed

The above exception was the direct cause of the following exception:

Traceback (most recent call last):
  File "/home/rcosta00/dev/SmartQuotation/backend/.venv/lib/python3.13/site-packages/django_tenants/test/cases.py", line 34, in setUpClass
    cls.sync_shared()
    ~~~~~~~~~~~~~~~^^
  File "/home/rcosta00/dev/SmartQuotation/backend/.venv/lib/python3.13/site-packages/django_tenants/test/cases.py", line 76, in sync_shared
    call_command('migrate_schemas',
    ~~~~~~~~~~~~^^^^^^^^^^^^^^^^^^^
                 schema_name=get_public_schema_name(),
                 ^^^^^^^^^^^^^^^^^^^^^^^^^^^^^^^^^^^^^
                 interactive=False,
                 ^^^^^^^^^^^^^^^^^^
                 verbosity=0)
                 ^^^^^^^^^^^^
  File "/home/rcosta00/dev/SmartQuotation/backend/.venv/lib/python3.13/site-packages/django/core/management/__init__.py", line 194, in call_command
    return command.execute(*args, **defaults)
           ~~~~~~~~~~~~~~~^^^^^^^^^^^^^^^^^^^
  File "/home/rcosta00/dev/SmartQuotation/backend/.venv/lib/python3.13/site-packages/django/core/management/base.py", line 460, in execute
    output = self.handle(*args, **options)
  File "/home/rcosta00/dev/SmartQuotation/backend/.venv/lib/python3.13/site-packages/django_tenants/management/commands/migrate_schemas.py", line 66, in handle
    executor.run_migrations(tenants=[self.PUBLIC_SCHEMA_NAME])
    ~~~~~~~~~~~~~~~~~~~~~~~^^^^^^^^^^^^^^^^^^^^^^^^^^^^^^^^^^^
  File "/home/rcosta00/dev/SmartQuotation/backend/.venv/lib/python3.13/site-packages/django_tenants/migration_executors/standard.py", line 11, in run_migrations
    run_migrations(self.args, self.options, self.codename, self.PUBLIC_SCHEMA_NAME)
    ~~~~~~~~~~~~~~^^^^^^^^^^^^^^^^^^^^^^^^^^^^^^^^^^^^^^^^^^^^^^^^^^^^^^^^^^^^^^^^^
  File "/home/rcosta00/dev/SmartQuotation/backend/.venv/lib/python3.13/site-packages/django_tenants/migration_executors/base.py", line 51, in run_migrations
    migration_recorder.ensure_schema()
    ~~~~~~~~~~~~~~~~~~~~~~~~~~~~~~~~^^
  File "/home/rcosta00/dev/SmartQuotation/backend/.venv/lib/python3.13/site-packages/django/db/migrations/recorder.py", line 73, in ensure_schema
    if self.has_table():
       ~~~~~~~~~~~~~~^^
  File "/home/rcosta00/dev/SmartQuotation/backend/.venv/lib/python3.13/site-packages/django/db/migrations/recorder.py", line 63, in has_table
    with self.connection.cursor() as cursor:
         ~~~~~~~~~~~~~~~~~~~~~~^^
  File "/home/rcosta00/dev/SmartQuotation/backend/.venv/lib/python3.13/site-packages/django/utils/asyncio.py", line 26, in inner
    return func(*args, **kwargs)
  File "/home/rcosta00/dev/SmartQuotation/backend/.venv/lib/python3.13/site-packages/django/db/backends/base/base.py", line 320, in cursor
    return self._cursor()
           ~~~~~~~~~~~~^^
  File "/home/rcosta00/dev/SmartQuotation/backend/.venv/lib/python3.13/site-packages/django_tenants/postgresql_backend/base.py", line 144, in _cursor
    cursor = super()._cursor()
  File "/home/rcosta00/dev/SmartQuotation/backend/.venv/lib/python3.13/site-packages/django/db/backends/base/base.py", line 297, in _cursor
    with self.wrap_database_errors:
         ^^^^^^^^^^^^^^^^^^^^^^^^^
  File "/home/rcosta00/dev/SmartQuotation/backend/.venv/lib/python3.13/site-packages/django/db/utils.py", line 91, in __exit__
    raise dj_exc_value.with_traceback(traceback) from exc_value
  File "/home/rcosta00/dev/SmartQuotation/backend/.venv/lib/python3.13/site-packages/django/db/backends/base/base.py", line 298, in _cursor
    return self._prepare_cursor(self.create_cursor(name))
                                ~~~~~~~~~~~~~~~~~~^^^^^^
  File "/home/rcosta00/dev/SmartQuotation/backend/.venv/lib/python3.13/site-packages/django/utils/asyncio.py", line 26, in inner
    return func(*args, **kwargs)
  File "/home/rcosta00/dev/SmartQuotation/backend/.venv/lib/python3.13/site-packages/django/db/backends/postgresql/base.py", line 429, in create_cursor
    cursor = self.connection.cursor()
django.db.utils.InterfaceError: connection already closed

======================================================================
ERROR: setUpClass (apps.tema_templates.tests.PermutadorEngineTests)
----------------------------------------------------------------------
Traceback (most recent call last):
  File "/home/rcosta00/dev/SmartQuotation/backend/.venv/lib/python3.13/site-packages/django/db/backends/base/base.py", line 298, in _cursor
    return self._prepare_cursor(self.create_cursor(name))
                                ~~~~~~~~~~~~~~~~~~^^^^^^
  File "/home/rcosta00/dev/SmartQuotation/backend/.venv/lib/python3.13/site-packages/django/utils/asyncio.py", line 26, in inner
    return func(*args, **kwargs)
  File "/home/rcosta00/dev/SmartQuotation/backend/.venv/lib/python3.13/site-packages/django/db/backends/postgresql/base.py", line 429, in create_cursor
    cursor = self.connection.cursor()
psycopg2.InterfaceError: connection already closed

The above exception was the direct cause of the following exception:

Traceback (most recent call last):
  File "/home/rcosta00/dev/SmartQuotation/backend/.venv/lib/python3.13/site-packages/django_tenants/test/cases.py", line 34, in setUpClass
    cls.sync_shared()
    ~~~~~~~~~~~~~~~^^
  File "/home/rcosta00/dev/SmartQuotation/backend/.venv/lib/python3.13/site-packages/django_tenants/test/cases.py", line 76, in sync_shared
    call_command('migrate_schemas',
    ~~~~~~~~~~~~^^^^^^^^^^^^^^^^^^^
                 schema_name=get_public_schema_name(),
                 ^^^^^^^^^^^^^^^^^^^^^^^^^^^^^^^^^^^^^
                 interactive=False,
                 ^^^^^^^^^^^^^^^^^^
                 verbosity=0)
                 ^^^^^^^^^^^^
  File "/home/rcosta00/dev/SmartQuotation/backend/.venv/lib/python3.13/site-packages/django/core/management/__init__.py", line 194, in call_command
    return command.execute(*args, **defaults)
           ~~~~~~~~~~~~~~~^^^^^^^^^^^^^^^^^^^
  File "/home/rcosta00/dev/SmartQuotation/backend/.venv/lib/python3.13/site-packages/django/core/management/base.py", line 460, in execute
    output = self.handle(*args, **options)
  File "/home/rcosta00/dev/SmartQuotation/backend/.venv/lib/python3.13/site-packages/django_tenants/management/commands/migrate_schemas.py", line 66, in handle
    executor.run_migrations(tenants=[self.PUBLIC_SCHEMA_NAME])
    ~~~~~~~~~~~~~~~~~~~~~~~^^^^^^^^^^^^^^^^^^^^^^^^^^^^^^^^^^^
  File "/home/rcosta00/dev/SmartQuotation/backend/.venv/lib/python3.13/site-packages/django_tenants/migration_executors/standard.py", line 11, in run_migrations
    run_migrations(self.args, self.options, self.codename, self.PUBLIC_SCHEMA_NAME)
    ~~~~~~~~~~~~~~^^^^^^^^^^^^^^^^^^^^^^^^^^^^^^^^^^^^^^^^^^^^^^^^^^^^^^^^^^^^^^^^^
  File "/home/rcosta00/dev/SmartQuotation/backend/.venv/lib/python3.13/site-packages/django_tenants/migration_executors/base.py", line 51, in run_migrations
    migration_recorder.ensure_schema()
    ~~~~~~~~~~~~~~~~~~~~~~~~~~~~~~~~^^
  File "/home/rcosta00/dev/SmartQuotation/backend/.venv/lib/python3.13/site-packages/django/db/migrations/recorder.py", line 73, in ensure_schema
    if self.has_table():
       ~~~~~~~~~~~~~~^^
  File "/home/rcosta00/dev/SmartQuotation/backend/.venv/lib/python3.13/site-packages/django/db/migrations/recorder.py", line 63, in has_table
    with self.connection.cursor() as cursor:
         ~~~~~~~~~~~~~~~~~~~~~~^^
  File "/home/rcosta00/dev/SmartQuotation/backend/.venv/lib/python3.13/site-packages/django/utils/asyncio.py", line 26, in inner
    return func(*args, **kwargs)
  File "/home/rcosta00/dev/SmartQuotation/backend/.venv/lib/python3.13/site-packages/django/db/backends/base/base.py", line 320, in cursor
    return self._cursor()
           ~~~~~~~~~~~~^^
  File "/home/rcosta00/dev/SmartQuotation/backend/.venv/lib/python3.13/site-packages/django_tenants/postgresql_backend/base.py", line 144, in _cursor
    cursor = super()._cursor()
  File "/home/rcosta00/dev/SmartQuotation/backend/.venv/lib/python3.13/site-packages/django/db/backends/base/base.py", line 297, in _cursor
    with self.wrap_database_errors:
         ^^^^^^^^^^^^^^^^^^^^^^^^^
  File "/home/rcosta00/dev/SmartQuotation/backend/.venv/lib/python3.13/site-packages/django/db/utils.py", line 91, in __exit__
    raise dj_exc_value.with_traceback(traceback) from exc_value
  File "/home/rcosta00/dev/SmartQuotation/backend/.venv/lib/python3.13/site-packages/django/db/backends/base/base.py", line 298, in _cursor
    return self._prepare_cursor(self.create_cursor(name))
                                ~~~~~~~~~~~~~~~~~~^^^^^^
  File "/home/rcosta00/dev/SmartQuotation/backend/.venv/lib/python3.13/site-packages/django/utils/asyncio.py", line 26, in inner
    return func(*args, **kwargs)
  File "/home/rcosta00/dev/SmartQuotation/backend/.venv/lib/python3.13/site-packages/django/db/backends/postgresql/base.py", line 429, in create_cursor
    cursor = self.connection.cursor()
django.db.utils.InterfaceError: connection already closed

======================================================================
ERROR: setUpClass (apps.tema_templates.tests.PressaoEstaticaTests)
----------------------------------------------------------------------
Traceback (most recent call last):
  File "/home/rcosta00/dev/SmartQuotation/backend/.venv/lib/python3.13/site-packages/django/db/backends/base/base.py", line 298, in _cursor
    return self._prepare_cursor(self.create_cursor(name))
                                ~~~~~~~~~~~~~~~~~~^^^^^^
  File "/home/rcosta00/dev/SmartQuotation/backend/.venv/lib/python3.13/site-packages/django/utils/asyncio.py", line 26, in inner
    return func(*args, **kwargs)
  File "/home/rcosta00/dev/SmartQuotation/backend/.venv/lib/python3.13/site-packages/django/db/backends/postgresql/base.py", line 429, in create_cursor
    cursor = self.connection.cursor()
psycopg2.InterfaceError: connection already closed

The above exception was the direct cause of the following exception:

Traceback (most recent call last):
  File "/home/rcosta00/dev/SmartQuotation/backend/.venv/lib/python3.13/site-packages/django_tenants/test/cases.py", line 34, in setUpClass
    cls.sync_shared()
    ~~~~~~~~~~~~~~~^^
  File "/home/rcosta00/dev/SmartQuotation/backend/.venv/lib/python3.13/site-packages/django_tenants/test/cases.py", line 76, in sync_shared
    call_command('migrate_schemas',
    ~~~~~~~~~~~~^^^^^^^^^^^^^^^^^^^
                 schema_name=get_public_schema_name(),
                 ^^^^^^^^^^^^^^^^^^^^^^^^^^^^^^^^^^^^^
                 interactive=False,
                 ^^^^^^^^^^^^^^^^^^
                 verbosity=0)
                 ^^^^^^^^^^^^
  File "/home/rcosta00/dev/SmartQuotation/backend/.venv/lib/python3.13/site-packages/django/core/management/__init__.py", line 194, in call_command
    return command.execute(*args, **defaults)
           ~~~~~~~~~~~~~~~^^^^^^^^^^^^^^^^^^^
  File "/home/rcosta00/dev/SmartQuotation/backend/.venv/lib/python3.13/site-packages/django/core/management/base.py", line 460, in execute
    output = self.handle(*args, **options)
  File "/home/rcosta00/dev/SmartQuotation/backend/.venv/lib/python3.13/site-packages/django_tenants/management/commands/migrate_schemas.py", line 66, in handle
    executor.run_migrations(tenants=[self.PUBLIC_SCHEMA_NAME])
    ~~~~~~~~~~~~~~~~~~~~~~~^^^^^^^^^^^^^^^^^^^^^^^^^^^^^^^^^^^
  File "/home/rcosta00/dev/SmartQuotation/backend/.venv/lib/python3.13/site-packages/django_tenants/migration_executors/standard.py", line 11, in run_migrations
    run_migrations(self.args, self.options, self.codename, self.PUBLIC_SCHEMA_NAME)
    ~~~~~~~~~~~~~~^^^^^^^^^^^^^^^^^^^^^^^^^^^^^^^^^^^^^^^^^^^^^^^^^^^^^^^^^^^^^^^^^
  File "/home/rcosta00/dev/SmartQuotation/backend/.venv/lib/python3.13/site-packages/django_tenants/migration_executors/base.py", line 51, in run_migrations
    migration_recorder.ensure_schema()
    ~~~~~~~~~~~~~~~~~~~~~~~~~~~~~~~~^^
  File "/home/rcosta00/dev/SmartQuotation/backend/.venv/lib/python3.13/site-packages/django/db/migrations/recorder.py", line 73, in ensure_schema
    if self.has_table():
       ~~~~~~~~~~~~~~^^
  File "/home/rcosta00/dev/SmartQuotation/backend/.venv/lib/python3.13/site-packages/django/db/migrations/recorder.py", line 63, in has_table
    with self.connection.cursor() as cursor:
         ~~~~~~~~~~~~~~~~~~~~~~^^
  File "/home/rcosta00/dev/SmartQuotation/backend/.venv/lib/python3.13/site-packages/django/utils/asyncio.py", line 26, in inner
    return func(*args, **kwargs)
  File "/home/rcosta00/dev/SmartQuotation/backend/.venv/lib/python3.13/site-packages/django/db/backends/base/base.py", line 320, in cursor
    return self._cursor()
           ~~~~~~~~~~~~^^
  File "/home/rcosta00/dev/SmartQuotation/backend/.venv/lib/python3.13/site-packages/django_tenants/postgresql_backend/base.py", line 144, in _cursor
    cursor = super()._cursor()
  File "/home/rcosta00/dev/SmartQuotation/backend/.venv/lib/python3.13/site-packages/django/db/backends/base/base.py", line 297, in _cursor
    with self.wrap_database_errors:
         ^^^^^^^^^^^^^^^^^^^^^^^^^
  File "/home/rcosta00/dev/SmartQuotation/backend/.venv/lib/python3.13/site-packages/django/db/utils.py", line 91, in __exit__
    raise dj_exc_value.with_traceback(traceback) from exc_value
  File "/home/rcosta00/dev/SmartQuotation/backend/.venv/lib/python3.13/site-packages/django/db/backends/base/base.py", line 298, in _cursor
    return self._prepare_cursor(self.create_cursor(name))
                                ~~~~~~~~~~~~~~~~~~^^^^^^
  File "/home/rcosta00/dev/SmartQuotation/backend/.venv/lib/python3.13/site-packages/django/utils/asyncio.py", line 26, in inner
    return func(*args, **kwargs)
  File "/home/rcosta00/dev/SmartQuotation/backend/.venv/lib/python3.13/site-packages/django/db/backends/postgresql/base.py", line 429, in create_cursor
    cursor = self.connection.cursor()
django.db.utils.InterfaceError: connection already closed

======================================================================
ERROR: setUpClass (apps.tema_templates.tests.RTExposicoesTests)
----------------------------------------------------------------------
Traceback (most recent call last):
  File "/home/rcosta00/dev/SmartQuotation/backend/.venv/lib/python3.13/site-packages/django/db/backends/base/base.py", line 298, in _cursor
    return self._prepare_cursor(self.create_cursor(name))
                                ~~~~~~~~~~~~~~~~~~^^^^^^
  File "/home/rcosta00/dev/SmartQuotation/backend/.venv/lib/python3.13/site-packages/django/utils/asyncio.py", line 26, in inner
    return func(*args, **kwargs)
  File "/home/rcosta00/dev/SmartQuotation/backend/.venv/lib/python3.13/site-packages/django/db/backends/postgresql/base.py", line 429, in create_cursor
    cursor = self.connection.cursor()
psycopg2.InterfaceError: connection already closed

The above exception was the direct cause of the following exception:

Traceback (most recent call last):
  File "/home/rcosta00/dev/SmartQuotation/backend/.venv/lib/python3.13/site-packages/django_tenants/test/cases.py", line 34, in setUpClass
    cls.sync_shared()
    ~~~~~~~~~~~~~~~^^
  File "/home/rcosta00/dev/SmartQuotation/backend/.venv/lib/python3.13/site-packages/django_tenants/test/cases.py", line 76, in sync_shared
    call_command('migrate_schemas',
    ~~~~~~~~~~~~^^^^^^^^^^^^^^^^^^^
                 schema_name=get_public_schema_name(),
                 ^^^^^^^^^^^^^^^^^^^^^^^^^^^^^^^^^^^^^
                 interactive=False,
                 ^^^^^^^^^^^^^^^^^^
                 verbosity=0)
                 ^^^^^^^^^^^^
  File "/home/rcosta00/dev/SmartQuotation/backend/.venv/lib/python3.13/site-packages/django/core/management/__init__.py", line 194, in call_command
    return command.execute(*args, **defaults)
           ~~~~~~~~~~~~~~~^^^^^^^^^^^^^^^^^^^
  File "/home/rcosta00/dev/SmartQuotation/backend/.venv/lib/python3.13/site-packages/django/core/management/base.py", line 460, in execute
    output = self.handle(*args, **options)
  File "/home/rcosta00/dev/SmartQuotation/backend/.venv/lib/python3.13/site-packages/django_tenants/management/commands/migrate_schemas.py", line 66, in handle
    executor.run_migrations(tenants=[self.PUBLIC_SCHEMA_NAME])
    ~~~~~~~~~~~~~~~~~~~~~~~^^^^^^^^^^^^^^^^^^^^^^^^^^^^^^^^^^^
  File "/home/rcosta00/dev/SmartQuotation/backend/.venv/lib/python3.13/site-packages/django_tenants/migration_executors/standard.py", line 11, in run_migrations
    run_migrations(self.args, self.options, self.codename, self.PUBLIC_SCHEMA_NAME)
    ~~~~~~~~~~~~~~^^^^^^^^^^^^^^^^^^^^^^^^^^^^^^^^^^^^^^^^^^^^^^^^^^^^^^^^^^^^^^^^^
  File "/home/rcosta00/dev/SmartQuotation/backend/.venv/lib/python3.13/site-packages/django_tenants/migration_executors/base.py", line 51, in run_migrations
    migration_recorder.ensure_schema()
    ~~~~~~~~~~~~~~~~~~~~~~~~~~~~~~~~^^
  File "/home/rcosta00/dev/SmartQuotation/backend/.venv/lib/python3.13/site-packages/django/db/migrations/recorder.py", line 73, in ensure_schema
    if self.has_table():
       ~~~~~~~~~~~~~~^^
  File "/home/rcosta00/dev/SmartQuotation/backend/.venv/lib/python3.13/site-packages/django/db/migrations/recorder.py", line 63, in has_table
    with self.connection.cursor() as cursor:
         ~~~~~~~~~~~~~~~~~~~~~~^^
  File "/home/rcosta00/dev/SmartQuotation/backend/.venv/lib/python3.13/site-packages/django/utils/asyncio.py", line 26, in inner
    return func(*args, **kwargs)
  File "/home/rcosta00/dev/SmartQuotation/backend/.venv/lib/python3.13/site-packages/django/db/backends/base/base.py", line 320, in cursor
    return self._cursor()
           ~~~~~~~~~~~~^^
  File "/home/rcosta00/dev/SmartQuotation/backend/.venv/lib/python3.13/site-packages/django_tenants/postgresql_backend/base.py", line 144, in _cursor
    cursor = super()._cursor()
  File "/home/rcosta00/dev/SmartQuotation/backend/.venv/lib/python3.13/site-packages/django/db/backends/base/base.py", line 297, in _cursor
    with self.wrap_database_errors:
         ^^^^^^^^^^^^^^^^^^^^^^^^^
  File "/home/rcosta00/dev/SmartQuotation/backend/.venv/lib/python3.13/site-packages/django/db/utils.py", line 91, in __exit__
    raise dj_exc_value.with_traceback(traceback) from exc_value
  File "/home/rcosta00/dev/SmartQuotation/backend/.venv/lib/python3.13/site-packages/django/db/backends/base/base.py", line 298, in _cursor
    return self._prepare_cursor(self.create_cursor(name))
                                ~~~~~~~~~~~~~~~~~~^^^^^^
  File "/home/rcosta00/dev/SmartQuotation/backend/.venv/lib/python3.13/site-packages/django/utils/asyncio.py", line 26, in inner
    return func(*args, **kwargs)
  File "/home/rcosta00/dev/SmartQuotation/backend/.venv/lib/python3.13/site-packages/django/db/backends/postgresql/base.py", line 429, in create_cursor
    cursor = self.connection.cursor()
django.db.utils.InterfaceError: connection already closed

======================================================================
ERROR: setUpClass (apps.tema_templates.tests.SeedCatalogTests)
----------------------------------------------------------------------
Traceback (most recent call last):
  File "/home/rcosta00/dev/SmartQuotation/backend/.venv/lib/python3.13/site-packages/django/db/backends/base/base.py", line 298, in _cursor
    return self._prepare_cursor(self.create_cursor(name))
                                ~~~~~~~~~~~~~~~~~~^^^^^^
  File "/home/rcosta00/dev/SmartQuotation/backend/.venv/lib/python3.13/site-packages/django/utils/asyncio.py", line 26, in inner
    return func(*args, **kwargs)
  File "/home/rcosta00/dev/SmartQuotation/backend/.venv/lib/python3.13/site-packages/django/db/backends/postgresql/base.py", line 429, in create_cursor
    cursor = self.connection.cursor()
psycopg2.InterfaceError: connection already closed

The above exception was the direct cause of the following exception:

Traceback (most recent call last):
  File "/home/rcosta00/dev/SmartQuotation/backend/.venv/lib/python3.13/site-packages/django_tenants/test/cases.py", line 34, in setUpClass
    cls.sync_shared()
    ~~~~~~~~~~~~~~~^^
  File "/home/rcosta00/dev/SmartQuotation/backend/.venv/lib/python3.13/site-packages/django_tenants/test/cases.py", line 76, in sync_shared
    call_command('migrate_schemas',
    ~~~~~~~~~~~~^^^^^^^^^^^^^^^^^^^
                 schema_name=get_public_schema_name(),
                 ^^^^^^^^^^^^^^^^^^^^^^^^^^^^^^^^^^^^^
                 interactive=False,
                 ^^^^^^^^^^^^^^^^^^
                 verbosity=0)
                 ^^^^^^^^^^^^
  File "/home/rcosta00/dev/SmartQuotation/backend/.venv/lib/python3.13/site-packages/django/core/management/__init__.py", line 194, in call_command
    return command.execute(*args, **defaults)
           ~~~~~~~~~~~~~~~^^^^^^^^^^^^^^^^^^^
  File "/home/rcosta00/dev/SmartQuotation/backend/.venv/lib/python3.13/site-packages/django/core/management/base.py", line 460, in execute
    output = self.handle(*args, **options)
  File "/home/rcosta00/dev/SmartQuotation/backend/.venv/lib/python3.13/site-packages/django_tenants/management/commands/migrate_schemas.py", line 66, in handle
    executor.run_migrations(tenants=[self.PUBLIC_SCHEMA_NAME])
    ~~~~~~~~~~~~~~~~~~~~~~~^^^^^^^^^^^^^^^^^^^^^^^^^^^^^^^^^^^
  File "/home/rcosta00/dev/SmartQuotation/backend/.venv/lib/python3.13/site-packages/django_tenants/migration_executors/standard.py", line 11, in run_migrations
    run_migrations(self.args, self.options, self.codename, self.PUBLIC_SCHEMA_NAME)
    ~~~~~~~~~~~~~~^^^^^^^^^^^^^^^^^^^^^^^^^^^^^^^^^^^^^^^^^^^^^^^^^^^^^^^^^^^^^^^^^
  File "/home/rcosta00/dev/SmartQuotation/backend/.venv/lib/python3.13/site-packages/django_tenants/migration_executors/base.py", line 51, in run_migrations
    migration_recorder.ensure_schema()
    ~~~~~~~~~~~~~~~~~~~~~~~~~~~~~~~~^^
  File "/home/rcosta00/dev/SmartQuotation/backend/.venv/lib/python3.13/site-packages/django/db/migrations/recorder.py", line 73, in ensure_schema
    if self.has_table():
       ~~~~~~~~~~~~~~^^
  File "/home/rcosta00/dev/SmartQuotation/backend/.venv/lib/python3.13/site-packages/django/db/migrations/recorder.py", line 63, in has_table
    with self.connection.cursor() as cursor:
         ~~~~~~~~~~~~~~~~~~~~~~^^
  File "/home/rcosta00/dev/SmartQuotation/backend/.venv/lib/python3.13/site-packages/django/utils/asyncio.py", line 26, in inner
    return func(*args, **kwargs)
  File "/home/rcosta00/dev/SmartQuotation/backend/.venv/lib/python3.13/site-packages/django/db/backends/base/base.py", line 320, in cursor
    return self._cursor()
           ~~~~~~~~~~~~^^
  File "/home/rcosta00/dev/SmartQuotation/backend/.venv/lib/python3.13/site-packages/django_tenants/postgresql_backend/base.py", line 144, in _cursor
    cursor = super()._cursor()
  File "/home/rcosta00/dev/SmartQuotation/backend/.venv/lib/python3.13/site-packages/django/db/backends/base/base.py", line 297, in _cursor
    with self.wrap_database_errors:
         ^^^^^^^^^^^^^^^^^^^^^^^^^
  File "/home/rcosta00/dev/SmartQuotation/backend/.venv/lib/python3.13/site-packages/django/db/utils.py", line 91, in __exit__
    raise dj_exc_value.with_traceback(traceback) from exc_value
  File "/home/rcosta00/dev/SmartQuotation/backend/.venv/lib/python3.13/site-packages/django/db/backends/base/base.py", line 298, in _cursor
    return self._prepare_cursor(self.create_cursor(name))
                                ~~~~~~~~~~~~~~~~~~^^^^^^
  File "/home/rcosta00/dev/SmartQuotation/backend/.venv/lib/python3.13/site-packages/django/utils/asyncio.py", line 26, in inner
    return func(*args, **kwargs)
  File "/home/rcosta00/dev/SmartQuotation/backend/.venv/lib/python3.13/site-packages/django/db/backends/postgresql/base.py", line 429, in create_cursor
    cursor = self.connection.cursor()
django.db.utils.InterfaceError: connection already closed

======================================================================
ERROR: setUpClass (apps.tema_templates.tests.SeedComponentOperationsTests)
----------------------------------------------------------------------
Traceback (most recent call last):
  File "/home/rcosta00/dev/SmartQuotation/backend/.venv/lib/python3.13/site-packages/django/db/backends/base/base.py", line 298, in _cursor
    return self._prepare_cursor(self.create_cursor(name))
                                ~~~~~~~~~~~~~~~~~~^^^^^^
  File "/home/rcosta00/dev/SmartQuotation/backend/.venv/lib/python3.13/site-packages/django/utils/asyncio.py", line 26, in inner
    return func(*args, **kwargs)
  File "/home/rcosta00/dev/SmartQuotation/backend/.venv/lib/python3.13/site-packages/django/db/backends/postgresql/base.py", line 429, in create_cursor
    cursor = self.connection.cursor()
psycopg2.InterfaceError: connection already closed

The above exception was the direct cause of the following exception:

Traceback (most recent call last):
  File "/home/rcosta00/dev/SmartQuotation/backend/.venv/lib/python3.13/site-packages/django_tenants/test/cases.py", line 34, in setUpClass
    cls.sync_shared()
    ~~~~~~~~~~~~~~~^^
  File "/home/rcosta00/dev/SmartQuotation/backend/.venv/lib/python3.13/site-packages/django_tenants/test/cases.py", line 76, in sync_shared
    call_command('migrate_schemas',
    ~~~~~~~~~~~~^^^^^^^^^^^^^^^^^^^
                 schema_name=get_public_schema_name(),
                 ^^^^^^^^^^^^^^^^^^^^^^^^^^^^^^^^^^^^^
                 interactive=False,
                 ^^^^^^^^^^^^^^^^^^
                 verbosity=0)
                 ^^^^^^^^^^^^
  File "/home/rcosta00/dev/SmartQuotation/backend/.venv/lib/python3.13/site-packages/django/core/management/__init__.py", line 194, in call_command
    return command.execute(*args, **defaults)
           ~~~~~~~~~~~~~~~^^^^^^^^^^^^^^^^^^^
  File "/home/rcosta00/dev/SmartQuotation/backend/.venv/lib/python3.13/site-packages/django/core/management/base.py", line 460, in execute
    output = self.handle(*args, **options)
  File "/home/rcosta00/dev/SmartQuotation/backend/.venv/lib/python3.13/site-packages/django_tenants/management/commands/migrate_schemas.py", line 66, in handle
    executor.run_migrations(tenants=[self.PUBLIC_SCHEMA_NAME])
    ~~~~~~~~~~~~~~~~~~~~~~~^^^^^^^^^^^^^^^^^^^^^^^^^^^^^^^^^^^
  File "/home/rcosta00/dev/SmartQuotation/backend/.venv/lib/python3.13/site-packages/django_tenants/migration_executors/standard.py", line 11, in run_migrations
    run_migrations(self.args, self.options, self.codename, self.PUBLIC_SCHEMA_NAME)
    ~~~~~~~~~~~~~~^^^^^^^^^^^^^^^^^^^^^^^^^^^^^^^^^^^^^^^^^^^^^^^^^^^^^^^^^^^^^^^^^
  File "/home/rcosta00/dev/SmartQuotation/backend/.venv/lib/python3.13/site-packages/django_tenants/migration_executors/base.py", line 51, in run_migrations
    migration_recorder.ensure_schema()
    ~~~~~~~~~~~~~~~~~~~~~~~~~~~~~~~~^^
  File "/home/rcosta00/dev/SmartQuotation/backend/.venv/lib/python3.13/site-packages/django/db/migrations/recorder.py", line 73, in ensure_schema
    if self.has_table():
       ~~~~~~~~~~~~~~^^
  File "/home/rcosta00/dev/SmartQuotation/backend/.venv/lib/python3.13/site-packages/django/db/migrations/recorder.py", line 63, in has_table
    with self.connection.cursor() as cursor:
         ~~~~~~~~~~~~~~~~~~~~~~^^
  File "/home/rcosta00/dev/SmartQuotation/backend/.venv/lib/python3.13/site-packages/django/utils/asyncio.py", line 26, in inner
    return func(*args, **kwargs)
  File "/home/rcosta00/dev/SmartQuotation/backend/.venv/lib/python3.13/site-packages/django/db/backends/base/base.py", line 320, in cursor
    return self._cursor()
           ~~~~~~~~~~~~^^
  File "/home/rcosta00/dev/SmartQuotation/backend/.venv/lib/python3.13/site-packages/django_tenants/postgresql_backend/base.py", line 144, in _cursor
    cursor = super()._cursor()
  File "/home/rcosta00/dev/SmartQuotation/backend/.venv/lib/python3.13/site-packages/django/db/backends/base/base.py", line 297, in _cursor
    with self.wrap_database_errors:
         ^^^^^^^^^^^^^^^^^^^^^^^^^
  File "/home/rcosta00/dev/SmartQuotation/backend/.venv/lib/python3.13/site-packages/django/db/utils.py", line 91, in __exit__
    raise dj_exc_value.with_traceback(traceback) from exc_value
  File "/home/rcosta00/dev/SmartQuotation/backend/.venv/lib/python3.13/site-packages/django/db/backends/base/base.py", line 298, in _cursor
    return self._prepare_cursor(self.create_cursor(name))
                                ~~~~~~~~~~~~~~~~~~^^^^^^
  File "/home/rcosta00/dev/SmartQuotation/backend/.venv/lib/python3.13/site-packages/django/utils/asyncio.py", line 26, in inner
    return func(*args, **kwargs)
  File "/home/rcosta00/dev/SmartQuotation/backend/.venv/lib/python3.13/site-packages/django/db/backends/postgresql/base.py", line 429, in create_cursor
    cursor = self.connection.cursor()
django.db.utils.InterfaceError: connection already closed

======================================================================
ERROR: setUpClass (apps.quotations.tests.ItemOperationMigrationTests)
----------------------------------------------------------------------
Traceback (most recent call last):
  File "/home/rcosta00/dev/SmartQuotation/backend/.venv/lib/python3.13/site-packages/django/db/backends/base/base.py", line 298, in _cursor
    return self._prepare_cursor(self.create_cursor(name))
                                ~~~~~~~~~~~~~~~~~~^^^^^^
  File "/home/rcosta00/dev/SmartQuotation/backend/.venv/lib/python3.13/site-packages/django/utils/asyncio.py", line 26, in inner
    return func(*args, **kwargs)
  File "/home/rcosta00/dev/SmartQuotation/backend/.venv/lib/python3.13/site-packages/django/db/backends/postgresql/base.py", line 429, in create_cursor
    cursor = self.connection.cursor()
psycopg2.InterfaceError: connection already closed

The above exception was the direct cause of the following exception:

Traceback (most recent call last):
  File "/home/rcosta00/dev/SmartQuotation/backend/apps/quotations/tests.py", line 23, in setUpClass
    call_command("migrate_schemas", schema_name=get_public_schema_name(), interactive=False, verbosity=0)
    ~~~~~~~~~~~~^^^^^^^^^^^^^^^^^^^^^^^^^^^^^^^^^^^^^^^^^^^^^^^^^^^^^^^^^^^^^^^^^^^^^^^^^^^^^^^^^^^^^^^^^
  File "/home/rcosta00/dev/SmartQuotation/backend/.venv/lib/python3.13/site-packages/django/core/management/__init__.py", line 194, in call_command
    return command.execute(*args, **defaults)
           ~~~~~~~~~~~~~~~^^^^^^^^^^^^^^^^^^^
  File "/home/rcosta00/dev/SmartQuotation/backend/.venv/lib/python3.13/site-packages/django/core/management/base.py", line 460, in execute
    output = self.handle(*args, **options)
  File "/home/rcosta00/dev/SmartQuotation/backend/.venv/lib/python3.13/site-packages/django_tenants/management/commands/migrate_schemas.py", line 66, in handle
    executor.run_migrations(tenants=[self.PUBLIC_SCHEMA_NAME])
    ~~~~~~~~~~~~~~~~~~~~~~~^^^^^^^^^^^^^^^^^^^^^^^^^^^^^^^^^^^
  File "/home/rcosta00/dev/SmartQuotation/backend/.venv/lib/python3.13/site-packages/django_tenants/migration_executors/standard.py", line 11, in run_migrations
    run_migrations(self.args, self.options, self.codename, self.PUBLIC_SCHEMA_NAME)
    ~~~~~~~~~~~~~~^^^^^^^^^^^^^^^^^^^^^^^^^^^^^^^^^^^^^^^^^^^^^^^^^^^^^^^^^^^^^^^^^
  File "/home/rcosta00/dev/SmartQuotation/backend/.venv/lib/python3.13/site-packages/django_tenants/migration_executors/base.py", line 51, in run_migrations
    migration_recorder.ensure_schema()
    ~~~~~~~~~~~~~~~~~~~~~~~~~~~~~~~~^^
  File "/home/rcosta00/dev/SmartQuotation/backend/.venv/lib/python3.13/site-packages/django/db/migrations/recorder.py", line 73, in ensure_schema
    if self.has_table():
       ~~~~~~~~~~~~~~^^
  File "/home/rcosta00/dev/SmartQuotation/backend/.venv/lib/python3.13/site-packages/django/db/migrations/recorder.py", line 63, in has_table
    with self.connection.cursor() as cursor:
         ~~~~~~~~~~~~~~~~~~~~~~^^
  File "/home/rcosta00/dev/SmartQuotation/backend/.venv/lib/python3.13/site-packages/django/utils/asyncio.py", line 26, in inner
    return func(*args, **kwargs)
  File "/home/rcosta00/dev/SmartQuotation/backend/.venv/lib/python3.13/site-packages/django/db/backends/base/base.py", line 320, in cursor
    return self._cursor()
           ~~~~~~~~~~~~^^
  File "/home/rcosta00/dev/SmartQuotation/backend/.venv/lib/python3.13/site-packages/django_tenants/postgresql_backend/base.py", line 144, in _cursor
    cursor = super()._cursor()
  File "/home/rcosta00/dev/SmartQuotation/backend/.venv/lib/python3.13/site-packages/django/db/backends/base/base.py", line 297, in _cursor
    with self.wrap_database_errors:
         ^^^^^^^^^^^^^^^^^^^^^^^^^
  File "/home/rcosta00/dev/SmartQuotation/backend/.venv/lib/python3.13/site-packages/django/db/utils.py", line 91, in __exit__
    raise dj_exc_value.with_traceback(traceback) from exc_value
  File "/home/rcosta00/dev/SmartQuotation/backend/.venv/lib/python3.13/site-packages/django/db/backends/base/base.py", line 298, in _cursor
    return self._prepare_cursor(self.create_cursor(name))
                                ~~~~~~~~~~~~~~~~~~^^^^^^
  File "/home/rcosta00/dev/SmartQuotation/backend/.venv/lib/python3.13/site-packages/django/utils/asyncio.py", line 26, in inner
    return func(*args, **kwargs)
  File "/home/rcosta00/dev/SmartQuotation/backend/.venv/lib/python3.13/site-packages/django/db/backends/postgresql/base.py", line 429, in create_cursor
    cursor = self.connection.cursor()
django.db.utils.InterfaceError: connection already closed

======================================================================
ERROR: setUpClass (apps.quotations.tests.PricingBasisMigrationTests)
----------------------------------------------------------------------
Traceback (most recent call last):
  File "/home/rcosta00/dev/SmartQuotation/backend/.venv/lib/python3.13/site-packages/django/db/backends/base/base.py", line 298, in _cursor
    return self._prepare_cursor(self.create_cursor(name))
                                ~~~~~~~~~~~~~~~~~~^^^^^^
  File "/home/rcosta00/dev/SmartQuotation/backend/.venv/lib/python3.13/site-packages/django/utils/asyncio.py", line 26, in inner
    return func(*args, **kwargs)
  File "/home/rcosta00/dev/SmartQuotation/backend/.venv/lib/python3.13/site-packages/django/db/backends/postgresql/base.py", line 429, in create_cursor
    cursor = self.connection.cursor()
psycopg2.InterfaceError: connection already closed

The above exception was the direct cause of the following exception:

Traceback (most recent call last):
  File "/home/rcosta00/dev/SmartQuotation/backend/apps/quotations/tests.py", line 23, in setUpClass
    call_command("migrate_schemas", schema_name=get_public_schema_name(), interactive=False, verbosity=0)
    ~~~~~~~~~~~~^^^^^^^^^^^^^^^^^^^^^^^^^^^^^^^^^^^^^^^^^^^^^^^^^^^^^^^^^^^^^^^^^^^^^^^^^^^^^^^^^^^^^^^^^
  File "/home/rcosta00/dev/SmartQuotation/backend/.venv/lib/python3.13/site-packages/django/core/management/__init__.py", line 194, in call_command
    return command.execute(*args, **defaults)
           ~~~~~~~~~~~~~~~^^^^^^^^^^^^^^^^^^^
  File "/home/rcosta00/dev/SmartQuotation/backend/.venv/lib/python3.13/site-packages/django/core/management/base.py", line 460, in execute
    output = self.handle(*args, **options)
  File "/home/rcosta00/dev/SmartQuotation/backend/.venv/lib/python3.13/site-packages/django_tenants/management/commands/migrate_schemas.py", line 66, in handle
    executor.run_migrations(tenants=[self.PUBLIC_SCHEMA_NAME])
    ~~~~~~~~~~~~~~~~~~~~~~~^^^^^^^^^^^^^^^^^^^^^^^^^^^^^^^^^^^
  File "/home/rcosta00/dev/SmartQuotation/backend/.venv/lib/python3.13/site-packages/django_tenants/migration_executors/standard.py", line 11, in run_migrations
    run_migrations(self.args, self.options, self.codename, self.PUBLIC_SCHEMA_NAME)
    ~~~~~~~~~~~~~~^^^^^^^^^^^^^^^^^^^^^^^^^^^^^^^^^^^^^^^^^^^^^^^^^^^^^^^^^^^^^^^^^
  File "/home/rcosta00/dev/SmartQuotation/backend/.venv/lib/python3.13/site-packages/django_tenants/migration_executors/base.py", line 51, in run_migrations
    migration_recorder.ensure_schema()
    ~~~~~~~~~~~~~~~~~~~~~~~~~~~~~~~~^^
  File "/home/rcosta00/dev/SmartQuotation/backend/.venv/lib/python3.13/site-packages/django/db/migrations/recorder.py", line 73, in ensure_schema
    if self.has_table():
       ~~~~~~~~~~~~~~^^
  File "/home/rcosta00/dev/SmartQuotation/backend/.venv/lib/python3.13/site-packages/django/db/migrations/recorder.py", line 63, in has_table
    with self.connection.cursor() as cursor:
         ~~~~~~~~~~~~~~~~~~~~~~^^
  File "/home/rcosta00/dev/SmartQuotation/backend/.venv/lib/python3.13/site-packages/django/utils/asyncio.py", line 26, in inner
    return func(*args, **kwargs)
  File "/home/rcosta00/dev/SmartQuotation/backend/.venv/lib/python3.13/site-packages/django/db/backends/base/base.py", line 320, in cursor
    return self._cursor()
           ~~~~~~~~~~~~^^
  File "/home/rcosta00/dev/SmartQuotation/backend/.venv/lib/python3.13/site-packages/django_tenants/postgresql_backend/base.py", line 144, in _cursor
    cursor = super()._cursor()
  File "/home/rcosta00/dev/SmartQuotation/backend/.venv/lib/python3.13/site-packages/django/db/backends/base/base.py", line 297, in _cursor
    with self.wrap_database_errors:
         ^^^^^^^^^^^^^^^^^^^^^^^^^
  File "/home/rcosta00/dev/SmartQuotation/backend/.venv/lib/python3.13/site-packages/django/db/utils.py", line 91, in __exit__
    raise dj_exc_value.with_traceback(traceback) from exc_value
  File "/home/rcosta00/dev/SmartQuotation/backend/.venv/lib/python3.13/site-packages/django/db/backends/base/base.py", line 298, in _cursor
    return self._prepare_cursor(self.create_cursor(name))
                                ~~~~~~~~~~~~~~~~~~^^^^^^
  File "/home/rcosta00/dev/SmartQuotation/backend/.venv/lib/python3.13/site-packages/django/utils/asyncio.py", line 26, in inner
    return func(*args, **kwargs)
  File "/home/rcosta00/dev/SmartQuotation/backend/.venv/lib/python3.13/site-packages/django/db/backends/postgresql/base.py", line 429, in create_cursor
    cursor = self.connection.cursor()
django.db.utils.InterfaceError: connection already closed

----------------------------------------------------------------------
Ran 123 tests in 279.307s

FAILED (errors=146)
Destroying test database for alias 'default'...
Found 874 test(s).
System check identified no issues (0 silenced).
